scope;kind;label;permission_name;permission_id;datastore_name;datastore_id;offering_name;offering_id;endpoint_name;endpoint_id;service_type;requested_start;requested_end;duration_days;coverage_status;period_index;period_start;period_end;hits;data_transfer
producer;endpoint;Diffusion ep-68f1b · IGN_Recette;;;IGN_Recette;ds-79361f7e-71dd-4b77-952f-4047eeade1b0;;;Diffusion ep-68f1b;ep-68f1bc04-4bdb-4f4b-a16c-48bca70841b7;WMS-VECTOR;2026-08-23T00:00:00.000Z;2026-09-22T00:00:00.000Z;30;complete_coverage;1;2026-08-23T00:00:00.000Z;2026-08-23T23:59:59.000Z;16;1328
producer;endpoint;Diffusion ep-68f1b · IGN_Recette;;;IGN_Recette;ds-79361f7e-71dd-4b77-952f-4047eeade1b0;;;Diffusion ep-68f1b;ep-68f1bc04-4bdb-4f4b-a16c-48bca70841b7;WMS-VECTOR;2026-08-23T00:00:00.000Z;2026-09-22T00:00:00.000Z;30;complete_coverage;2;2026-08-24T00:00:00.000Z;2026-08-24T23:59:59.000Z;16;1888
producer;endpoint;Diffusion ep-68f1b · IGN_Recette;;;IGN_Recette;ds-79361f7e-71dd-4b77-952f-4047eeade1b0;;;Diffusion ep-68f1b;ep-68f1bc04-4bdb-4f4b-a16c-48bca70841b7;WMS-VECTOR;2026-08-23T00:00:00.000Z;2026-09-22T00:00:00.000Z;30;complete_coverage;3;2026-08-25T00:00:00.000Z;2026-08-25T23:59:59.000Z;16;5520
producer;endpoint;Diffusion ep-68f1b · IGN_Recette;;;IGN_Recette;ds-79361f7e-71dd-4b77-952f-4047eeade1b0;;;Diffusion ep-68f1b;ep-68f1bc04-4bdb-4f4b-a16c-48bca70841b7;WMS-VECTOR;2026-08-23T00:00:00.000Z;2026-09-22T00:00:00.000Z;30;complete_coverage;4;2026-08-26T00:00:00.000Z;2026-08-26T23:59:59.000Z;8;904
producer;endpoint;Diffusion ep-68f1b · IGN_Recette;;;IGN_Recette;ds-79361f7e-71dd-4b77-952f-4047eeade1b0;;;Diffusion ep-68f1b;ep-68f1bc04-4bdb-4f4b-a16c-48bca70841b7;WMS-VECTOR;2026-08-23T00:00:00.000Z;2026-09-22T00:00:00.000Z;30;complete_coverage;5;2026-08-27T00:00:00.000Z;2026-08-27T23:59:59.000Z;17;5338
producer;endpoint;Diffusion ep-68f1b · IGN_Recette;;;IGN_Recette;ds-79361f7e-71dd-4b77-952f-4047eeade1b0;;;Diffusion ep-68f1b;ep-68f1bc04-4bdb-4f4b-a16c-48bca70841b7;WMS-VECTOR;2026-08-23T00:00:00.000Z;2026-09-22T00:00:00.000Z;30;complete_coverage;6;2026-08-28T00:00:00.000Z;2026-08-28T23:59:59.000Z;14;1540
producer;endpoint;Diffusion ep-68f1b · IGN_Recette;;;IGN_Recette;ds-79361f7e-71dd-4b77-952f-4047eeade1b0;;;Diffusion ep-68f1b;ep-68f1bc04-4bdb-4f4b-a16c-48bca70841b7;WMS-VECTOR;2026-08-23T00:00:00.000Z;2026-09-22T00:00:00.000Z;30;complete_coverage;7;2026-08-29T00:00:00.000Z;2026-08-29T23:59:59.000Z;16;6176
producer;endpoint;Diffusion ep-68f1b · IGN_Recette;;;IGN_Recette;ds-79361f7e-71dd-4b77-952f-4047eeade1b0;;;Diffusion ep-68f1b;ep-68f1bc04-4bdb-4f4b-a16c-48bca70841b7;WMS-VECTOR;2026-08-23T00:00:00.000Z;2026-09-22T00:00:00.000Z;30;complete_coverage;8;2026-08-30T00:00:00.000Z;2026-08-30T23:59:59.000Z;11;1727
producer;endpoint;Diffusion ep-68f1b · IGN_Recette;;;IGN_Recette;ds-79361f7e-71dd-4b77-952f-4047eeade1b0;;;Diffusion ep-68f1b;ep-68f1bc04-4bdb-4f4b-a16c-48bca70841b7;WMS-VECTOR;2026-08-23T00:00:00.000Z;2026-09-22T00:00:00.000Z;30;complete_coverage;9;2026-08-31T00:00:00.000Z;2026-08-31T23:59:59.000Z;16;5552
producer;endpoint;Diffusion ep-68f1b · IGN_Recette;;;IGN_Recette;ds-79361f7e-71dd-4b77-952f-4047eeade1b0;;;Diffusion ep-68f1b;ep-68f1bc04-4bdb-4f4b-a16c-48bca70841b7;WMS-VECTOR;2026-08-23T00:00:00.000Z;2026-09-22T00:00:00.000Z;30;complete_coverage;10;2026-09-01T00:00:00.000Z;2026-09-01T23:59:59.000Z;9;3204
producer;endpoint;Diffusion ep-68f1b · IGN_Recette;;;IGN_Recette;ds-79361f7e-71dd-4b77-952f-4047eeade1b0;;;Diffusion ep-68f1b;ep-68f1bc04-4bdb-4f4b-a16c-48bca70841b7;WMS-VECTOR;2026-08-23T00:00:00.000Z;2026-09-22T00:00:00.000Z;30;complete_coverage;11;2026-09-02T00:00:00.000Z;2026-09-02T23:59:59.000Z;11;3058
producer;endpoint;Diffusion ep-68f1b · IGN_Recette;;;IGN_Recette;ds-79361f7e-71dd-4b77-952f-4047eeade1b0;;;Diffusion ep-68f1b;ep-68f1bc04-4bdb-4f4b-a16c-48bca70841b7;WMS-VECTOR;2026-08-23T00:00:00.000Z;2026-09-22T00:00:00.000Z;30;complete_coverage;12;2026-09-03T00:00:00.000Z;2026-09-03T23:59:59.000Z;10;2280
producer;endpoint;Diffusion ep-68f1b · IGN_Recette;;;IGN_Recette;ds-79361f7e-71dd-4b77-952f-4047eeade1b0;;;Diffusion ep-68f1b;ep-68f1bc04-4bdb-4f4b-a16c-48bca70841b7;WMS-VECTOR;2026-08-23T00:00:00.000Z;2026-09-22T00:00:00.000Z;30;complete_coverage;13;2026-09-04T00:00:00.000Z;2026-09-04T23:59:59.000Z;12;2868
producer;endpoint;Diffusion ep-68f1b · IGN_Recette;;;IGN_Recette;ds-79361f7e-71dd-4b77-952f-4047eeade1b0;;;Diffusion ep-68f1b;ep-68f1bc04-4bdb-4f4b-a16c-48bca70841b7;WMS-VECTOR;2026-08-23T00:00:00.000Z;2026-09-22T00:00:00.000Z;30;complete_coverage;14;2026-09-05T00:00:00.000Z;2026-09-05T23:59:59.000Z;9;2520
producer;endpoint;Diffusion ep-68f1b · IGN_Recette;;;IGN_Recette;ds-79361f7e-71dd-4b77-952f-4047eeade1b0;;;Diffusion ep-68f1b;ep-68f1bc04-4bdb-4f4b-a16c-48bca70841b7;WMS-VECTOR;2026-08-23T00:00:00.000Z;2026-09-22T00:00:00.000Z;30;complete_coverage;15;2026-09-06T00:00:00.000Z;2026-09-06T23:59:59.000Z;13;1456
producer;endpoint;Diffusion ep-68f1b · IGN_Recette;;;IGN_Recette;ds-79361f7e-71dd-4b77-952f-4047eeade1b0;;;Diffusion ep-68f1b;ep-68f1bc04-4bdb-4f4b-a16c-48bca70841b7;WMS-VECTOR;2026-08-23T00:00:00.000Z;2026-09-22T00:00:00.000Z;30;complete_coverage;16;2026-09-07T00:00:00.000Z;2026-09-07T23:59:59.000Z;9;1260
producer;endpoint;Diffusion ep-68f1b · IGN_Recette;;;IGN_Recette;ds-79361f7e-71dd-4b77-952f-4047eeade1b0;;;Diffusion ep-68f1b;ep-68f1bc04-4bdb-4f4b-a16c-48bca70841b7;WMS-VECTOR;2026-08-23T00:00:00.000Z;2026-09-22T00:00:00.000Z;30;complete_coverage;17;2026-09-08T00:00:00.000Z;2026-09-08T23:59:59.000Z;14;3346
producer;endpoint;Diffusion ep-68f1b · IGN_Recette;;;IGN_Recette;ds-79361f7e-71dd-4b77-952f-4047eeade1b0;;;Diffusion ep-68f1b;ep-68f1bc04-4bdb-4f4b-a16c-48bca70841b7;WMS-VECTOR;2026-08-23T00:00:00.000Z;2026-09-22T00:00:00.000Z;30;complete_coverage;18;2026-09-09T00:00:00.000Z;2026-09-09T23:59:59.000Z;15;2775
producer;endpoint;Diffusion ep-68f1b · IGN_Recette;;;IGN_Recette;ds-79361f7e-71dd-4b77-952f-4047eeade1b0;;;Diffusion ep-68f1b;ep-68f1bc04-4bdb-4f4b-a16c-48bca70841b7;WMS-VECTOR;2026-08-23T00:00:00.000Z;2026-09-22T00:00:00.000Z;30;complete_coverage;19;2026-09-10T00:00:00.000Z;2026-09-10T23:59:59.000Z;11;1265
producer;endpoint;Diffusion ep-68f1b · IGN_Recette;;;IGN_Recette;ds-79361f7e-71dd-4b77-952f-4047eeade1b0;;;Diffusion ep-68f1b;ep-68f1bc04-4bdb-4f4b-a16c-48bca70841b7;WMS-VECTOR;2026-08-23T00:00:00.000Z;2026-09-22T00:00:00.000Z;30;complete_coverage;20;2026-09-11T00:00:00.000Z;2026-09-11T23:59:59.000Z;13;2899
producer;endpoint;Diffusion ep-68f1b · IGN_Recette;;;IGN_Recette;ds-79361f7e-71dd-4b77-952f-4047eeade1b0;;;Diffusion ep-68f1b;ep-68f1bc04-4bdb-4f4b-a16c-48bca70841b7;WMS-VECTOR;2026-08-23T00:00:00.000Z;2026-09-22T00:00:00.000Z;30;complete_coverage;21;2026-09-12T00:00:00.000Z;2026-09-12T23:59:59.000Z;8;1384
producer;endpoint;Diffusion ep-68f1b · IGN_Recette;;;IGN_Recette;ds-79361f7e-71dd-4b77-952f-4047eeade1b0;;;Diffusion ep-68f1b;ep-68f1bc04-4bdb-4f4b-a16c-48bca70841b7;WMS-VECTOR;2026-08-23T00:00:00.000Z;2026-09-22T00:00:00.000Z;30;complete_coverage;22;2026-09-13T00:00:00.000Z;2026-09-13T23:59:59.000Z;10;3870
producer;endpoint;Diffusion ep-68f1b · IGN_Recette;;;IGN_Recette;ds-79361f7e-71dd-4b77-952f-4047eeade1b0;;;Diffusion ep-68f1b;ep-68f1bc04-4bdb-4f4b-a16c-48bca70841b7;WMS-VECTOR;2026-08-23T00:00:00.000Z;2026-09-22T00:00:00.000Z;30;complete_coverage;23;2026-09-14T00:00:00.000Z;2026-09-14T23:59:59.000Z;16;1440
producer;endpoint;Diffusion ep-68f1b · IGN_Recette;;;IGN_Recette;ds-79361f7e-71dd-4b77-952f-4047eeade1b0;;;Diffusion ep-68f1b;ep-68f1bc04-4bdb-4f4b-a16c-48bca70841b7;WMS-VECTOR;2026-08-23T00:00:00.000Z;2026-09-22T00:00:00.000Z;30;complete_coverage;24;2026-09-15T00:00:00.000Z;2026-09-15T23:59:59.000Z;10;1490
producer;endpoint;Diffusion ep-68f1b · IGN_Recette;;;IGN_Recette;ds-79361f7e-71dd-4b77-952f-4047eeade1b0;;;Diffusion ep-68f1b;ep-68f1bc04-4bdb-4f4b-a16c-48bca70841b7;WMS-VECTOR;2026-08-23T00:00:00.000Z;2026-09-22T00:00:00.000Z;30;complete_coverage;25;2026-09-16T00:00:00.000Z;2026-09-16T23:59:59.000Z;8;3200
producer;endpoint;Diffusion ep-68f1b · IGN_Recette;;;IGN_Recette;ds-79361f7e-71dd-4b77-952f-4047eeade1b0;;;Diffusion ep-68f1b;ep-68f1bc04-4bdb-4f4b-a16c-48bca70841b7;WMS-VECTOR;2026-08-23T00:00:00.000Z;2026-09-22T00:00:00.000Z;30;complete_coverage;26;2026-09-17T00:00:00.000Z;2026-09-17T23:59:59.000Z;10;1530
producer;endpoint;Diffusion ep-68f1b · IGN_Recette;;;IGN_Recette;ds-79361f7e-71dd-4b77-952f-4047eeade1b0;;;Diffusion ep-68f1b;ep-68f1bc04-4bdb-4f4b-a16c-48bca70841b7;WMS-VECTOR;2026-08-23T00:00:00.000Z;2026-09-22T00:00:00.000Z;30;complete_coverage;27;2026-09-18T00:00:00.000Z;2026-09-18T23:59:59.000Z;11;4125
producer;endpoint;Diffusion ep-68f1b · IGN_Recette;;;IGN_Recette;ds-79361f7e-71dd-4b77-952f-4047eeade1b0;;;Diffusion ep-68f1b;ep-68f1bc04-4bdb-4f4b-a16c-48bca70841b7;WMS-VECTOR;2026-08-23T00:00:00.000Z;2026-09-22T00:00:00.000Z;30;complete_coverage;28;2026-09-19T00:00:00.000Z;2026-09-19T23:59:59.000Z;11;1001
producer;endpoint;Diffusion ep-68f1b · IGN_Recette;;;IGN_Recette;ds-79361f7e-71dd-4b77-952f-4047eeade1b0;;;Diffusion ep-68f1b;ep-68f1bc04-4bdb-4f4b-a16c-48bca70841b7;WMS-VECTOR;2026-08-23T00:00:00.000Z;2026-09-22T00:00:00.000Z;30;complete_coverage;29;2026-09-20T00:00:00.000Z;2026-09-20T23:59:59.000Z;12;1560
producer;endpoint;Diffusion ep-68f1b · IGN_Recette;;;IGN_Recette;ds-79361f7e-71dd-4b77-952f-4047eeade1b0;;;Diffusion ep-68f1b;ep-68f1bc04-4bdb-4f4b-a16c-48bca70841b7;WMS-VECTOR;2026-08-23T00:00:00.000Z;2026-09-22T00:00:00.000Z;30;complete_coverage;30;2026-09-21T00:00:00.000Z;2026-09-21T23:59:59.000Z;16;5152
producer;endpoint;Diffusion ep-16826 · IGN_Recette;;;IGN_Recette;ds-79361f7e-71dd-4b77-952f-4047eeade1b0;;;Diffusion ep-16826;ep-16826d6d-5e8d-4d8c-9e55-20f435fc9286;WMS-VECTOR;2026-08-23T00:00:00.000Z;2026-09-22T00:00:00.000Z;30;complete_coverage;1;2026-08-23T00:00:00.000Z;2026-08-23T23:59:59.000Z;25;2650
producer;endpoint;Diffusion ep-16826 · IGN_Recette;;;IGN_Recette;ds-79361f7e-71dd-4b77-952f-4047eeade1b0;;;Diffusion ep-16826;ep-16826d6d-5e8d-4d8c-9e55-20f435fc9286;WMS-VECTOR;2026-08-23T00:00:00.000Z;2026-09-22T00:00:00.000Z;30;complete_coverage;2;2026-08-24T00:00:00.000Z;2026-08-24T23:59:59.000Z;29;10121
producer;endpoint;Diffusion ep-16826 · IGN_Recette;;;IGN_Recette;ds-79361f7e-71dd-4b77-952f-4047eeade1b0;;;Diffusion ep-16826;ep-16826d6d-5e8d-4d8c-9e55-20f435fc9286;WMS-VECTOR;2026-08-23T00:00:00.000Z;2026-09-22T00:00:00.000Z;30;complete_coverage;3;2026-08-25T00:00:00.000Z;2026-08-25T23:59:59.000Z;29;6148
producer;endpoint;Diffusion ep-16826 · IGN_Recette;;;IGN_Recette;ds-79361f7e-71dd-4b77-952f-4047eeade1b0;;;Diffusion ep-16826;ep-16826d6d-5e8d-4d8c-9e55-20f435fc9286;WMS-VECTOR;2026-08-23T00:00:00.000Z;2026-09-22T00:00:00.000Z;30;complete_coverage;4;2026-08-26T00:00:00.000Z;2026-08-26T23:59:59.000Z;25;4725
producer;endpoint;Diffusion ep-16826 · IGN_Recette;;;IGN_Recette;ds-79361f7e-71dd-4b77-952f-4047eeade1b0;;;Diffusion ep-16826;ep-16826d6d-5e8d-4d8c-9e55-20f435fc9286;WMS-VECTOR;2026-08-23T00:00:00.000Z;2026-09-22T00:00:00.000Z;30;complete_coverage;5;2026-08-27T00:00:00.000Z;2026-08-27T23:59:59.000Z;33;12177
producer;endpoint;Diffusion ep-16826 · IGN_Recette;;;IGN_Recette;ds-79361f7e-71dd-4b77-952f-4047eeade1b0;;;Diffusion ep-16826;ep-16826d6d-5e8d-4d8c-9e55-20f435fc9286;WMS-VECTOR;2026-08-23T00:00:00.000Z;2026-09-22T00:00:00.000Z;30;complete_coverage;6;2026-08-28T00:00:00.000Z;2026-08-28T23:59:59.000Z;29;2436
producer;endpoint;Diffusion ep-16826 · IGN_Recette;;;IGN_Recette;ds-79361f7e-71dd-4b77-952f-4047eeade1b0;;;Diffusion ep-16826;ep-16826d6d-5e8d-4d8c-9e55-20f435fc9286;WMS-VECTOR;2026-08-23T00:00:00.000Z;2026-09-22T00:00:00.000Z;30;complete_coverage;7;2026-08-29T00:00:00.000Z;2026-08-29T23:59:59.000Z;26;9932
producer;endpoint;Diffusion ep-16826 · IGN_Recette;;;IGN_Recette;ds-79361f7e-71dd-4b77-952f-4047eeade1b0;;;Diffusion ep-16826;ep-16826d6d-5e8d-4d8c-9e55-20f435fc9286;WMS-VECTOR;2026-08-23T00:00:00.000Z;2026-09-22T00:00:00.000Z;30;complete_coverage;8;2026-08-30T00:00:00.000Z;2026-08-30T23:59:59.000Z;32;12480
producer;endpoint;Diffusion ep-16826 · IGN_Recette;;;IGN_Recette;ds-79361f7e-71dd-4b77-952f-4047eeade1b0;;;Diffusion ep-16826;ep-16826d6d-5e8d-4d8c-9e55-20f435fc9286;WMS-VECTOR;2026-08-23T00:00:00.000Z;2026-09-22T00:00:00.000Z;30;complete_coverage;9;2026-08-31T00:00:00.000Z;2026-08-31T23:59:59.000Z;27;3429
producer;endpoint;Diffusion ep-16826 · IGN_Recette;;;IGN_Recette;ds-79361f7e-71dd-4b77-952f-4047eeade1b0;;;Diffusion ep-16826;ep-16826d6d-5e8d-4d8c-9e55-20f435fc9286;WMS-VECTOR;2026-08-23T00:00:00.000Z;2026-09-22T00:00:00.000Z;30;complete_coverage;10;2026-09-01T00:00:00.000Z;2026-09-01T23:59:59.000Z;29;4756
producer;endpoint;Diffusion ep-16826 · IGN_Recette;;;IGN_Recette;ds-79361f7e-71dd-4b77-952f-4047eeade1b0;;;Diffusion ep-16826;ep-16826d6d-5e8d-4d8c-9e55-20f435fc9286;WMS-VECTOR;2026-08-23T00:00:00.000Z;2026-09-22T00:00:00.000Z;30;complete_coverage;11;2026-09-02T00:00:00.000Z;2026-09-02T23:59:59.000Z;32;6784
producer;endpoint;Diffusion ep-16826 · IGN_Recette;;;IGN_Recette;ds-79361f7e-71dd-4b77-952f-4047eeade1b0;;;Diffusion ep-16826;ep-16826d6d-5e8d-4d8c-9e55-20f435fc9286;WMS-VECTOR;2026-08-23T00:00:00.000Z;2026-09-22T00:00:00.000Z;30;complete_coverage;12;2026-09-03T00:00:00.000Z;2026-09-03T23:59:59.000Z;27;7479
producer;endpoint;Diffusion ep-16826 · IGN_Recette;;;IGN_Recette;ds-79361f7e-71dd-4b77-952f-4047eeade1b0;;;Diffusion ep-16826;ep-16826d6d-5e8d-4d8c-9e55-20f435fc9286;WMS-VECTOR;2026-08-23T00:00:00.000Z;2026-09-22T00:00:00.000Z;30;complete_coverage;13;2026-09-04T00:00:00.000Z;2026-09-04T23:59:59.000Z;24;9168
producer;endpoint;Diffusion ep-16826 · IGN_Recette;;;IGN_Recette;ds-79361f7e-71dd-4b77-952f-4047eeade1b0;;;Diffusion ep-16826;ep-16826d6d-5e8d-4d8c-9e55-20f435fc9286;WMS-VECTOR;2026-08-23T00:00:00.000Z;2026-09-22T00:00:00.000Z;30;complete_coverage;14;2026-09-05T00:00:00.000Z;2026-09-05T23:59:59.000Z;25;2450
producer;endpoint;Diffusion ep-16826 · IGN_Recette;;;IGN_Recette;ds-79361f7e-71dd-4b77-952f-4047eeade1b0;;;Diffusion ep-16826;ep-16826d6d-5e8d-4d8c-9e55-20f435fc9286;WMS-VECTOR;2026-08-23T00:00:00.000Z;2026-09-22T00:00:00.000Z;30;complete_coverage;15;2026-09-06T00:00:00.000Z;2026-09-06T23:59:59.000Z;33;10593
producer;endpoint;Diffusion ep-16826 · IGN_Recette;;;IGN_Recette;ds-79361f7e-71dd-4b77-952f-4047eeade1b0;;;Diffusion ep-16826;ep-16826d6d-5e8d-4d8c-9e55-20f435fc9286;WMS-VECTOR;2026-08-23T00:00:00.000Z;2026-09-22T00:00:00.000Z;30;complete_coverage;16;2026-09-07T00:00:00.000Z;2026-09-07T23:59:59.000Z;33;11286
producer;endpoint;Diffusion ep-16826 · IGN_Recette;;;IGN_Recette;ds-79361f7e-71dd-4b77-952f-4047eeade1b0;;;Diffusion ep-16826;ep-16826d6d-5e8d-4d8c-9e55-20f435fc9286;WMS-VECTOR;2026-08-23T00:00:00.000Z;2026-09-22T00:00:00.000Z;30;complete_coverage;17;2026-09-08T00:00:00.000Z;2026-09-08T23:59:59.000Z;24;6264
producer;endpoint;Diffusion ep-16826 · IGN_Recette;;;IGN_Recette;ds-79361f7e-71dd-4b77-952f-4047eeade1b0;;;Diffusion ep-16826;ep-16826d6d-5e8d-4d8c-9e55-20f435fc9286;WMS-VECTOR;2026-08-23T00:00:00.000Z;2026-09-22T00:00:00.000Z;30;complete_coverage;18;2026-09-09T00:00:00.000Z;2026-09-09T23:59:59.000Z;33;4422
producer;endpoint;Diffusion ep-16826 · IGN_Recette;;;IGN_Recette;ds-79361f7e-71dd-4b77-952f-4047eeade1b0;;;Diffusion ep-16826;ep-16826d6d-5e8d-4d8c-9e55-20f435fc9286;WMS-VECTOR;2026-08-23T00:00:00.000Z;2026-09-22T00:00:00.000Z;30;complete_coverage;19;2026-09-10T00:00:00.000Z;2026-09-10T23:59:59.000Z;25;8950
producer;endpoint;Diffusion ep-16826 · IGN_Recette;;;IGN_Recette;ds-79361f7e-71dd-4b77-952f-4047eeade1b0;;;Diffusion ep-16826;ep-16826d6d-5e8d-4d8c-9e55-20f435fc9286;WMS-VECTOR;2026-08-23T00:00:00.000Z;2026-09-22T00:00:00.000Z;30;complete_coverage;20;2026-09-11T00:00:00.000Z;2026-09-11T23:59:59.000Z;26;5642
producer;endpoint;Diffusion ep-16826 · IGN_Recette;;;IGN_Recette;ds-79361f7e-71dd-4b77-952f-4047eeade1b0;;;Diffusion ep-16826;ep-16826d6d-5e8d-4d8c-9e55-20f435fc9286;WMS-VECTOR;2026-08-23T00:00:00.000Z;2026-09-22T00:00:00.000Z;30;complete_coverage;21;2026-09-12T00:00:00.000Z;2026-09-12T23:59:59.000Z;29;7482
producer;endpoint;Diffusion ep-16826 · IGN_Recette;;;IGN_Recette;ds-79361f7e-71dd-4b77-952f-4047eeade1b0;;;Diffusion ep-16826;ep-16826d6d-5e8d-4d8c-9e55-20f435fc9286;WMS-VECTOR;2026-08-23T00:00:00.000Z;2026-09-22T00:00:00.000Z;30;complete_coverage;22;2026-09-13T00:00:00.000Z;2026-09-13T23:59:59.000Z;29;2842
producer;endpoint;Diffusion ep-16826 · IGN_Recette;;;IGN_Recette;ds-79361f7e-71dd-4b77-952f-4047eeade1b0;;;Diffusion ep-16826;ep-16826d6d-5e8d-4d8c-9e55-20f435fc9286;WMS-VECTOR;2026-08-23T00:00:00.000Z;2026-09-22T00:00:00.000Z;30;complete_coverage;23;2026-09-14T00:00:00.000Z;2026-09-14T23:59:59.000Z;30;10710
producer;endpoint;Diffusion ep-16826 · IGN_Recette;;;IGN_Recette;ds-79361f7e-71dd-4b77-952f-4047eeade1b0;;;Diffusion ep-16826;ep-16826d6d-5e8d-4d8c-9e55-20f435fc9286;WMS-VECTOR;2026-08-23T00:00:00.000Z;2026-09-22T00:00:00.000Z;30;complete_coverage;24;2026-09-15T00:00:00.000Z;2026-09-15T23:59:59.000Z;25;2425
producer;endpoint;Diffusion ep-16826 · IGN_Recette;;;IGN_Recette;ds-79361f7e-71dd-4b77-952f-4047eeade1b0;;;Diffusion ep-16826;ep-16826d6d-5e8d-4d8c-9e55-20f435fc9286;WMS-VECTOR;2026-08-23T00:00:00.000Z;2026-09-22T00:00:00.000Z;30;complete_coverage;25;2026-09-16T00:00:00.000Z;2026-09-16T23:59:59.000Z;32;4672
producer;endpoint;Diffusion ep-16826 · IGN_Recette;;;IGN_Recette;ds-79361f7e-71dd-4b77-952f-4047eeade1b0;;;Diffusion ep-16826;ep-16826d6d-5e8d-4d8c-9e55-20f435fc9286;WMS-VECTOR;2026-08-23T00:00:00.000Z;2026-09-22T00:00:00.000Z;30;complete_coverage;26;2026-09-17T00:00:00.000Z;2026-09-17T23:59:59.000Z;24;5160
producer;endpoint;Diffusion ep-16826 · IGN_Recette;;;IGN_Recette;ds-79361f7e-71dd-4b77-952f-4047eeade1b0;;;Diffusion ep-16826;ep-16826d6d-5e8d-4d8c-9e55-20f435fc9286;WMS-VECTOR;2026-08-23T00:00:00.000Z;2026-09-22T00:00:00.000Z;30;complete_coverage;27;2026-09-18T00:00:00.000Z;2026-09-18T23:59:59.000Z;26;7982
producer;endpoint;Diffusion ep-16826 · IGN_Recette;;;IGN_Recette;ds-79361f7e-71dd-4b77-952f-4047eeade1b0;;;Diffusion ep-16826;ep-16826d6d-5e8d-4d8c-9e55-20f435fc9286;WMS-VECTOR;2026-08-23T00:00:00.000Z;2026-09-22T00:00:00.000Z;30;complete_coverage;28;2026-09-19T00:00:00.000Z;2026-09-19T23:59:59.000Z;25;2200
producer;endpoint;Diffusion ep-16826 · IGN_Recette;;;IGN_Recette;ds-79361f7e-71dd-4b77-952f-4047eeade1b0;;;Diffusion ep-16826;ep-16826d6d-5e8d-4d8c-9e55-20f435fc9286;WMS-VECTOR;2026-08-23T00:00:00.000Z;2026-09-22T00:00:00.000Z;30;complete_coverage;29;2026-09-20T00:00:00.000Z;2026-09-20T23:59:59.000Z;25;7425
producer;endpoint;Diffusion ep-16826 · IGN_Recette;;;IGN_Recette;ds-79361f7e-71dd-4b77-952f-4047eeade1b0;;;Diffusion ep-16826;ep-16826d6d-5e8d-4d8c-9e55-20f435fc9286;WMS-VECTOR;2026-08-23T00:00:00.000Z;2026-09-22T00:00:00.000Z;30;complete_coverage;30;2026-09-21T00:00:00.000Z;2026-09-21T23:59:59.000Z;31;8587
producer;offering;Couche IGN_Recette-4 · IGN_Recette;;;IGN_Recette;ds-79361f7e-71dd-4b77-952f-4047eeade1b0;Couche IGN_Recette-4;off-20bbade0-3194-4709-a27c-3be57c72c8b1;Diffusion;ep-16826d6d-5e8d-4d8c-9e55-20f435fc9286;WMTS-TMS;2026-08-23T00:00:00.000Z;2026-09-22T00:00:00.000Z;30;partial_coverage;1;2026-09-05T00:00:00.000Z;2026-09-05T23:59:59.000Z;2;712
producer;offering;Couche IGN_Recette-4 · IGN_Recette;;;IGN_Recette;ds-79361f7e-71dd-4b77-952f-4047eeade1b0;Couche IGN_Recette-4;off-20bbade0-3194-4709-a27c-3be57c72c8b1;Diffusion;ep-16826d6d-5e8d-4d8c-9e55-20f435fc9286;WMTS-TMS;2026-08-23T00:00:00.000Z;2026-09-22T00:00:00.000Z;30;partial_coverage;2;2026-09-06T00:00:00.000Z;2026-09-06T23:59:59.000Z;6;1176
producer;offering;Couche IGN_Recette-4 · IGN_Recette;;;IGN_Recette;ds-79361f7e-71dd-4b77-952f-4047eeade1b0;Couche IGN_Recette-4;off-20bbade0-3194-4709-a27c-3be57c72c8b1;Diffusion;ep-16826d6d-5e8d-4d8c-9e55-20f435fc9286;WMTS-TMS;2026-08-23T00:00:00.000Z;2026-09-22T00:00:00.000Z;30;partial_coverage;3;2026-09-07T00:00:00.000Z;2026-09-07T23:59:59.000Z;7;1337
producer;offering;Couche IGN_Recette-7 · IGN_Recette;;;IGN_Recette;ds-79361f7e-71dd-4b77-952f-4047eeade1b0;Couche IGN_Recette-7;off-08a7ecbb-9164-41e9-81f9-4daef34b1f2f;Diffusion;ep-16826d6d-5e8d-4d8c-9e55-20f435fc9286;WMS-RASTER;2026-08-23T00:00:00.000Z;2026-09-22T00:00:00.000Z;30;partial_coverage;1;2026-09-04T00:00:00.000Z;2026-09-04T23:59:59.000Z;14;3318
producer;offering;Couche IGN_Recette-7 · IGN_Recette;;;IGN_Recette;ds-79361f7e-71dd-4b77-952f-4047eeade1b0;Couche IGN_Recette-7;off-08a7ecbb-9164-41e9-81f9-4daef34b1f2f;Diffusion;ep-16826d6d-5e8d-4d8c-9e55-20f435fc9286;WMS-RASTER;2026-08-23T00:00:00.000Z;2026-09-22T00:00:00.000Z;30;partial_coverage;2;2026-09-05T00:00:00.000Z;2026-09-05T23:59:59.000Z;15;3555
producer;offering;Couche IGN_Recette-7 · IGN_Recette;;;IGN_Recette;ds-79361f7e-71dd-4b77-952f-4047eeade1b0;Couche IGN_Recette-7;off-08a7ecbb-9164-41e9-81f9-4daef34b1f2f;Diffusion;ep-16826d6d-5e8d-4d8c-9e55-20f435fc9286;WMS-RASTER;2026-08-23T00:00:00.000Z;2026-09-22T00:00:00.000Z;30;partial_coverage;3;2026-09-06T00:00:00.000Z;2026-09-06T23:59:59.000Z;15;4725
producer;offering;Couche IGN_Recette-7 · IGN_Recette;;;IGN_Recette;ds-79361f7e-71dd-4b77-952f-4047eeade1b0;Couche IGN_Recette-7;off-08a7ecbb-9164-41e9-81f9-4daef34b1f2f;Diffusion;ep-16826d6d-5e8d-4d8c-9e55-20f435fc9286;WMS-RASTER;2026-08-23T00:00:00.000Z;2026-09-22T00:00:00.000Z;30;partial_coverage;4;2026-09-07T00:00:00.000Z;2026-09-07T23:59:59.000Z;15;4590
producer;offering;Couche IGN_Recette-7 · IGN_Recette;;;IGN_Recette;ds-79361f7e-71dd-4b77-952f-4047eeade1b0;Couche IGN_Recette-7;off-08a7ecbb-9164-41e9-81f9-4daef34b1f2f;Diffusion;ep-16826d6d-5e8d-4d8c-9e55-20f435fc9286;WMS-RASTER;2026-08-23T00:00:00.000Z;2026-09-22T00:00:00.000Z;30;partial_coverage;5;2026-09-08T00:00:00.000Z;2026-09-08T23:59:59.000Z;14;2954
producer;offering;Couche IGN_Recette-8 · IGN_Recette;;;IGN_Recette;ds-79361f7e-71dd-4b77-952f-4047eeade1b0;Couche IGN_Recette-8;off-9f8fea34-2c1d-497f-8680-0bac50c60d09;Diffusion;ep-68f1bc04-4bdb-4f4b-a16c-48bca70841b7;WMS-RASTER;2026-08-23T00:00:00.000Z;2026-09-22T00:00:00.000Z;30;complete_coverage;1;2026-08-23T00:00:00.000Z;2026-08-23T23:59:59.000Z;6;984
producer;offering;Couche IGN_Recette-8 · IGN_Recette;;;IGN_Recette;ds-79361f7e-71dd-4b77-952f-4047eeade1b0;Couche IGN_Recette-8;off-9f8fea34-2c1d-497f-8680-0bac50c60d09;Diffusion;ep-68f1bc04-4bdb-4f4b-a16c-48bca70841b7;WMS-RASTER;2026-08-23T00:00:00.000Z;2026-09-22T00:00:00.000Z;30;complete_coverage;2;2026-08-24T00:00:00.000Z;2026-08-24T23:59:59.000Z;5;1175
producer;offering;Couche IGN_Recette-8 · IGN_Recette;;;IGN_Recette;ds-79361f7e-71dd-4b77-952f-4047eeade1b0;Couche IGN_Recette-8;off-9f8fea34-2c1d-497f-8680-0bac50c60d09;Diffusion;ep-68f1bc04-4bdb-4f4b-a16c-48bca70841b7;WMS-RASTER;2026-08-23T00:00:00.000Z;2026-09-22T00:00:00.000Z;30;complete_coverage;3;2026-08-25T00:00:00.000Z;2026-08-25T23:59:59.000Z;5;910
producer;offering;Couche IGN_Recette-8 · IGN_Recette;;;IGN_Recette;ds-79361f7e-71dd-4b77-952f-4047eeade1b0;Couche IGN_Recette-8;off-9f8fea34-2c1d-497f-8680-0bac50c60d09;Diffusion;ep-68f1bc04-4bdb-4f4b-a16c-48bca70841b7;WMS-RASTER;2026-08-23T00:00:00.000Z;2026-09-22T00:00:00.000Z;30;complete_coverage;4;2026-08-26T00:00:00.000Z;2026-08-26T23:59:59.000Z;8;1624
producer;offering;Couche IGN_Recette-8 · IGN_Recette;;;IGN_Recette;ds-79361f7e-71dd-4b77-952f-4047eeade1b0;Couche IGN_Recette-8;off-9f8fea34-2c1d-497f-8680-0bac50c60d09;Diffusion;ep-68f1bc04-4bdb-4f4b-a16c-48bca70841b7;WMS-RASTER;2026-08-23T00:00:00.000Z;2026-09-22T00:00:00.000Z;30;complete_coverage;5;2026-08-27T00:00:00.000Z;2026-08-27T23:59:59.000Z;8;1776
producer;offering;Couche IGN_Recette-8 · IGN_Recette;;;IGN_Recette;ds-79361f7e-71dd-4b77-952f-4047eeade1b0;Couche IGN_Recette-8;off-9f8fea34-2c1d-497f-8680-0bac50c60d09;Diffusion;ep-68f1bc04-4bdb-4f4b-a16c-48bca70841b7;WMS-RASTER;2026-08-23T00:00:00.000Z;2026-09-22T00:00:00.000Z;30;complete_coverage;6;2026-08-28T00:00:00.000Z;2026-08-28T23:59:59.000Z;9;2727
producer;offering;Couche IGN_Recette-8 · IGN_Recette;;;IGN_Recette;ds-79361f7e-71dd-4b77-952f-4047eeade1b0;Couche IGN_Recette-8;off-9f8fea34-2c1d-497f-8680-0bac50c60d09;Diffusion;ep-68f1bc04-4bdb-4f4b-a16c-48bca70841b7;WMS-RASTER;2026-08-23T00:00:00.000Z;2026-09-22T00:00:00.000Z;30;complete_coverage;7;2026-08-29T00:00:00.000Z;2026-08-29T23:59:59.000Z;7;1792
producer;offering;Couche IGN_Recette-8 · IGN_Recette;;;IGN_Recette;ds-79361f7e-71dd-4b77-952f-4047eeade1b0;Couche IGN_Recette-8;off-9f8fea34-2c1d-497f-8680-0bac50c60d09;Diffusion;ep-68f1bc04-4bdb-4f4b-a16c-48bca70841b7;WMS-RASTER;2026-08-23T00:00:00.000Z;2026-09-22T00:00:00.000Z;30;complete_coverage;8;2026-08-30T00:00:00.000Z;2026-08-30T23:59:59.000Z;9;3510
producer;offering;Couche IGN_Recette-8 · IGN_Recette;;;IGN_Recette;ds-79361f7e-71dd-4b77-952f-4047eeade1b0;Couche IGN_Recette-8;off-9f8fea34-2c1d-497f-8680-0bac50c60d09;Diffusion;ep-68f1bc04-4bdb-4f4b-a16c-48bca70841b7;WMS-RASTER;2026-08-23T00:00:00.000Z;2026-09-22T00:00:00.000Z;30;complete_coverage;9;2026-08-31T00:00:00.000Z;2026-08-31T23:59:59.000Z;8;2776
producer;offering;Couche IGN_Recette-8 · IGN_Recette;;;IGN_Recette;ds-79361f7e-71dd-4b77-952f-4047eeade1b0;Couche IGN_Recette-8;off-9f8fea34-2c1d-497f-8680-0bac50c60d09;Diffusion;ep-68f1bc04-4bdb-4f4b-a16c-48bca70841b7;WMS-RASTER;2026-08-23T00:00:00.000Z;2026-09-22T00:00:00.000Z;30;complete_coverage;10;2026-09-01T00:00:00.000Z;2026-09-01T23:59:59.000Z;4;864
producer;offering;Couche IGN_Recette-8 · IGN_Recette;;;IGN_Recette;ds-79361f7e-71dd-4b77-952f-4047eeade1b0;Couche IGN_Recette-8;off-9f8fea34-2c1d-497f-8680-0bac50c60d09;Diffusion;ep-68f1bc04-4bdb-4f4b-a16c-48bca70841b7;WMS-RASTER;2026-08-23T00:00:00.000Z;2026-09-22T00:00:00.000Z;30;complete_coverage;11;2026-09-02T00:00:00.000Z;2026-09-02T23:59:59.000Z;5;1385
producer;offering;Couche IGN_Recette-8 · IGN_Recette;;;IGN_Recette;ds-79361f7e-71dd-4b77-952f-4047eeade1b0;Couche IGN_Recette-8;off-9f8fea34-2c1d-497f-8680-0bac50c60d09;Diffusion;ep-68f1bc04-4bdb-4f4b-a16c-48bca70841b7;WMS-RASTER;2026-08-23T00:00:00.000Z;2026-09-22T00:00:00.000Z;30;complete_coverage;12;2026-09-03T00:00:00.000Z;2026-09-03T23:59:59.000Z;4;848
producer;offering;Couche IGN_Recette-8 · IGN_Recette;;;IGN_Recette;ds-79361f7e-71dd-4b77-952f-4047eeade1b0;Couche IGN_Recette-8;off-9f8fea34-2c1d-497f-8680-0bac50c60d09;Diffusion;ep-68f1bc04-4bdb-4f4b-a16c-48bca70841b7;WMS-RASTER;2026-08-23T00:00:00.000Z;2026-09-22T00:00:00.000Z;30;complete_coverage;13;2026-09-04T00:00:00.000Z;2026-09-04T23:59:59.000Z;5;1190
producer;offering;Couche IGN_Recette-8 · IGN_Recette;;;IGN_Recette;ds-79361f7e-71dd-4b77-952f-4047eeade1b0;Couche IGN_Recette-8;off-9f8fea34-2c1d-497f-8680-0bac50c60d09;Diffusion;ep-68f1bc04-4bdb-4f4b-a16c-48bca70841b7;WMS-RASTER;2026-08-23T00:00:00.000Z;2026-09-22T00:00:00.000Z;30;complete_coverage;14;2026-09-05T00:00:00.000Z;2026-09-05T23:59:59.000Z;8;2904
producer;offering;Couche IGN_Recette-8 · IGN_Recette;;;IGN_Recette;ds-79361f7e-71dd-4b77-952f-4047eeade1b0;Couche IGN_Recette-8;off-9f8fea34-2c1d-497f-8680-0bac50c60d09;Diffusion;ep-68f1bc04-4bdb-4f4b-a16c-48bca70841b7;WMS-RASTER;2026-08-23T00:00:00.000Z;2026-09-22T00:00:00.000Z;30;complete_coverage;15;2026-09-06T00:00:00.000Z;2026-09-06T23:59:59.000Z;8;1368
producer;offering;Couche IGN_Recette-8 · IGN_Recette;;;IGN_Recette;ds-79361f7e-71dd-4b77-952f-4047eeade1b0;Couche IGN_Recette-8;off-9f8fea34-2c1d-497f-8680-0bac50c60d09;Diffusion;ep-68f1bc04-4bdb-4f4b-a16c-48bca70841b7;WMS-RASTER;2026-08-23T00:00:00.000Z;2026-09-22T00:00:00.000Z;30;complete_coverage;16;2026-09-07T00:00:00.000Z;2026-09-07T23:59:59.000Z;7;1043
producer;offering;Couche IGN_Recette-8 · IGN_Recette;;;IGN_Recette;ds-79361f7e-71dd-4b77-952f-4047eeade1b0;Couche IGN_Recette-8;off-9f8fea34-2c1d-497f-8680-0bac50c60d09;Diffusion;ep-68f1bc04-4bdb-4f4b-a16c-48bca70841b7;WMS-RASTER;2026-08-23T00:00:00.000Z;2026-09-22T00:00:00.000Z;30;complete_coverage;17;2026-09-08T00:00:00.000Z;2026-09-08T23:59:59.000Z;8;1632
producer;offering;Couche IGN_Recette-8 · IGN_Recette;;;IGN_Recette;ds-79361f7e-71dd-4b77-952f-4047eeade1b0;Couche IGN_Recette-8;off-9f8fea34-2c1d-497f-8680-0bac50c60d09;Diffusion;ep-68f1bc04-4bdb-4f4b-a16c-48bca70841b7;WMS-RASTER;2026-08-23T00:00:00.000Z;2026-09-22T00:00:00.000Z;30;complete_coverage;18;2026-09-09T00:00:00.000Z;2026-09-09T23:59:59.000Z;6;510
producer;offering;Couche IGN_Recette-8 · IGN_Recette;;;IGN_Recette;ds-79361f7e-71dd-4b77-952f-4047eeade1b0;Couche IGN_Recette-8;off-9f8fea34-2c1d-497f-8680-0bac50c60d09;Diffusion;ep-68f1bc04-4bdb-4f4b-a16c-48bca70841b7;WMS-RASTER;2026-08-23T00:00:00.000Z;2026-09-22T00:00:00.000Z;30;complete_coverage;19;2026-09-10T00:00:00.000Z;2026-09-10T23:59:59.000Z;7;1274
producer;offering;Couche IGN_Recette-8 · IGN_Recette;;;IGN_Recette;ds-79361f7e-71dd-4b77-952f-4047eeade1b0;Couche IGN_Recette-8;off-9f8fea34-2c1d-497f-8680-0bac50c60d09;Diffusion;ep-68f1bc04-4bdb-4f4b-a16c-48bca70841b7;WMS-RASTER;2026-08-23T00:00:00.000Z;2026-09-22T00:00:00.000Z;30;complete_coverage;20;2026-09-11T00:00:00.000Z;2026-09-11T23:59:59.000Z;2;734
producer;offering;Couche IGN_Recette-8 · IGN_Recette;;;IGN_Recette;ds-79361f7e-71dd-4b77-952f-4047eeade1b0;Couche IGN_Recette-8;off-9f8fea34-2c1d-497f-8680-0bac50c60d09;Diffusion;ep-68f1bc04-4bdb-4f4b-a16c-48bca70841b7;WMS-RASTER;2026-08-23T00:00:00.000Z;2026-09-22T00:00:00.000Z;30;complete_coverage;21;2026-09-12T00:00:00.000Z;2026-09-12T23:59:59.000Z;3;1065
producer;offering;Couche IGN_Recette-8 · IGN_Recette;;;IGN_Recette;ds-79361f7e-71dd-4b77-952f-4047eeade1b0;Couche IGN_Recette-8;off-9f8fea34-2c1d-497f-8680-0bac50c60d09;Diffusion;ep-68f1bc04-4bdb-4f4b-a16c-48bca70841b7;WMS-RASTER;2026-08-23T00:00:00.000Z;2026-09-22T00:00:00.000Z;30;complete_coverage;22;2026-09-13T00:00:00.000Z;2026-09-13T23:59:59.000Z;6;1344
producer;offering;Couche IGN_Recette-8 · IGN_Recette;;;IGN_Recette;ds-79361f7e-71dd-4b77-952f-4047eeade1b0;Couche IGN_Recette-8;off-9f8fea34-2c1d-497f-8680-0bac50c60d09;Diffusion;ep-68f1bc04-4bdb-4f4b-a16c-48bca70841b7;WMS-RASTER;2026-08-23T00:00:00.000Z;2026-09-22T00:00:00.000Z;30;complete_coverage;23;2026-09-14T00:00:00.000Z;2026-09-14T23:59:59.000Z;3;639
producer;offering;Couche IGN_Recette-8 · IGN_Recette;;;IGN_Recette;ds-79361f7e-71dd-4b77-952f-4047eeade1b0;Couche IGN_Recette-8;off-9f8fea34-2c1d-497f-8680-0bac50c60d09;Diffusion;ep-68f1bc04-4bdb-4f4b-a16c-48bca70841b7;WMS-RASTER;2026-08-23T00:00:00.000Z;2026-09-22T00:00:00.000Z;30;complete_coverage;24;2026-09-15T00:00:00.000Z;2026-09-15T23:59:59.000Z;7;1001
producer;offering;Couche IGN_Recette-8 · IGN_Recette;;;IGN_Recette;ds-79361f7e-71dd-4b77-952f-4047eeade1b0;Couche IGN_Recette-8;off-9f8fea34-2c1d-497f-8680-0bac50c60d09;Diffusion;ep-68f1bc04-4bdb-4f4b-a16c-48bca70841b7;WMS-RASTER;2026-08-23T00:00:00.000Z;2026-09-22T00:00:00.000Z;30;complete_coverage;25;2026-09-16T00:00:00.000Z;2026-09-16T23:59:59.000Z;6;558
producer;offering;Couche IGN_Recette-8 · IGN_Recette;;;IGN_Recette;ds-79361f7e-71dd-4b77-952f-4047eeade1b0;Couche IGN_Recette-8;off-9f8fea34-2c1d-497f-8680-0bac50c60d09;Diffusion;ep-68f1bc04-4bdb-4f4b-a16c-48bca70841b7;WMS-RASTER;2026-08-23T00:00:00.000Z;2026-09-22T00:00:00.000Z;30;complete_coverage;26;2026-09-17T00:00:00.000Z;2026-09-17T23:59:59.000Z;7;1904
producer;offering;Couche IGN_Recette-8 · IGN_Recette;;;IGN_Recette;ds-79361f7e-71dd-4b77-952f-4047eeade1b0;Couche IGN_Recette-8;off-9f8fea34-2c1d-497f-8680-0bac50c60d09;Diffusion;ep-68f1bc04-4bdb-4f4b-a16c-48bca70841b7;WMS-RASTER;2026-08-23T00:00:00.000Z;2026-09-22T00:00:00.000Z;30;complete_coverage;27;2026-09-18T00:00:00.000Z;2026-09-18T23:59:59.000Z;9;1818
producer;offering;Couche IGN_Recette-8 · IGN_Recette;;;IGN_Recette;ds-79361f7e-71dd-4b77-952f-4047eeade1b0;Couche IGN_Recette-8;off-9f8fea34-2c1d-497f-8680-0bac50c60d09;Diffusion;ep-68f1bc04-4bdb-4f4b-a16c-48bca70841b7;WMS-RASTER;2026-08-23T00:00:00.000Z;2026-09-22T00:00:00.000Z;30;complete_coverage;28;2026-09-19T00:00:00.000Z;2026-09-19T23:59:59.000Z;4;908
producer;offering;Couche IGN_Recette-8 · IGN_Recette;;;IGN_Recette;ds-79361f7e-71dd-4b77-952f-4047eeade1b0;Couche IGN_Recette-8;off-9f8fea34-2c1d-497f-8680-0bac50c60d09;Diffusion;ep-68f1bc04-4bdb-4f4b-a16c-48bca70841b7;WMS-RASTER;2026-08-23T00:00:00.000Z;2026-09-22T00:00:00.000Z;30;complete_coverage;29;2026-09-20T00:00:00.000Z;2026-09-20T23:59:59.000Z;5;1010
producer;offering;Couche IGN_Recette-8 · IGN_Recette;;;IGN_Recette;ds-79361f7e-71dd-4b77-952f-4047eeade1b0;Couche IGN_Recette-8;off-9f8fea34-2c1d-497f-8680-0bac50c60d09;Diffusion;ep-68f1bc04-4bdb-4f4b-a16c-48bca70841b7;WMS-RASTER;2026-08-23T00:00:00.000Z;2026-09-22T00:00:00.000Z;30;complete_coverage;30;2026-09-21T00:00:00.000Z;2026-09-21T23:59:59.000Z;5;1035
producer;offering;Couche IGN_Recette-12 · IGN_Recette;;;IGN_Recette;ds-79361f7e-71dd-4b77-952f-4047eeade1b0;Couche IGN_Recette-12;off-706a1109-c1de-49df-9e04-1c0c813ec566;Diffusion;ep-68f1bc04-4bdb-4f4b-a16c-48bca70841b7;WMS-RASTER;2026-08-23T00:00:00.000Z;2026-09-22T00:00:00.000Z;30;partial_coverage;1;2026-09-05T00:00:00.000Z;2026-09-05T23:59:59.000Z;9;2232
producer;offering;Couche IGN_Recette-12 · IGN_Recette;;;IGN_Recette;ds-79361f7e-71dd-4b77-952f-4047eeade1b0;Couche IGN_Recette-12;off-706a1109-c1de-49df-9e04-1c0c813ec566;Diffusion;ep-68f1bc04-4bdb-4f4b-a16c-48bca70841b7;WMS-RASTER;2026-08-23T00:00:00.000Z;2026-09-22T00:00:00.000Z;30;partial_coverage;2;2026-09-06T00:00:00.000Z;2026-09-06T23:59:59.000Z;9;2520
producer;offering;Couche IGN_Recette-12 · IGN_Recette;;;IGN_Recette;ds-79361f7e-71dd-4b77-952f-4047eeade1b0;Couche IGN_Recette-12;off-706a1109-c1de-49df-9e04-1c0c813ec566;Diffusion;ep-68f1bc04-4bdb-4f4b-a16c-48bca70841b7;WMS-RASTER;2026-08-23T00:00:00.000Z;2026-09-22T00:00:00.000Z;30;partial_coverage;3;2026-09-07T00:00:00.000Z;2026-09-07T23:59:59.000Z;13;4030
producer;offering;Couche IGN_Recette-12 · IGN_Recette;;;IGN_Recette;ds-79361f7e-71dd-4b77-952f-4047eeade1b0;Couche IGN_Recette-12;off-706a1109-c1de-49df-9e04-1c0c813ec566;Diffusion;ep-68f1bc04-4bdb-4f4b-a16c-48bca70841b7;WMS-RASTER;2026-08-23T00:00:00.000Z;2026-09-22T00:00:00.000Z;30;partial_coverage;4;2026-09-08T00:00:00.000Z;2026-09-08T23:59:59.000Z;9;2106
producer;offering;Couche IGN_Recette-12 · IGN_Recette;;;IGN_Recette;ds-79361f7e-71dd-4b77-952f-4047eeade1b0;Couche IGN_Recette-12;off-706a1109-c1de-49df-9e04-1c0c813ec566;Diffusion;ep-68f1bc04-4bdb-4f4b-a16c-48bca70841b7;WMS-RASTER;2026-08-23T00:00:00.000Z;2026-09-22T00:00:00.000Z;30;partial_coverage;5;2026-09-09T00:00:00.000Z;2026-09-09T23:59:59.000Z;12;2112
producer;offering;Couche IGN_Recette-12 · IGN_Recette;;;IGN_Recette;ds-79361f7e-71dd-4b77-952f-4047eeade1b0;Couche IGN_Recette-12;off-706a1109-c1de-49df-9e04-1c0c813ec566;Diffusion;ep-68f1bc04-4bdb-4f4b-a16c-48bca70841b7;WMS-RASTER;2026-08-23T00:00:00.000Z;2026-09-22T00:00:00.000Z;30;partial_coverage;6;2026-09-10T00:00:00.000Z;2026-09-10T23:59:59.000Z;13;4329
producer;offering;Couche IGN_Recette-13 · IGN_Recette;;;IGN_Recette;ds-79361f7e-71dd-4b77-952f-4047eeade1b0;Couche IGN_Recette-13;off-da8f0963-dd4d-4375-85cc-89c69f96ad6b;Diffusion;ep-16826d6d-5e8d-4d8c-9e55-20f435fc9286;WMS-VECTOR;2026-08-23T00:00:00.000Z;2026-09-22T00:00:00.000Z;30;complete_coverage;1;2026-08-23T00:00:00.000Z;2026-08-23T23:59:59.000Z;4;1532
producer;offering;Couche IGN_Recette-13 · IGN_Recette;;;IGN_Recette;ds-79361f7e-71dd-4b77-952f-4047eeade1b0;Couche IGN_Recette-13;off-da8f0963-dd4d-4375-85cc-89c69f96ad6b;Diffusion;ep-16826d6d-5e8d-4d8c-9e55-20f435fc9286;WMS-VECTOR;2026-08-23T00:00:00.000Z;2026-09-22T00:00:00.000Z;30;complete_coverage;2;2026-08-24T00:00:00.000Z;2026-08-24T23:59:59.000Z;9;3321
producer;offering;Couche IGN_Recette-13 · IGN_Recette;;;IGN_Recette;ds-79361f7e-71dd-4b77-952f-4047eeade1b0;Couche IGN_Recette-13;off-da8f0963-dd4d-4375-85cc-89c69f96ad6b;Diffusion;ep-16826d6d-5e8d-4d8c-9e55-20f435fc9286;WMS-VECTOR;2026-08-23T00:00:00.000Z;2026-09-22T00:00:00.000Z;30;complete_coverage;3;2026-08-25T00:00:00.000Z;2026-08-25T23:59:59.000Z;2;406
producer;offering;Couche IGN_Recette-13 · IGN_Recette;;;IGN_Recette;ds-79361f7e-71dd-4b77-952f-4047eeade1b0;Couche IGN_Recette-13;off-da8f0963-dd4d-4375-85cc-89c69f96ad6b;Diffusion;ep-16826d6d-5e8d-4d8c-9e55-20f435fc9286;WMS-VECTOR;2026-08-23T00:00:00.000Z;2026-09-22T00:00:00.000Z;30;complete_coverage;4;2026-08-27T00:00:00.000Z;2026-08-27T23:59:59.000Z;3;918
producer;offering;Couche IGN_Recette-13 · IGN_Recette;;;IGN_Recette;ds-79361f7e-71dd-4b77-952f-4047eeade1b0;Couche IGN_Recette-13;off-da8f0963-dd4d-4375-85cc-89c69f96ad6b;Diffusion;ep-16826d6d-5e8d-4d8c-9e55-20f435fc9286;WMS-VECTOR;2026-08-23T00:00:00.000Z;2026-09-22T00:00:00.000Z;30;complete_coverage;5;2026-08-28T00:00:00.000Z;2026-08-28T23:59:59.000Z;4;1068
producer;offering;Couche IGN_Recette-13 · IGN_Recette;;;IGN_Recette;ds-79361f7e-71dd-4b77-952f-4047eeade1b0;Couche IGN_Recette-13;off-da8f0963-dd4d-4375-85cc-89c69f96ad6b;Diffusion;ep-16826d6d-5e8d-4d8c-9e55-20f435fc9286;WMS-VECTOR;2026-08-23T00:00:00.000Z;2026-09-22T00:00:00.000Z;30;complete_coverage;6;2026-08-29T00:00:00.000Z;2026-08-29T23:59:59.000Z;2;386
producer;offering;Couche IGN_Recette-13 · IGN_Recette;;;IGN_Recette;ds-79361f7e-71dd-4b77-952f-4047eeade1b0;Couche IGN_Recette-13;off-da8f0963-dd4d-4375-85cc-89c69f96ad6b;Diffusion;ep-16826d6d-5e8d-4d8c-9e55-20f435fc9286;WMS-VECTOR;2026-08-23T00:00:00.000Z;2026-09-22T00:00:00.000Z;30;complete_coverage;7;2026-08-30T00:00:00.000Z;2026-08-30T23:59:59.000Z;1;298
producer;offering;Couche IGN_Recette-13 · IGN_Recette;;;IGN_Recette;ds-79361f7e-71dd-4b77-952f-4047eeade1b0;Couche IGN_Recette-13;off-da8f0963-dd4d-4375-85cc-89c69f96ad6b;Diffusion;ep-16826d6d-5e8d-4d8c-9e55-20f435fc9286;WMS-VECTOR;2026-08-23T00:00:00.000Z;2026-09-22T00:00:00.000Z;30;complete_coverage;8;2026-08-31T00:00:00.000Z;2026-08-31T23:59:59.000Z;8;3072
producer;offering;Couche IGN_Recette-13 · IGN_Recette;;;IGN_Recette;ds-79361f7e-71dd-4b77-952f-4047eeade1b0;Couche IGN_Recette-13;off-da8f0963-dd4d-4375-85cc-89c69f96ad6b;Diffusion;ep-16826d6d-5e8d-4d8c-9e55-20f435fc9286;WMS-VECTOR;2026-08-23T00:00:00.000Z;2026-09-22T00:00:00.000Z;30;complete_coverage;9;2026-09-01T00:00:00.000Z;2026-09-01T23:59:59.000Z;5;1880
producer;offering;Couche IGN_Recette-13 · IGN_Recette;;;IGN_Recette;ds-79361f7e-71dd-4b77-952f-4047eeade1b0;Couche IGN_Recette-13;off-da8f0963-dd4d-4375-85cc-89c69f96ad6b;Diffusion;ep-16826d6d-5e8d-4d8c-9e55-20f435fc9286;WMS-VECTOR;2026-08-23T00:00:00.000Z;2026-09-22T00:00:00.000Z;30;complete_coverage;10;2026-09-02T00:00:00.000Z;2026-09-02T23:59:59.000Z;8;2784
producer;offering;Couche IGN_Recette-13 · IGN_Recette;;;IGN_Recette;ds-79361f7e-71dd-4b77-952f-4047eeade1b0;Couche IGN_Recette-13;off-da8f0963-dd4d-4375-85cc-89c69f96ad6b;Diffusion;ep-16826d6d-5e8d-4d8c-9e55-20f435fc9286;WMS-VECTOR;2026-08-23T00:00:00.000Z;2026-09-22T00:00:00.000Z;30;complete_coverage;11;2026-09-03T00:00:00.000Z;2026-09-03T23:59:59.000Z;1;152
producer;offering;Couche IGN_Recette-13 · IGN_Recette;;;IGN_Recette;ds-79361f7e-71dd-4b77-952f-4047eeade1b0;Couche IGN_Recette-13;off-da8f0963-dd4d-4375-85cc-89c69f96ad6b;Diffusion;ep-16826d6d-5e8d-4d8c-9e55-20f435fc9286;WMS-VECTOR;2026-08-23T00:00:00.000Z;2026-09-22T00:00:00.000Z;30;complete_coverage;12;2026-09-04T00:00:00.000Z;2026-09-04T23:59:59.000Z;5;1405
producer;offering;Couche IGN_Recette-13 · IGN_Recette;;;IGN_Recette;ds-79361f7e-71dd-4b77-952f-4047eeade1b0;Couche IGN_Recette-13;off-da8f0963-dd4d-4375-85cc-89c69f96ad6b;Diffusion;ep-16826d6d-5e8d-4d8c-9e55-20f435fc9286;WMS-VECTOR;2026-08-23T00:00:00.000Z;2026-09-22T00:00:00.000Z;30;complete_coverage;13;2026-09-05T00:00:00.000Z;2026-09-05T23:59:59.000Z;4;332
producer;offering;Couche IGN_Recette-13 · IGN_Recette;;;IGN_Recette;ds-79361f7e-71dd-4b77-952f-4047eeade1b0;Couche IGN_Recette-13;off-da8f0963-dd4d-4375-85cc-89c69f96ad6b;Diffusion;ep-16826d6d-5e8d-4d8c-9e55-20f435fc9286;WMS-VECTOR;2026-08-23T00:00:00.000Z;2026-09-22T00:00:00.000Z;30;complete_coverage;14;2026-09-07T00:00:00.000Z;2026-09-07T23:59:59.000Z;6;1278
producer;offering;Couche IGN_Recette-13 · IGN_Recette;;;IGN_Recette;ds-79361f7e-71dd-4b77-952f-4047eeade1b0;Couche IGN_Recette-13;off-da8f0963-dd4d-4375-85cc-89c69f96ad6b;Diffusion;ep-16826d6d-5e8d-4d8c-9e55-20f435fc9286;WMS-VECTOR;2026-08-23T00:00:00.000Z;2026-09-22T00:00:00.000Z;30;complete_coverage;15;2026-09-08T00:00:00.000Z;2026-09-08T23:59:59.000Z;5;1670
producer;offering;Couche IGN_Recette-13 · IGN_Recette;;;IGN_Recette;ds-79361f7e-71dd-4b77-952f-4047eeade1b0;Couche IGN_Recette-13;off-da8f0963-dd4d-4375-85cc-89c69f96ad6b;Diffusion;ep-16826d6d-5e8d-4d8c-9e55-20f435fc9286;WMS-VECTOR;2026-08-23T00:00:00.000Z;2026-09-22T00:00:00.000Z;30;complete_coverage;16;2026-09-09T00:00:00.000Z;2026-09-09T23:59:59.000Z;9;1647
producer;offering;Couche IGN_Recette-13 · IGN_Recette;;;IGN_Recette;ds-79361f7e-71dd-4b77-952f-4047eeade1b0;Couche IGN_Recette-13;off-da8f0963-dd4d-4375-85cc-89c69f96ad6b;Diffusion;ep-16826d6d-5e8d-4d8c-9e55-20f435fc9286;WMS-VECTOR;2026-08-23T00:00:00.000Z;2026-09-22T00:00:00.000Z;30;complete_coverage;17;2026-09-11T00:00:00.000Z;2026-09-11T23:59:59.000Z;2;256
producer;offering;Couche IGN_Recette-13 · IGN_Recette;;;IGN_Recette;ds-79361f7e-71dd-4b77-952f-4047eeade1b0;Couche IGN_Recette-13;off-da8f0963-dd4d-4375-85cc-89c69f96ad6b;Diffusion;ep-16826d6d-5e8d-4d8c-9e55-20f435fc9286;WMS-VECTOR;2026-08-23T00:00:00.000Z;2026-09-22T00:00:00.000Z;30;complete_coverage;18;2026-09-12T00:00:00.000Z;2026-09-12T23:59:59.000Z;6;684
producer;offering;Couche IGN_Recette-13 · IGN_Recette;;;IGN_Recette;ds-79361f7e-71dd-4b77-952f-4047eeade1b0;Couche IGN_Recette-13;off-da8f0963-dd4d-4375-85cc-89c69f96ad6b;Diffusion;ep-16826d6d-5e8d-4d8c-9e55-20f435fc9286;WMS-VECTOR;2026-08-23T00:00:00.000Z;2026-09-22T00:00:00.000Z;30;complete_coverage;19;2026-09-13T00:00:00.000Z;2026-09-13T23:59:59.000Z;5;400
producer;offering;Couche IGN_Recette-13 · IGN_Recette;;;IGN_Recette;ds-79361f7e-71dd-4b77-952f-4047eeade1b0;Couche IGN_Recette-13;off-da8f0963-dd4d-4375-85cc-89c69f96ad6b;Diffusion;ep-16826d6d-5e8d-4d8c-9e55-20f435fc9286;WMS-VECTOR;2026-08-23T00:00:00.000Z;2026-09-22T00:00:00.000Z;30;complete_coverage;20;2026-09-14T00:00:00.000Z;2026-09-14T23:59:59.000Z;9;846
producer;offering;Couche IGN_Recette-13 · IGN_Recette;;;IGN_Recette;ds-79361f7e-71dd-4b77-952f-4047eeade1b0;Couche IGN_Recette-13;off-da8f0963-dd4d-4375-85cc-89c69f96ad6b;Diffusion;ep-16826d6d-5e8d-4d8c-9e55-20f435fc9286;WMS-VECTOR;2026-08-23T00:00:00.000Z;2026-09-22T00:00:00.000Z;30;complete_coverage;21;2026-09-15T00:00:00.000Z;2026-09-15T23:59:59.000Z;5;1785
producer;offering;Couche IGN_Recette-13 · IGN_Recette;;;IGN_Recette;ds-79361f7e-71dd-4b77-952f-4047eeade1b0;Couche IGN_Recette-13;off-da8f0963-dd4d-4375-85cc-89c69f96ad6b;Diffusion;ep-16826d6d-5e8d-4d8c-9e55-20f435fc9286;WMS-VECTOR;2026-08-23T00:00:00.000Z;2026-09-22T00:00:00.000Z;30;complete_coverage;22;2026-09-16T00:00:00.000Z;2026-09-16T23:59:59.000Z;7;658
producer;offering;Couche IGN_Recette-13 · IGN_Recette;;;IGN_Recette;ds-79361f7e-71dd-4b77-952f-4047eeade1b0;Couche IGN_Recette-13;off-da8f0963-dd4d-4375-85cc-89c69f96ad6b;Diffusion;ep-16826d6d-5e8d-4d8c-9e55-20f435fc9286;WMS-VECTOR;2026-08-23T00:00:00.000Z;2026-09-22T00:00:00.000Z;30;complete_coverage;23;2026-09-17T00:00:00.000Z;2026-09-17T23:59:59.000Z;3;252
producer;offering;Couche IGN_Recette-13 · IGN_Recette;;;IGN_Recette;ds-79361f7e-71dd-4b77-952f-4047eeade1b0;Couche IGN_Recette-13;off-da8f0963-dd4d-4375-85cc-89c69f96ad6b;Diffusion;ep-16826d6d-5e8d-4d8c-9e55-20f435fc9286;WMS-VECTOR;2026-08-23T00:00:00.000Z;2026-09-22T00:00:00.000Z;30;complete_coverage;24;2026-09-18T00:00:00.000Z;2026-09-18T23:59:59.000Z;5;1480
producer;offering;Couche IGN_Recette-13 · IGN_Recette;;;IGN_Recette;ds-79361f7e-71dd-4b77-952f-4047eeade1b0;Couche IGN_Recette-13;off-da8f0963-dd4d-4375-85cc-89c69f96ad6b;Diffusion;ep-16826d6d-5e8d-4d8c-9e55-20f435fc9286;WMS-VECTOR;2026-08-23T00:00:00.000Z;2026-09-22T00:00:00.000Z;30;complete_coverage;25;2026-09-19T00:00:00.000Z;2026-09-19T23:59:59.000Z;4;968
producer;offering;Couche IGN_Recette-13 · IGN_Recette;;;IGN_Recette;ds-79361f7e-71dd-4b77-952f-4047eeade1b0;Couche IGN_Recette-13;off-da8f0963-dd4d-4375-85cc-89c69f96ad6b;Diffusion;ep-16826d6d-5e8d-4d8c-9e55-20f435fc9286;WMS-VECTOR;2026-08-23T00:00:00.000Z;2026-09-22T00:00:00.000Z;30;complete_coverage;26;2026-09-20T00:00:00.000Z;2026-09-20T23:59:59.000Z;7;1554
producer;offering;Couche IGN_Recette-13 · IGN_Recette;;;IGN_Recette;ds-79361f7e-71dd-4b77-952f-4047eeade1b0;Couche IGN_Recette-13;off-da8f0963-dd4d-4375-85cc-89c69f96ad6b;Diffusion;ep-16826d6d-5e8d-4d8c-9e55-20f435fc9286;WMS-VECTOR;2026-08-23T00:00:00.000Z;2026-09-22T00:00:00.000Z;30;complete_coverage;27;2026-09-21T00:00:00.000Z;2026-09-21T23:59:59.000Z;7;1344
producer;producer_permission;Couche IGN_Recette-12 + Couche IGN_Recette-15 + Couche IGN_Recette-9 · IGN_Recette;Couche IGN_Recette-12 + Couche IGN_Recette-15 + Couche IGN_Recette-9;perm-592dc950-7787-411b-b6a4-be09c18ee748;IGN_Recette;ds-79361f7e-71dd-4b77-952f-4047eeade1b0;;;;;;2026-08-23T00:00:00.000Z;2026-09-22T00:00:00.000Z;30;complete_coverage;1;2026-08-23T00:00:00.000Z;2026-08-23T23:59:59.000Z;4;940
producer;producer_permission;Couche IGN_Recette-12 + Couche IGN_Recette-15 + Couche IGN_Recette-9 · IGN_Recette;Couche IGN_Recette-12 + Couche IGN_Recette-15 + Couche IGN_Recette-9;perm-592dc950-7787-411b-b6a4-be09c18ee748;IGN_Recette;ds-79361f7e-71dd-4b77-952f-4047eeade1b0;;;;;;2026-08-23T00:00:00.000Z;2026-09-22T00:00:00.000Z;30;complete_coverage;2;2026-08-24T00:00:00.000Z;2026-08-24T23:59:59.000Z;7;2492
producer;producer_permission;Couche IGN_Recette-12 + Couche IGN_Recette-15 + Couche IGN_Recette-9 · IGN_Recette;Couche IGN_Recette-12 + Couche IGN_Recette-15 + Couche IGN_Recette-9;perm-592dc950-7787-411b-b6a4-be09c18ee748;IGN_Recette;ds-79361f7e-71dd-4b77-952f-4047eeade1b0;;;;;;2026-08-23T00:00:00.000Z;2026-09-22T00:00:00.000Z;30;complete_coverage;3;2026-08-25T00:00:00.000Z;2026-08-25T23:59:59.000Z;7;1148
producer;producer_permission;Couche IGN_Recette-12 + Couche IGN_Recette-15 + Couche IGN_Recette-9 · IGN_Recette;Couche IGN_Recette-12 + Couche IGN_Recette-15 + Couche IGN_Recette-9;perm-592dc950-7787-411b-b6a4-be09c18ee748;IGN_Recette;ds-79361f7e-71dd-4b77-952f-4047eeade1b0;;;;;;2026-08-23T00:00:00.000Z;2026-09-22T00:00:00.000Z;30;complete_coverage;4;2026-08-26T00:00:00.000Z;2026-08-26T23:59:59.000Z;2;780
producer;producer_permission;Couche IGN_Recette-12 + Couche IGN_Recette-15 + Couche IGN_Recette-9 · IGN_Recette;Couche IGN_Recette-12 + Couche IGN_Recette-15 + Couche IGN_Recette-9;perm-592dc950-7787-411b-b6a4-be09c18ee748;IGN_Recette;ds-79361f7e-71dd-4b77-952f-4047eeade1b0;;;;;;2026-08-23T00:00:00.000Z;2026-09-22T00:00:00.000Z;30;complete_coverage;5;2026-08-27T00:00:00.000Z;2026-08-27T23:59:59.000Z;7;2135
producer;producer_permission;Couche IGN_Recette-12 + Couche IGN_Recette-15 + Couche IGN_Recette-9 · IGN_Recette;Couche IGN_Recette-12 + Couche IGN_Recette-15 + Couche IGN_Recette-9;perm-592dc950-7787-411b-b6a4-be09c18ee748;IGN_Recette;ds-79361f7e-71dd-4b77-952f-4047eeade1b0;;;;;;2026-08-23T00:00:00.000Z;2026-09-22T00:00:00.000Z;30;complete_coverage;6;2026-08-28T00:00:00.000Z;2026-08-28T23:59:59.000Z;5;825
producer;producer_permission;Couche IGN_Recette-12 + Couche IGN_Recette-15 + Couche IGN_Recette-9 · IGN_Recette;Couche IGN_Recette-12 + Couche IGN_Recette-15 + Couche IGN_Recette-9;perm-592dc950-7787-411b-b6a4-be09c18ee748;IGN_Recette;ds-79361f7e-71dd-4b77-952f-4047eeade1b0;;;;;;2026-08-23T00:00:00.000Z;2026-09-22T00:00:00.000Z;30;complete_coverage;7;2026-08-29T00:00:00.000Z;2026-08-29T23:59:59.000Z;5;1005
producer;producer_permission;Couche IGN_Recette-12 + Couche IGN_Recette-15 + Couche IGN_Recette-9 · IGN_Recette;Couche IGN_Recette-12 + Couche IGN_Recette-15 + Couche IGN_Recette-9;perm-592dc950-7787-411b-b6a4-be09c18ee748;IGN_Recette;ds-79361f7e-71dd-4b77-952f-4047eeade1b0;;;;;;2026-08-23T00:00:00.000Z;2026-09-22T00:00:00.000Z;30;complete_coverage;8;2026-08-30T00:00:00.000Z;2026-08-30T23:59:59.000Z;3;969
producer;producer_permission;Couche IGN_Recette-12 + Couche IGN_Recette-15 + Couche IGN_Recette-9 · IGN_Recette;Couche IGN_Recette-12 + Couche IGN_Recette-15 + Couche IGN_Recette-9;perm-592dc950-7787-411b-b6a4-be09c18ee748;IGN_Recette;ds-79361f7e-71dd-4b77-952f-4047eeade1b0;;;;;;2026-08-23T00:00:00.000Z;2026-09-22T00:00:00.000Z;30;complete_coverage;9;2026-08-31T00:00:00.000Z;2026-08-31T23:59:59.000Z;7;1617
producer;producer_permission;Couche IGN_Recette-12 + Couche IGN_Recette-15 + Couche IGN_Recette-9 · IGN_Recette;Couche IGN_Recette-12 + Couche IGN_Recette-15 + Couche IGN_Recette-9;perm-592dc950-7787-411b-b6a4-be09c18ee748;IGN_Recette;ds-79361f7e-71dd-4b77-952f-4047eeade1b0;;;;;;2026-08-23T00:00:00.000Z;2026-09-22T00:00:00.000Z;30;complete_coverage;10;2026-09-01T00:00:00.000Z;2026-09-01T23:59:59.000Z;2;630
producer;producer_permission;Couche IGN_Recette-12 + Couche IGN_Recette-15 + Couche IGN_Recette-9 · IGN_Recette;Couche IGN_Recette-12 + Couche IGN_Recette-15 + Couche IGN_Recette-9;perm-592dc950-7787-411b-b6a4-be09c18ee748;IGN_Recette;ds-79361f7e-71dd-4b77-952f-4047eeade1b0;;;;;;2026-08-23T00:00:00.000Z;2026-09-22T00:00:00.000Z;30;complete_coverage;11;2026-09-02T00:00:00.000Z;2026-09-02T23:59:59.000Z;9;2394
producer;producer_permission;Couche IGN_Recette-12 + Couche IGN_Recette-15 + Couche IGN_Recette-9 · IGN_Recette;Couche IGN_Recette-12 + Couche IGN_Recette-15 + Couche IGN_Recette-9;perm-592dc950-7787-411b-b6a4-be09c18ee748;IGN_Recette;ds-79361f7e-71dd-4b77-952f-4047eeade1b0;;;;;;2026-08-23T00:00:00.000Z;2026-09-22T00:00:00.000Z;30;complete_coverage;12;2026-09-03T00:00:00.000Z;2026-09-03T23:59:59.000Z;9;1089
producer;producer_permission;Couche IGN_Recette-12 + Couche IGN_Recette-15 + Couche IGN_Recette-9 · IGN_Recette;Couche IGN_Recette-12 + Couche IGN_Recette-15 + Couche IGN_Recette-9;perm-592dc950-7787-411b-b6a4-be09c18ee748;IGN_Recette;ds-79361f7e-71dd-4b77-952f-4047eeade1b0;;;;;;2026-08-23T00:00:00.000Z;2026-09-22T00:00:00.000Z;30;complete_coverage;13;2026-09-04T00:00:00.000Z;2026-09-04T23:59:59.000Z;5;1580
producer;producer_permission;Couche IGN_Recette-12 + Couche IGN_Recette-15 + Couche IGN_Recette-9 · IGN_Recette;Couche IGN_Recette-12 + Couche IGN_Recette-15 + Couche IGN_Recette-9;perm-592dc950-7787-411b-b6a4-be09c18ee748;IGN_Recette;ds-79361f7e-71dd-4b77-952f-4047eeade1b0;;;;;;2026-08-23T00:00:00.000Z;2026-09-22T00:00:00.000Z;30;complete_coverage;14;2026-09-05T00:00:00.000Z;2026-09-05T23:59:59.000Z;4;368
producer;producer_permission;Couche IGN_Recette-12 + Couche IGN_Recette-15 + Couche IGN_Recette-9 · IGN_Recette;Couche IGN_Recette-12 + Couche IGN_Recette-15 + Couche IGN_Recette-9;perm-592dc950-7787-411b-b6a4-be09c18ee748;IGN_Recette;ds-79361f7e-71dd-4b77-952f-4047eeade1b0;;;;;;2026-08-23T00:00:00.000Z;2026-09-22T00:00:00.000Z;30;complete_coverage;15;2026-09-06T00:00:00.000Z;2026-09-06T23:59:59.000Z;9;2943
producer;producer_permission;Couche IGN_Recette-12 + Couche IGN_Recette-15 + Couche IGN_Recette-9 · IGN_Recette;Couche IGN_Recette-12 + Couche IGN_Recette-15 + Couche IGN_Recette-9;perm-592dc950-7787-411b-b6a4-be09c18ee748;IGN_Recette;ds-79361f7e-71dd-4b77-952f-4047eeade1b0;;;;;;2026-08-23T00:00:00.000Z;2026-09-22T00:00:00.000Z;30;complete_coverage;16;2026-09-07T00:00:00.000Z;2026-09-07T23:59:59.000Z;5;715
producer;producer_permission;Couche IGN_Recette-12 + Couche IGN_Recette-15 + Couche IGN_Recette-9 · IGN_Recette;Couche IGN_Recette-12 + Couche IGN_Recette-15 + Couche IGN_Recette-9;perm-592dc950-7787-411b-b6a4-be09c18ee748;IGN_Recette;ds-79361f7e-71dd-4b77-952f-4047eeade1b0;;;;;;2026-08-23T00:00:00.000Z;2026-09-22T00:00:00.000Z;30;complete_coverage;17;2026-09-08T00:00:00.000Z;2026-09-08T23:59:59.000Z;1;201
producer;producer_permission;Couche IGN_Recette-12 + Couche IGN_Recette-15 + Couche IGN_Recette-9 · IGN_Recette;Couche IGN_Recette-12 + Couche IGN_Recette-15 + Couche IGN_Recette-9;perm-592dc950-7787-411b-b6a4-be09c18ee748;IGN_Recette;ds-79361f7e-71dd-4b77-952f-4047eeade1b0;;;;;;2026-08-23T00:00:00.000Z;2026-09-22T00:00:00.000Z;30;complete_coverage;18;2026-09-09T00:00:00.000Z;2026-09-09T23:59:59.000Z;6;918
producer;producer_permission;Couche IGN_Recette-12 + Couche IGN_Recette-15 + Couche IGN_Recette-9 · IGN_Recette;Couche IGN_Recette-12 + Couche IGN_Recette-15 + Couche IGN_Recette-9;perm-592dc950-7787-411b-b6a4-be09c18ee748;IGN_Recette;ds-79361f7e-71dd-4b77-952f-4047eeade1b0;;;;;;2026-08-23T00:00:00.000Z;2026-09-22T00:00:00.000Z;30;complete_coverage;19;2026-09-10T00:00:00.000Z;2026-09-10T23:59:59.000Z;5;865
producer;producer_permission;Couche IGN_Recette-12 + Couche IGN_Recette-15 + Couche IGN_Recette-9 · IGN_Recette;Couche IGN_Recette-12 + Couche IGN_Recette-15 + Couche IGN_Recette-9;perm-592dc950-7787-411b-b6a4-be09c18ee748;IGN_Recette;ds-79361f7e-71dd-4b77-952f-4047eeade1b0;;;;;;2026-08-23T00:00:00.000Z;2026-09-22T00:00:00.000Z;30;complete_coverage;20;2026-09-11T00:00:00.000Z;2026-09-11T23:59:59.000Z;6;2214
producer;producer_permission;Couche IGN_Recette-12 + Couche IGN_Recette-15 + Couche IGN_Recette-9 · IGN_Recette;Couche IGN_Recette-12 + Couche IGN_Recette-15 + Couche IGN_Recette-9;perm-592dc950-7787-411b-b6a4-be09c18ee748;IGN_Recette;ds-79361f7e-71dd-4b77-952f-4047eeade1b0;;;;;;2026-08-23T00:00:00.000Z;2026-09-22T00:00:00.000Z;30;complete_coverage;21;2026-09-12T00:00:00.000Z;2026-09-12T23:59:59.000Z;1;141
producer;producer_permission;Couche IGN_Recette-12 + Couche IGN_Recette-15 + Couche IGN_Recette-9 · IGN_Recette;Couche IGN_Recette-12 + Couche IGN_Recette-15 + Couche IGN_Recette-9;perm-592dc950-7787-411b-b6a4-be09c18ee748;IGN_Recette;ds-79361f7e-71dd-4b77-952f-4047eeade1b0;;;;;;2026-08-23T00:00:00.000Z;2026-09-22T00:00:00.000Z;30;complete_coverage;22;2026-09-13T00:00:00.000Z;2026-09-13T23:59:59.000Z;6;2400
producer;producer_permission;Couche IGN_Recette-12 + Couche IGN_Recette-15 + Couche IGN_Recette-9 · IGN_Recette;Couche IGN_Recette-12 + Couche IGN_Recette-15 + Couche IGN_Recette-9;perm-592dc950-7787-411b-b6a4-be09c18ee748;IGN_Recette;ds-79361f7e-71dd-4b77-952f-4047eeade1b0;;;;;;2026-08-23T00:00:00.000Z;2026-09-22T00:00:00.000Z;30;complete_coverage;23;2026-09-14T00:00:00.000Z;2026-09-14T23:59:59.000Z;6;2082
producer;producer_permission;Couche IGN_Recette-12 + Couche IGN_Recette-15 + Couche IGN_Recette-9 · IGN_Recette;Couche IGN_Recette-12 + Couche IGN_Recette-15 + Couche IGN_Recette-9;perm-592dc950-7787-411b-b6a4-be09c18ee748;IGN_Recette;ds-79361f7e-71dd-4b77-952f-4047eeade1b0;;;;;;2026-08-23T00:00:00.000Z;2026-09-22T00:00:00.000Z;30;complete_coverage;24;2026-09-15T00:00:00.000Z;2026-09-15T23:59:59.000Z;9;1197
producer;producer_permission;Couche IGN_Recette-12 + Couche IGN_Recette-15 + Couche IGN_Recette-9 · IGN_Recette;Couche IGN_Recette-12 + Couche IGN_Recette-15 + Couche IGN_Recette-9;perm-592dc950-7787-411b-b6a4-be09c18ee748;IGN_Recette;ds-79361f7e-71dd-4b77-952f-4047eeade1b0;;;;;;2026-08-23T00:00:00.000Z;2026-09-22T00:00:00.000Z;30;complete_coverage;25;2026-09-16T00:00:00.000Z;2026-09-16T23:59:59.000Z;10;1240
producer;producer_permission;Couche IGN_Recette-12 + Couche IGN_Recette-15 + Couche IGN_Recette-9 · IGN_Recette;Couche IGN_Recette-12 + Couche IGN_Recette-15 + Couche IGN_Recette-9;perm-592dc950-7787-411b-b6a4-be09c18ee748;IGN_Recette;ds-79361f7e-71dd-4b77-952f-4047eeade1b0;;;;;;2026-08-23T00:00:00.000Z;2026-09-22T00:00:00.000Z;30;complete_coverage;26;2026-09-17T00:00:00.000Z;2026-09-17T23:59:59.000Z;5;1225
producer;producer_permission;Couche IGN_Recette-12 + Couche IGN_Recette-15 + Couche IGN_Recette-9 · IGN_Recette;Couche IGN_Recette-12 + Couche IGN_Recette-15 + Couche IGN_Recette-9;perm-592dc950-7787-411b-b6a4-be09c18ee748;IGN_Recette;ds-79361f7e-71dd-4b77-952f-4047eeade1b0;;;;;;2026-08-23T00:00:00.000Z;2026-09-22T00:00:00.000Z;30;complete_coverage;27;2026-09-18T00:00:00.000Z;2026-09-18T23:59:59.000Z;3;543
producer;producer_permission;Couche IGN_Recette-12 + Couche IGN_Recette-15 + Couche IGN_Recette-9 · IGN_Recette;Couche IGN_Recette-12 + Couche IGN_Recette-15 + Couche IGN_Recette-9;perm-592dc950-7787-411b-b6a4-be09c18ee748;IGN_Recette;ds-79361f7e-71dd-4b77-952f-4047eeade1b0;;;;;;2026-08-23T00:00:00.000Z;2026-09-22T00:00:00.000Z;30;complete_coverage;28;2026-09-19T00:00:00.000Z;2026-09-19T23:59:59.000Z;4;844
producer;producer_permission;Couche IGN_Recette-12 + Couche IGN_Recette-15 + Couche IGN_Recette-9 · IGN_Recette;Couche IGN_Recette-12 + Couche IGN_Recette-15 + Couche IGN_Recette-9;perm-592dc950-7787-411b-b6a4-be09c18ee748;IGN_Recette;ds-79361f7e-71dd-4b77-952f-4047eeade1b0;;;;;;2026-08-23T00:00:00.000Z;2026-09-22T00:00:00.000Z;30;complete_coverage;29;2026-09-20T00:00:00.000Z;2026-09-20T23:59:59.000Z;10;2460
producer;producer_permission;Couche IGN_Recette-12 + Couche IGN_Recette-15 + Couche IGN_Recette-9 · IGN_Recette;Couche IGN_Recette-12 + Couche IGN_Recette-15 + Couche IGN_Recette-9;perm-592dc950-7787-411b-b6a4-be09c18ee748;IGN_Recette;ds-79361f7e-71dd-4b77-952f-4047eeade1b0;;;;;;2026-08-23T00:00:00.000Z;2026-09-22T00:00:00.000Z;30;complete_coverage;30;2026-09-21T00:00:00.000Z;2026-09-21T23:59:59.000Z;3;783
producer;producer_permission;Couche IGN_Recette-14 + Couche IGN_Recette-8 + Couche IGN_Recette-11 · IGN_Recette;Couche IGN_Recette-14 + Couche IGN_Recette-8 + Couche IGN_Recette-11;perm-7d3377fd-4a88-4e1e-9019-6013818ac76a;IGN_Recette;ds-79361f7e-71dd-4b77-952f-4047eeade1b0;;;;;;2026-08-23T00:00:00.000Z;2026-09-22T00:00:00.000Z;30;partial_coverage;1;2026-08-23T00:00:00.000Z;2026-08-23T23:59:59.000Z;5;895
producer;producer_permission;Couche IGN_Recette-14 + Couche IGN_Recette-8 + Couche IGN_Recette-11 · IGN_Recette;Couche IGN_Recette-14 + Couche IGN_Recette-8 + Couche IGN_Recette-11;perm-7d3377fd-4a88-4e1e-9019-6013818ac76a;IGN_Recette;ds-79361f7e-71dd-4b77-952f-4047eeade1b0;;;;;;2026-08-23T00:00:00.000Z;2026-09-22T00:00:00.000Z;30;partial_coverage;2;2026-08-24T00:00:00.000Z;2026-08-24T23:59:59.000Z;7;819
producer;producer_permission;Couche IGN_Recette-14 + Couche IGN_Recette-8 + Couche IGN_Recette-11 · IGN_Recette;Couche IGN_Recette-14 + Couche IGN_Recette-8 + Couche IGN_Recette-11;perm-7d3377fd-4a88-4e1e-9019-6013818ac76a;IGN_Recette;ds-79361f7e-71dd-4b77-952f-4047eeade1b0;;;;;;2026-08-23T00:00:00.000Z;2026-09-22T00:00:00.000Z;30;partial_coverage;3;2026-08-25T00:00:00.000Z;2026-08-25T23:59:59.000Z;1;236
producer;producer_permission;Couche IGN_Recette-14 + Couche IGN_Recette-8 + Couche IGN_Recette-11 · IGN_Recette;Couche IGN_Recette-14 + Couche IGN_Recette-8 + Couche IGN_Recette-11;perm-7d3377fd-4a88-4e1e-9019-6013818ac76a;IGN_Recette;ds-79361f7e-71dd-4b77-952f-4047eeade1b0;;;;;;2026-08-23T00:00:00.000Z;2026-09-22T00:00:00.000Z;30;partial_coverage;4;2026-08-26T00:00:00.000Z;2026-08-26T23:59:59.000Z;5;1605
producer;producer_permission;Couche IGN_Recette-14 + Couche IGN_Recette-8 + Couche IGN_Recette-11 · IGN_Recette;Couche IGN_Recette-14 + Couche IGN_Recette-8 + Couche IGN_Recette-11;perm-7d3377fd-4a88-4e1e-9019-6013818ac76a;IGN_Recette;ds-79361f7e-71dd-4b77-952f-4047eeade1b0;;;;;;2026-08-23T00:00:00.000Z;2026-09-22T00:00:00.000Z;30;partial_coverage;5;2026-08-27T00:00:00.000Z;2026-08-27T23:59:59.000Z;5;530
producer;producer_permission;Couche IGN_Recette-14 + Couche IGN_Recette-8 + Couche IGN_Recette-11 · IGN_Recette;Couche IGN_Recette-14 + Couche IGN_Recette-8 + Couche IGN_Recette-11;perm-7d3377fd-4a88-4e1e-9019-6013818ac76a;IGN_Recette;ds-79361f7e-71dd-4b77-952f-4047eeade1b0;;;;;;2026-08-23T00:00:00.000Z;2026-09-22T00:00:00.000Z;30;partial_coverage;6;2026-08-28T00:00:00.000Z;2026-08-28T23:59:59.000Z;5;475
producer;producer_permission;Couche IGN_Recette-14 + Couche IGN_Recette-8 + Couche IGN_Recette-11 · IGN_Recette;Couche IGN_Recette-14 + Couche IGN_Recette-8 + Couche IGN_Recette-11;perm-7d3377fd-4a88-4e1e-9019-6013818ac76a;IGN_Recette;ds-79361f7e-71dd-4b77-952f-4047eeade1b0;;;;;;2026-08-23T00:00:00.000Z;2026-09-22T00:00:00.000Z;30;partial_coverage;7;2026-08-31T00:00:00.000Z;2026-08-31T23:59:59.000Z;1;193
producer;producer_permission;Couche IGN_Recette-14 + Couche IGN_Recette-8 + Couche IGN_Recette-11 · IGN_Recette;Couche IGN_Recette-14 + Couche IGN_Recette-8 + Couche IGN_Recette-11;perm-7d3377fd-4a88-4e1e-9019-6013818ac76a;IGN_Recette;ds-79361f7e-71dd-4b77-952f-4047eeade1b0;;;;;;2026-08-23T00:00:00.000Z;2026-09-22T00:00:00.000Z;30;partial_coverage;8;2026-09-01T00:00:00.000Z;2026-09-01T23:59:59.000Z;6;1332
producer;producer_permission;Couche IGN_Recette-14 + Couche IGN_Recette-8 + Couche IGN_Recette-11 · IGN_Recette;Couche IGN_Recette-14 + Couche IGN_Recette-8 + Couche IGN_Recette-11;perm-7d3377fd-4a88-4e1e-9019-6013818ac76a;IGN_Recette;ds-79361f7e-71dd-4b77-952f-4047eeade1b0;;;;;;2026-08-23T00:00:00.000Z;2026-09-22T00:00:00.000Z;30;partial_coverage;9;2026-09-02T00:00:00.000Z;2026-09-02T23:59:59.000Z;6;2238
producer;producer_permission;Couche IGN_Recette-14 + Couche IGN_Recette-8 + Couche IGN_Recette-11 · IGN_Recette;Couche IGN_Recette-14 + Couche IGN_Recette-8 + Couche IGN_Recette-11;perm-7d3377fd-4a88-4e1e-9019-6013818ac76a;IGN_Recette;ds-79361f7e-71dd-4b77-952f-4047eeade1b0;;;;;;2026-08-23T00:00:00.000Z;2026-09-22T00:00:00.000Z;30;partial_coverage;10;2026-09-03T00:00:00.000Z;2026-09-03T23:59:59.000Z;3;357
producer;producer_permission;Couche IGN_Recette-14 + Couche IGN_Recette-8 + Couche IGN_Recette-11 · IGN_Recette;Couche IGN_Recette-14 + Couche IGN_Recette-8 + Couche IGN_Recette-11;perm-7d3377fd-4a88-4e1e-9019-6013818ac76a;IGN_Recette;ds-79361f7e-71dd-4b77-952f-4047eeade1b0;;;;;;2026-08-23T00:00:00.000Z;2026-09-22T00:00:00.000Z;30;partial_coverage;11;2026-09-04T00:00:00.000Z;2026-09-04T23:59:59.000Z;3;1194
producer;producer_permission;Couche IGN_Recette-14 + Couche IGN_Recette-8 + Couche IGN_Recette-11 · IGN_Recette;Couche IGN_Recette-14 + Couche IGN_Recette-8 + Couche IGN_Recette-11;perm-7d3377fd-4a88-4e1e-9019-6013818ac76a;IGN_Recette;ds-79361f7e-71dd-4b77-952f-4047eeade1b0;;;;;;2026-08-23T00:00:00.000Z;2026-09-22T00:00:00.000Z;30;partial_coverage;12;2026-09-05T00:00:00.000Z;2026-09-05T23:59:59.000Z;4;624
producer;producer_permission;Couche IGN_Recette-14 + Couche IGN_Recette-8 + Couche IGN_Recette-11 · IGN_Recette;Couche IGN_Recette-14 + Couche IGN_Recette-8 + Couche IGN_Recette-11;perm-7d3377fd-4a88-4e1e-9019-6013818ac76a;IGN_Recette;ds-79361f7e-71dd-4b77-952f-4047eeade1b0;;;;;;2026-08-23T00:00:00.000Z;2026-09-22T00:00:00.000Z;30;partial_coverage;13;2026-09-06T00:00:00.000Z;2026-09-06T23:59:59.000Z;4;732
producer;producer_permission;Couche IGN_Recette-14 + Couche IGN_Recette-8 + Couche IGN_Recette-11 · IGN_Recette;Couche IGN_Recette-14 + Couche IGN_Recette-8 + Couche IGN_Recette-11;perm-7d3377fd-4a88-4e1e-9019-6013818ac76a;IGN_Recette;ds-79361f7e-71dd-4b77-952f-4047eeade1b0;;;;;;2026-08-23T00:00:00.000Z;2026-09-22T00:00:00.000Z;30;partial_coverage;14;2026-09-07T00:00:00.000Z;2026-09-07T23:59:59.000Z;2;478
producer;producer_permission;Couche IGN_Recette-14 + Couche IGN_Recette-8 + Couche IGN_Recette-11 · IGN_Recette;Couche IGN_Recette-14 + Couche IGN_Recette-8 + Couche IGN_Recette-11;perm-7d3377fd-4a88-4e1e-9019-6013818ac76a;IGN_Recette;ds-79361f7e-71dd-4b77-952f-4047eeade1b0;;;;;;2026-08-23T00:00:00.000Z;2026-09-22T00:00:00.000Z;30;partial_coverage;15;2026-09-08T00:00:00.000Z;2026-09-08T23:59:59.000Z;5;1265
producer;producer_permission;Couche IGN_Recette-14 + Couche IGN_Recette-8 + Couche IGN_Recette-11 · IGN_Recette;Couche IGN_Recette-14 + Couche IGN_Recette-8 + Couche IGN_Recette-11;perm-7d3377fd-4a88-4e1e-9019-6013818ac76a;IGN_Recette;ds-79361f7e-71dd-4b77-952f-4047eeade1b0;;;;;;2026-08-23T00:00:00.000Z;2026-09-22T00:00:00.000Z;30;partial_coverage;16;2026-09-09T00:00:00.000Z;2026-09-09T23:59:59.000Z;1;220
producer;producer_permission;Couche IGN_Recette-14 + Couche IGN_Recette-8 + Couche IGN_Recette-11 · IGN_Recette;Couche IGN_Recette-14 + Couche IGN_Recette-8 + Couche IGN_Recette-11;perm-7d3377fd-4a88-4e1e-9019-6013818ac76a;IGN_Recette;ds-79361f7e-71dd-4b77-952f-4047eeade1b0;;;;;;2026-08-23T00:00:00.000Z;2026-09-22T00:00:00.000Z;30;partial_coverage;17;2026-09-10T00:00:00.000Z;2026-09-10T23:59:59.000Z;6;1620
producer;producer_permission;Couche IGN_Recette-14 + Couche IGN_Recette-8 + Couche IGN_Recette-11 · IGN_Recette;Couche IGN_Recette-14 + Couche IGN_Recette-8 + Couche IGN_Recette-11;perm-7d3377fd-4a88-4e1e-9019-6013818ac76a;IGN_Recette;ds-79361f7e-71dd-4b77-952f-4047eeade1b0;;;;;;2026-08-23T00:00:00.000Z;2026-09-22T00:00:00.000Z;30;partial_coverage;18;2026-09-11T00:00:00.000Z;2026-09-11T23:59:59.000Z;6;1758
producer;producer_permission;Couche IGN_Recette-14 + Couche IGN_Recette-8 + Couche IGN_Recette-11 · IGN_Recette;Couche IGN_Recette-14 + Couche IGN_Recette-8 + Couche IGN_Recette-11;perm-7d3377fd-4a88-4e1e-9019-6013818ac76a;IGN_Recette;ds-79361f7e-71dd-4b77-952f-4047eeade1b0;;;;;;2026-08-23T00:00:00.000Z;2026-09-22T00:00:00.000Z;30;partial_coverage;19;2026-09-12T00:00:00.000Z;2026-09-12T23:59:59.000Z;4;1032
producer;producer_permission;Couche IGN_Recette-14 + Couche IGN_Recette-8 + Couche IGN_Recette-11 · IGN_Recette;Couche IGN_Recette-14 + Couche IGN_Recette-8 + Couche IGN_Recette-11;perm-7d3377fd-4a88-4e1e-9019-6013818ac76a;IGN_Recette;ds-79361f7e-71dd-4b77-952f-4047eeade1b0;;;;;;2026-08-23T00:00:00.000Z;2026-09-22T00:00:00.000Z;30;partial_coverage;20;2026-09-13T00:00:00.000Z;2026-09-13T23:59:59.000Z;1;304
producer;producer_permission;Couche IGN_Recette-14 + Couche IGN_Recette-8 + Couche IGN_Recette-11 · IGN_Recette;Couche IGN_Recette-14 + Couche IGN_Recette-8 + Couche IGN_Recette-11;perm-7d3377fd-4a88-4e1e-9019-6013818ac76a;IGN_Recette;ds-79361f7e-71dd-4b77-952f-4047eeade1b0;;;;;;2026-08-23T00:00:00.000Z;2026-09-22T00:00:00.000Z;30;partial_coverage;21;2026-09-14T00:00:00.000Z;2026-09-14T23:59:59.000Z;4;1040
producer;producer_permission;Couche IGN_Recette-14 + Couche IGN_Recette-8 + Couche IGN_Recette-11 · IGN_Recette;Couche IGN_Recette-14 + Couche IGN_Recette-8 + Couche IGN_Recette-11;perm-7d3377fd-4a88-4e1e-9019-6013818ac76a;IGN_Recette;ds-79361f7e-71dd-4b77-952f-4047eeade1b0;;;;;;2026-08-23T00:00:00.000Z;2026-09-22T00:00:00.000Z;30;partial_coverage;22;2026-09-15T00:00:00.000Z;2026-09-15T23:59:59.000Z;6;1626
producer;producer_permission;Couche IGN_Recette-14 + Couche IGN_Recette-8 + Couche IGN_Recette-11 · IGN_Recette;Couche IGN_Recette-14 + Couche IGN_Recette-8 + Couche IGN_Recette-11;perm-7d3377fd-4a88-4e1e-9019-6013818ac76a;IGN_Recette;ds-79361f7e-71dd-4b77-952f-4047eeade1b0;;;;;;2026-08-23T00:00:00.000Z;2026-09-22T00:00:00.000Z;30;partial_coverage;23;2026-09-16T00:00:00.000Z;2026-09-16T23:59:59.000Z;6;1278
producer;producer_permission;Couche IGN_Recette-14 + Couche IGN_Recette-8 + Couche IGN_Recette-11 · IGN_Recette;Couche IGN_Recette-14 + Couche IGN_Recette-8 + Couche IGN_Recette-11;perm-7d3377fd-4a88-4e1e-9019-6013818ac76a;IGN_Recette;ds-79361f7e-71dd-4b77-952f-4047eeade1b0;;;;;;2026-08-23T00:00:00.000Z;2026-09-22T00:00:00.000Z;30;partial_coverage;24;2026-09-17T00:00:00.000Z;2026-09-17T23:59:59.000Z;3;345
producer;producer_permission;Couche IGN_Recette-14 + Couche IGN_Recette-8 + Couche IGN_Recette-11 · IGN_Recette;Couche IGN_Recette-14 + Couche IGN_Recette-8 + Couche IGN_Recette-11;perm-7d3377fd-4a88-4e1e-9019-6013818ac76a;IGN_Recette;ds-79361f7e-71dd-4b77-952f-4047eeade1b0;;;;;;2026-08-23T00:00:00.000Z;2026-09-22T00:00:00.000Z;30;partial_coverage;25;2026-09-18T00:00:00.000Z;2026-09-18T23:59:59.000Z;4;1284
producer;producer_permission;Couche IGN_Recette-14 + Couche IGN_Recette-8 + Couche IGN_Recette-11 · IGN_Recette;Couche IGN_Recette-14 + Couche IGN_Recette-8 + Couche IGN_Recette-11;perm-7d3377fd-4a88-4e1e-9019-6013818ac76a;IGN_Recette;ds-79361f7e-71dd-4b77-952f-4047eeade1b0;;;;;;2026-08-23T00:00:00.000Z;2026-09-22T00:00:00.000Z;30;partial_coverage;26;2026-09-19T00:00:00.000Z;2026-09-19T23:59:59.000Z;5;1915
producer;producer_permission;Couche IGN_Recette-14 + Couche IGN_Recette-8 + Couche IGN_Recette-11 · IGN_Recette;Couche IGN_Recette-14 + Couche IGN_Recette-8 + Couche IGN_Recette-11;perm-7d3377fd-4a88-4e1e-9019-6013818ac76a;IGN_Recette;ds-79361f7e-71dd-4b77-952f-4047eeade1b0;;;;;;2026-08-23T00:00:00.000Z;2026-09-22T00:00:00.000Z;30;partial_coverage;27;2026-09-20T00:00:00.000Z;2026-09-20T23:59:59.000Z;5;1295
producer;producer_permission;Couche IGN_Recette-12 + Couche IGN_Recette-10 + Couche IGN_Recette-14 · IGN_Recette;Couche IGN_Recette-12 + Couche IGN_Recette-10 + Couche IGN_Recette-14;perm-1d5150db-0bef-407a-90fe-bc301de46426;IGN_Recette;ds-79361f7e-71dd-4b77-952f-4047eeade1b0;;;;;;2026-08-23T00:00:00.000Z;2026-09-22T00:00:00.000Z;30;partial_coverage;1;2026-08-23T00:00:00.000Z;2026-08-23T23:59:59.000Z;4;1516
producer;producer_permission;Couche IGN_Recette-12 + Couche IGN_Recette-10 + Couche IGN_Recette-14 · IGN_Recette;Couche IGN_Recette-12 + Couche IGN_Recette-10 + Couche IGN_Recette-14;perm-1d5150db-0bef-407a-90fe-bc301de46426;IGN_Recette;ds-79361f7e-71dd-4b77-952f-4047eeade1b0;;;;;;2026-08-23T00:00:00.000Z;2026-09-22T00:00:00.000Z;30;partial_coverage;2;2026-08-24T00:00:00.000Z;2026-08-24T23:59:59.000Z;8;3120
producer;producer_permission;Couche IGN_Recette-12 + Couche IGN_Recette-10 + Couche IGN_Recette-14 · IGN_Recette;Couche IGN_Recette-12 + Couche IGN_Recette-10 + Couche IGN_Recette-14;perm-1d5150db-0bef-407a-90fe-bc301de46426;IGN_Recette;ds-79361f7e-71dd-4b77-952f-4047eeade1b0;;;;;;2026-08-23T00:00:00.000Z;2026-09-22T00:00:00.000Z;30;partial_coverage;3;2026-08-25T00:00:00.000Z;2026-08-25T23:59:59.000Z;8;1688
producer;producer_permission;Couche IGN_Recette-12 + Couche IGN_Recette-10 + Couche IGN_Recette-14 · IGN_Recette;Couche IGN_Recette-12 + Couche IGN_Recette-10 + Couche IGN_Recette-14;perm-1d5150db-0bef-407a-90fe-bc301de46426;IGN_Recette;ds-79361f7e-71dd-4b77-952f-4047eeade1b0;;;;;;2026-08-23T00:00:00.000Z;2026-09-22T00:00:00.000Z;30;partial_coverage;4;2026-08-26T00:00:00.000Z;2026-08-26T23:59:59.000Z;1;168
producer;producer_permission;Couche IGN_Recette-12 + Couche IGN_Recette-10 + Couche IGN_Recette-14 · IGN_Recette;Couche IGN_Recette-12 + Couche IGN_Recette-10 + Couche IGN_Recette-14;perm-1d5150db-0bef-407a-90fe-bc301de46426;IGN_Recette;ds-79361f7e-71dd-4b77-952f-4047eeade1b0;;;;;;2026-08-23T00:00:00.000Z;2026-09-22T00:00:00.000Z;30;partial_coverage;5;2026-08-27T00:00:00.000Z;2026-08-27T23:59:59.000Z;6;2028
producer;producer_permission;Couche IGN_Recette-12 + Couche IGN_Recette-10 + Couche IGN_Recette-14 · IGN_Recette;Couche IGN_Recette-12 + Couche IGN_Recette-10 + Couche IGN_Recette-14;perm-1d5150db-0bef-407a-90fe-bc301de46426;IGN_Recette;ds-79361f7e-71dd-4b77-952f-4047eeade1b0;;;;;;2026-08-23T00:00:00.000Z;2026-09-22T00:00:00.000Z;30;partial_coverage;6;2026-08-28T00:00:00.000Z;2026-08-28T23:59:59.000Z;2;478
producer;producer_permission;Couche IGN_Recette-12 + Couche IGN_Recette-10 + Couche IGN_Recette-14 · IGN_Recette;Couche IGN_Recette-12 + Couche IGN_Recette-10 + Couche IGN_Recette-14;perm-1d5150db-0bef-407a-90fe-bc301de46426;IGN_Recette;ds-79361f7e-71dd-4b77-952f-4047eeade1b0;;;;;;2026-08-23T00:00:00.000Z;2026-09-22T00:00:00.000Z;30;partial_coverage;7;2026-08-30T00:00:00.000Z;2026-08-30T23:59:59.000Z;6;1002
producer;producer_permission;Couche IGN_Recette-12 + Couche IGN_Recette-10 + Couche IGN_Recette-14 · IGN_Recette;Couche IGN_Recette-12 + Couche IGN_Recette-10 + Couche IGN_Recette-14;perm-1d5150db-0bef-407a-90fe-bc301de46426;IGN_Recette;ds-79361f7e-71dd-4b77-952f-4047eeade1b0;;;;;;2026-08-23T00:00:00.000Z;2026-09-22T00:00:00.000Z;30;partial_coverage;8;2026-08-31T00:00:00.000Z;2026-08-31T23:59:59.000Z;5;740
producer;producer_permission;Couche IGN_Recette-12 + Couche IGN_Recette-10 + Couche IGN_Recette-14 · IGN_Recette;Couche IGN_Recette-12 + Couche IGN_Recette-10 + Couche IGN_Recette-14;perm-1d5150db-0bef-407a-90fe-bc301de46426;IGN_Recette;ds-79361f7e-71dd-4b77-952f-4047eeade1b0;;;;;;2026-08-23T00:00:00.000Z;2026-09-22T00:00:00.000Z;30;partial_coverage;9;2026-09-01T00:00:00.000Z;2026-09-01T23:59:59.000Z;5;1820
producer;producer_permission;Couche IGN_Recette-12 + Couche IGN_Recette-10 + Couche IGN_Recette-14 · IGN_Recette;Couche IGN_Recette-12 + Couche IGN_Recette-10 + Couche IGN_Recette-14;perm-1d5150db-0bef-407a-90fe-bc301de46426;IGN_Recette;ds-79361f7e-71dd-4b77-952f-4047eeade1b0;;;;;;2026-08-23T00:00:00.000Z;2026-09-22T00:00:00.000Z;30;partial_coverage;10;2026-09-03T00:00:00.000Z;2026-09-03T23:59:59.000Z;4;1152
producer;producer_permission;Couche IGN_Recette-12 + Couche IGN_Recette-10 + Couche IGN_Recette-14 · IGN_Recette;Couche IGN_Recette-12 + Couche IGN_Recette-10 + Couche IGN_Recette-14;perm-1d5150db-0bef-407a-90fe-bc301de46426;IGN_Recette;ds-79361f7e-71dd-4b77-952f-4047eeade1b0;;;;;;2026-08-23T00:00:00.000Z;2026-09-22T00:00:00.000Z;30;partial_coverage;11;2026-09-06T00:00:00.000Z;2026-09-06T23:59:59.000Z;8;1600
producer;producer_permission;Couche IGN_Recette-12 + Couche IGN_Recette-10 + Couche IGN_Recette-14 · IGN_Recette;Couche IGN_Recette-12 + Couche IGN_Recette-10 + Couche IGN_Recette-14;perm-1d5150db-0bef-407a-90fe-bc301de46426;IGN_Recette;ds-79361f7e-71dd-4b77-952f-4047eeade1b0;;;;;;2026-08-23T00:00:00.000Z;2026-09-22T00:00:00.000Z;30;partial_coverage;12;2026-09-07T00:00:00.000Z;2026-09-07T23:59:59.000Z;2;678
producer;producer_permission;Couche IGN_Recette-12 + Couche IGN_Recette-10 + Couche IGN_Recette-14 · IGN_Recette;Couche IGN_Recette-12 + Couche IGN_Recette-10 + Couche IGN_Recette-14;perm-1d5150db-0bef-407a-90fe-bc301de46426;IGN_Recette;ds-79361f7e-71dd-4b77-952f-4047eeade1b0;;;;;;2026-08-23T00:00:00.000Z;2026-09-22T00:00:00.000Z;30;partial_coverage;13;2026-09-08T00:00:00.000Z;2026-09-08T23:59:59.000Z;5;900
producer;producer_permission;Couche IGN_Recette-12 + Couche IGN_Recette-10 + Couche IGN_Recette-14 · IGN_Recette;Couche IGN_Recette-12 + Couche IGN_Recette-10 + Couche IGN_Recette-14;perm-1d5150db-0bef-407a-90fe-bc301de46426;IGN_Recette;ds-79361f7e-71dd-4b77-952f-4047eeade1b0;;;;;;2026-08-23T00:00:00.000Z;2026-09-22T00:00:00.000Z;30;partial_coverage;14;2026-09-09T00:00:00.000Z;2026-09-09T23:59:59.000Z;6;876
producer;producer_permission;Couche IGN_Recette-12 + Couche IGN_Recette-10 + Couche IGN_Recette-14 · IGN_Recette;Couche IGN_Recette-12 + Couche IGN_Recette-10 + Couche IGN_Recette-14;perm-1d5150db-0bef-407a-90fe-bc301de46426;IGN_Recette;ds-79361f7e-71dd-4b77-952f-4047eeade1b0;;;;;;2026-08-23T00:00:00.000Z;2026-09-22T00:00:00.000Z;30;partial_coverage;15;2026-09-11T00:00:00.000Z;2026-09-11T23:59:59.000Z;5;435
producer;producer_permission;Couche IGN_Recette-12 + Couche IGN_Recette-10 + Couche IGN_Recette-14 · IGN_Recette;Couche IGN_Recette-12 + Couche IGN_Recette-10 + Couche IGN_Recette-14;perm-1d5150db-0bef-407a-90fe-bc301de46426;IGN_Recette;ds-79361f7e-71dd-4b77-952f-4047eeade1b0;;;;;;2026-08-23T00:00:00.000Z;2026-09-22T00:00:00.000Z;30;partial_coverage;16;2026-09-13T00:00:00.000Z;2026-09-13T23:59:59.000Z;3;462
producer;producer_permission;Couche IGN_Recette-12 + Couche IGN_Recette-10 + Couche IGN_Recette-14 · IGN_Recette;Couche IGN_Recette-12 + Couche IGN_Recette-10 + Couche IGN_Recette-14;perm-1d5150db-0bef-407a-90fe-bc301de46426;IGN_Recette;ds-79361f7e-71dd-4b77-952f-4047eeade1b0;;;;;;2026-08-23T00:00:00.000Z;2026-09-22T00:00:00.000Z;30;partial_coverage;17;2026-09-14T00:00:00.000Z;2026-09-14T23:59:59.000Z;6;654
producer;producer_permission;Couche IGN_Recette-12 + Couche IGN_Recette-10 + Couche IGN_Recette-14 · IGN_Recette;Couche IGN_Recette-12 + Couche IGN_Recette-10 + Couche IGN_Recette-14;perm-1d5150db-0bef-407a-90fe-bc301de46426;IGN_Recette;ds-79361f7e-71dd-4b77-952f-4047eeade1b0;;;;;;2026-08-23T00:00:00.000Z;2026-09-22T00:00:00.000Z;30;partial_coverage;18;2026-09-15T00:00:00.000Z;2026-09-15T23:59:59.000Z;3;243
producer;producer_permission;Couche IGN_Recette-12 + Couche IGN_Recette-10 + Couche IGN_Recette-14 · IGN_Recette;Couche IGN_Recette-12 + Couche IGN_Recette-10 + Couche IGN_Recette-14;perm-1d5150db-0bef-407a-90fe-bc301de46426;IGN_Recette;ds-79361f7e-71dd-4b77-952f-4047eeade1b0;;;;;;2026-08-23T00:00:00.000Z;2026-09-22T00:00:00.000Z;30;partial_coverage;19;2026-09-16T00:00:00.000Z;2026-09-16T23:59:59.000Z;4;868
producer;producer_permission;Couche IGN_Recette-12 + Couche IGN_Recette-10 + Couche IGN_Recette-14 · IGN_Recette;Couche IGN_Recette-12 + Couche IGN_Recette-10 + Couche IGN_Recette-14;perm-1d5150db-0bef-407a-90fe-bc301de46426;IGN_Recette;ds-79361f7e-71dd-4b77-952f-4047eeade1b0;;;;;;2026-08-23T00:00:00.000Z;2026-09-22T00:00:00.000Z;30;partial_coverage;20;2026-09-17T00:00:00.000Z;2026-09-17T23:59:59.000Z;7;693
producer;producer_permission;Couche IGN_Recette-12 + Couche IGN_Recette-10 + Couche IGN_Recette-14 · IGN_Recette;Couche IGN_Recette-12 + Couche IGN_Recette-10 + Couche IGN_Recette-14;perm-1d5150db-0bef-407a-90fe-bc301de46426;IGN_Recette;ds-79361f7e-71dd-4b77-952f-4047eeade1b0;;;;;;2026-08-23T00:00:00.000Z;2026-09-22T00:00:00.000Z;30;partial_coverage;21;2026-09-18T00:00:00.000Z;2026-09-18T23:59:59.000Z;6;2292
producer;producer_permission;Couche IGN_Recette-12 + Couche IGN_Recette-10 + Couche IGN_Recette-14 · IGN_Recette;Couche IGN_Recette-12 + Couche IGN_Recette-10 + Couche IGN_Recette-14;perm-1d5150db-0bef-407a-90fe-bc301de46426;IGN_Recette;ds-79361f7e-71dd-4b77-952f-4047eeade1b0;;;;;;2026-08-23T00:00:00.000Z;2026-09-22T00:00:00.000Z;30;partial_coverage;22;2026-09-19T00:00:00.000Z;2026-09-19T23:59:59.000Z;2;480
producer;producer_permission;Couche IGN_Recette-12 + Couche IGN_Recette-10 + Couche IGN_Recette-14 · IGN_Recette;Couche IGN_Recette-12 + Couche IGN_Recette-10 + Couche IGN_Recette-14;perm-1d5150db-0bef-407a-90fe-bc301de46426;IGN_Recette;ds-79361f7e-71dd-4b77-952f-4047eeade1b0;;;;;;2026-08-23T00:00:00.000Z;2026-09-22T00:00:00.000Z;30;partial_coverage;23;2026-09-20T00:00:00.000Z;2026-09-20T23:59:59.000Z;6;648
producer;endpoint;Diffusion ep-95056 · IGN_Prod;;;IGN_Prod;ds-e8e54917-41a5-412c-997d-8e754468d105;;;Diffusion ep-95056;ep-950566ec-667c-4667-a26a-43377bee38d5;WFS;2026-08-23T00:00:00.000Z;2026-09-22T00:00:00.000Z;30;complete_coverage;1;2026-08-23T00:00:00.000Z;2026-08-23T23:59:59.000Z;30;9990
producer;endpoint;Diffusion ep-95056 · IGN_Prod;;;IGN_Prod;ds-e8e54917-41a5-412c-997d-8e754468d105;;;Diffusion ep-95056;ep-950566ec-667c-4667-a26a-43377bee38d5;WFS;2026-08-23T00:00:00.000Z;2026-09-22T00:00:00.000Z;30;complete_coverage;2;2026-08-24T00:00:00.000Z;2026-08-24T23:59:59.000Z;31;10695
producer;endpoint;Diffusion ep-95056 · IGN_Prod;;;IGN_Prod;ds-e8e54917-41a5-412c-997d-8e754468d105;;;Diffusion ep-95056;ep-950566ec-667c-4667-a26a-43377bee38d5;WFS;2026-08-23T00:00:00.000Z;2026-09-22T00:00:00.000Z;30;complete_coverage;3;2026-08-25T00:00:00.000Z;2026-08-25T23:59:59.000Z;31;9052
producer;endpoint;Diffusion ep-95056 · IGN_Prod;;;IGN_Prod;ds-e8e54917-41a5-412c-997d-8e754468d105;;;Diffusion ep-95056;ep-950566ec-667c-4667-a26a-43377bee38d5;WFS;2026-08-23T00:00:00.000Z;2026-09-22T00:00:00.000Z;30;complete_coverage;4;2026-08-26T00:00:00.000Z;2026-08-26T23:59:59.000Z;32;10304
producer;endpoint;Diffusion ep-95056 · IGN_Prod;;;IGN_Prod;ds-e8e54917-41a5-412c-997d-8e754468d105;;;Diffusion ep-95056;ep-950566ec-667c-4667-a26a-43377bee38d5;WFS;2026-08-23T00:00:00.000Z;2026-09-22T00:00:00.000Z;30;complete_coverage;5;2026-08-27T00:00:00.000Z;2026-08-27T23:59:59.000Z;31;5952
producer;endpoint;Diffusion ep-95056 · IGN_Prod;;;IGN_Prod;ds-e8e54917-41a5-412c-997d-8e754468d105;;;Diffusion ep-95056;ep-950566ec-667c-4667-a26a-43377bee38d5;WFS;2026-08-23T00:00:00.000Z;2026-09-22T00:00:00.000Z;30;complete_coverage;6;2026-08-28T00:00:00.000Z;2026-08-28T23:59:59.000Z;25;3100
producer;endpoint;Diffusion ep-95056 · IGN_Prod;;;IGN_Prod;ds-e8e54917-41a5-412c-997d-8e754468d105;;;Diffusion ep-95056;ep-950566ec-667c-4667-a26a-43377bee38d5;WFS;2026-08-23T00:00:00.000Z;2026-09-22T00:00:00.000Z;30;complete_coverage;7;2026-08-29T00:00:00.000Z;2026-08-29T23:59:59.000Z;27;5400
producer;endpoint;Diffusion ep-95056 · IGN_Prod;;;IGN_Prod;ds-e8e54917-41a5-412c-997d-8e754468d105;;;Diffusion ep-95056;ep-950566ec-667c-4667-a26a-43377bee38d5;WFS;2026-08-23T00:00:00.000Z;2026-09-22T00:00:00.000Z;30;complete_coverage;8;2026-08-30T00:00:00.000Z;2026-08-30T23:59:59.000Z;25;2750
producer;endpoint;Diffusion ep-95056 · IGN_Prod;;;IGN_Prod;ds-e8e54917-41a5-412c-997d-8e754468d105;;;Diffusion ep-95056;ep-950566ec-667c-4667-a26a-43377bee38d5;WFS;2026-08-23T00:00:00.000Z;2026-09-22T00:00:00.000Z;30;complete_coverage;9;2026-08-31T00:00:00.000Z;2026-08-31T23:59:59.000Z;29;11281
producer;endpoint;Diffusion ep-95056 · IGN_Prod;;;IGN_Prod;ds-e8e54917-41a5-412c-997d-8e754468d105;;;Diffusion ep-95056;ep-950566ec-667c-4667-a26a-43377bee38d5;WFS;2026-08-23T00:00:00.000Z;2026-09-22T00:00:00.000Z;30;complete_coverage;10;2026-09-01T00:00:00.000Z;2026-09-01T23:59:59.000Z;29;11223
producer;endpoint;Diffusion ep-95056 · IGN_Prod;;;IGN_Prod;ds-e8e54917-41a5-412c-997d-8e754468d105;;;Diffusion ep-95056;ep-950566ec-667c-4667-a26a-43377bee38d5;WFS;2026-08-23T00:00:00.000Z;2026-09-22T00:00:00.000Z;30;complete_coverage;11;2026-09-02T00:00:00.000Z;2026-09-02T23:59:59.000Z;34;6358
producer;endpoint;Diffusion ep-95056 · IGN_Prod;;;IGN_Prod;ds-e8e54917-41a5-412c-997d-8e754468d105;;;Diffusion ep-95056;ep-950566ec-667c-4667-a26a-43377bee38d5;WFS;2026-08-23T00:00:00.000Z;2026-09-22T00:00:00.000Z;30;complete_coverage;12;2026-09-03T00:00:00.000Z;2026-09-03T23:59:59.000Z;30;3390
producer;endpoint;Diffusion ep-95056 · IGN_Prod;;;IGN_Prod;ds-e8e54917-41a5-412c-997d-8e754468d105;;;Diffusion ep-95056;ep-950566ec-667c-4667-a26a-43377bee38d5;WFS;2026-08-23T00:00:00.000Z;2026-09-22T00:00:00.000Z;30;complete_coverage;13;2026-09-04T00:00:00.000Z;2026-09-04T23:59:59.000Z;28;10332
producer;endpoint;Diffusion ep-95056 · IGN_Prod;;;IGN_Prod;ds-e8e54917-41a5-412c-997d-8e754468d105;;;Diffusion ep-95056;ep-950566ec-667c-4667-a26a-43377bee38d5;WFS;2026-08-23T00:00:00.000Z;2026-09-22T00:00:00.000Z;30;complete_coverage;14;2026-09-05T00:00:00.000Z;2026-09-05T23:59:59.000Z;34;12920
producer;endpoint;Diffusion ep-95056 · IGN_Prod;;;IGN_Prod;ds-e8e54917-41a5-412c-997d-8e754468d105;;;Diffusion ep-95056;ep-950566ec-667c-4667-a26a-43377bee38d5;WFS;2026-08-23T00:00:00.000Z;2026-09-22T00:00:00.000Z;30;complete_coverage;15;2026-09-06T00:00:00.000Z;2026-09-06T23:59:59.000Z;34;6766
producer;endpoint;Diffusion ep-95056 · IGN_Prod;;;IGN_Prod;ds-e8e54917-41a5-412c-997d-8e754468d105;;;Diffusion ep-95056;ep-950566ec-667c-4667-a26a-43377bee38d5;WFS;2026-08-23T00:00:00.000Z;2026-09-22T00:00:00.000Z;30;complete_coverage;16;2026-09-07T00:00:00.000Z;2026-09-07T23:59:59.000Z;32;4000
producer;endpoint;Diffusion ep-95056 · IGN_Prod;;;IGN_Prod;ds-e8e54917-41a5-412c-997d-8e754468d105;;;Diffusion ep-95056;ep-950566ec-667c-4667-a26a-43377bee38d5;WFS;2026-08-23T00:00:00.000Z;2026-09-22T00:00:00.000Z;30;complete_coverage;17;2026-09-08T00:00:00.000Z;2026-09-08T23:59:59.000Z;30;4320
producer;endpoint;Diffusion ep-95056 · IGN_Prod;;;IGN_Prod;ds-e8e54917-41a5-412c-997d-8e754468d105;;;Diffusion ep-95056;ep-950566ec-667c-4667-a26a-43377bee38d5;WFS;2026-08-23T00:00:00.000Z;2026-09-22T00:00:00.000Z;30;complete_coverage;18;2026-09-09T00:00:00.000Z;2026-09-09T23:59:59.000Z;27;2889
producer;endpoint;Diffusion ep-95056 · IGN_Prod;;;IGN_Prod;ds-e8e54917-41a5-412c-997d-8e754468d105;;;Diffusion ep-95056;ep-950566ec-667c-4667-a26a-43377bee38d5;WFS;2026-08-23T00:00:00.000Z;2026-09-22T00:00:00.000Z;30;complete_coverage;19;2026-09-10T00:00:00.000Z;2026-09-10T23:59:59.000Z;28;6860
producer;endpoint;Diffusion ep-95056 · IGN_Prod;;;IGN_Prod;ds-e8e54917-41a5-412c-997d-8e754468d105;;;Diffusion ep-95056;ep-950566ec-667c-4667-a26a-43377bee38d5;WFS;2026-08-23T00:00:00.000Z;2026-09-22T00:00:00.000Z;30;complete_coverage;20;2026-09-11T00:00:00.000Z;2026-09-11T23:59:59.000Z;26;7280
producer;endpoint;Diffusion ep-95056 · IGN_Prod;;;IGN_Prod;ds-e8e54917-41a5-412c-997d-8e754468d105;;;Diffusion ep-95056;ep-950566ec-667c-4667-a26a-43377bee38d5;WFS;2026-08-23T00:00:00.000Z;2026-09-22T00:00:00.000Z;30;complete_coverage;21;2026-09-12T00:00:00.000Z;2026-09-12T23:59:59.000Z;32;8544
producer;endpoint;Diffusion ep-95056 · IGN_Prod;;;IGN_Prod;ds-e8e54917-41a5-412c-997d-8e754468d105;;;Diffusion ep-95056;ep-950566ec-667c-4667-a26a-43377bee38d5;WFS;2026-08-23T00:00:00.000Z;2026-09-22T00:00:00.000Z;30;complete_coverage;22;2026-09-13T00:00:00.000Z;2026-09-13T23:59:59.000Z;26;6916
producer;endpoint;Diffusion ep-95056 · IGN_Prod;;;IGN_Prod;ds-e8e54917-41a5-412c-997d-8e754468d105;;;Diffusion ep-95056;ep-950566ec-667c-4667-a26a-43377bee38d5;WFS;2026-08-23T00:00:00.000Z;2026-09-22T00:00:00.000Z;30;complete_coverage;23;2026-09-14T00:00:00.000Z;2026-09-14T23:59:59.000Z;29;3944
producer;endpoint;Diffusion ep-95056 · IGN_Prod;;;IGN_Prod;ds-e8e54917-41a5-412c-997d-8e754468d105;;;Diffusion ep-95056;ep-950566ec-667c-4667-a26a-43377bee38d5;WFS;2026-08-23T00:00:00.000Z;2026-09-22T00:00:00.000Z;30;complete_coverage;24;2026-09-15T00:00:00.000Z;2026-09-15T23:59:59.000Z;31;6355
producer;endpoint;Diffusion ep-95056 · IGN_Prod;;;IGN_Prod;ds-e8e54917-41a5-412c-997d-8e754468d105;;;Diffusion ep-95056;ep-950566ec-667c-4667-a26a-43377bee38d5;WFS;2026-08-23T00:00:00.000Z;2026-09-22T00:00:00.000Z;30;complete_coverage;25;2026-09-16T00:00:00.000Z;2026-09-16T23:59:59.000Z;32;5568
producer;endpoint;Diffusion ep-95056 · IGN_Prod;;;IGN_Prod;ds-e8e54917-41a5-412c-997d-8e754468d105;;;Diffusion ep-95056;ep-950566ec-667c-4667-a26a-43377bee38d5;WFS;2026-08-23T00:00:00.000Z;2026-09-22T00:00:00.000Z;30;complete_coverage;26;2026-09-17T00:00:00.000Z;2026-09-17T23:59:59.000Z;26;8814
producer;endpoint;Diffusion ep-95056 · IGN_Prod;;;IGN_Prod;ds-e8e54917-41a5-412c-997d-8e754468d105;;;Diffusion ep-95056;ep-950566ec-667c-4667-a26a-43377bee38d5;WFS;2026-08-23T00:00:00.000Z;2026-09-22T00:00:00.000Z;30;complete_coverage;27;2026-09-18T00:00:00.000Z;2026-09-18T23:59:59.000Z;29;8149
producer;endpoint;Diffusion ep-95056 · IGN_Prod;;;IGN_Prod;ds-e8e54917-41a5-412c-997d-8e754468d105;;;Diffusion ep-95056;ep-950566ec-667c-4667-a26a-43377bee38d5;WFS;2026-08-23T00:00:00.000Z;2026-09-22T00:00:00.000Z;30;complete_coverage;28;2026-09-19T00:00:00.000Z;2026-09-19T23:59:59.000Z;34;7718
producer;endpoint;Diffusion ep-95056 · IGN_Prod;;;IGN_Prod;ds-e8e54917-41a5-412c-997d-8e754468d105;;;Diffusion ep-95056;ep-950566ec-667c-4667-a26a-43377bee38d5;WFS;2026-08-23T00:00:00.000Z;2026-09-22T00:00:00.000Z;30;complete_coverage;29;2026-09-20T00:00:00.000Z;2026-09-20T23:59:59.000Z;33;9141
producer;endpoint;Diffusion ep-95056 · IGN_Prod;;;IGN_Prod;ds-e8e54917-41a5-412c-997d-8e754468d105;;;Diffusion ep-95056;ep-950566ec-667c-4667-a26a-43377bee38d5;WFS;2026-08-23T00:00:00.000Z;2026-09-22T00:00:00.000Z;30;complete_coverage;30;2026-09-21T00:00:00.000Z;2026-09-21T23:59:59.000Z;29;6815
producer;endpoint;Diffusion ep-f48bc · IGN_Prod;;;IGN_Prod;ds-e8e54917-41a5-412c-997d-8e754468d105;;;Diffusion ep-f48bc;ep-f48bc594-2291-45b1-a8c3-9045747ba99d;WFS;2026-08-23T00:00:00.000Z;2026-09-22T00:00:00.000Z;30;complete_coverage;1;2026-08-23T00:00:00.000Z;2026-08-23T23:59:59.000Z;26;7072
producer;endpoint;Diffusion ep-f48bc · IGN_Prod;;;IGN_Prod;ds-e8e54917-41a5-412c-997d-8e754468d105;;;Diffusion ep-f48bc;ep-f48bc594-2291-45b1-a8c3-9045747ba99d;WFS;2026-08-23T00:00:00.000Z;2026-09-22T00:00:00.000Z;30;complete_coverage;2;2026-08-24T00:00:00.000Z;2026-08-24T23:59:59.000Z;24;2400
producer;endpoint;Diffusion ep-f48bc · IGN_Prod;;;IGN_Prod;ds-e8e54917-41a5-412c-997d-8e754468d105;;;Diffusion ep-f48bc;ep-f48bc594-2291-45b1-a8c3-9045747ba99d;WFS;2026-08-23T00:00:00.000Z;2026-09-22T00:00:00.000Z;30;complete_coverage;3;2026-08-25T00:00:00.000Z;2026-08-25T23:59:59.000Z;30;5310
producer;endpoint;Diffusion ep-f48bc · IGN_Prod;;;IGN_Prod;ds-e8e54917-41a5-412c-997d-8e754468d105;;;Diffusion ep-f48bc;ep-f48bc594-2291-45b1-a8c3-9045747ba99d;WFS;2026-08-23T00:00:00.000Z;2026-09-22T00:00:00.000Z;30;complete_coverage;4;2026-08-26T00:00:00.000Z;2026-08-26T23:59:59.000Z;23;4232
producer;endpoint;Diffusion ep-f48bc · IGN_Prod;;;IGN_Prod;ds-e8e54917-41a5-412c-997d-8e754468d105;;;Diffusion ep-f48bc;ep-f48bc594-2291-45b1-a8c3-9045747ba99d;WFS;2026-08-23T00:00:00.000Z;2026-09-22T00:00:00.000Z;30;complete_coverage;5;2026-08-27T00:00:00.000Z;2026-08-27T23:59:59.000Z;26;6630
producer;endpoint;Diffusion ep-f48bc · IGN_Prod;;;IGN_Prod;ds-e8e54917-41a5-412c-997d-8e754468d105;;;Diffusion ep-f48bc;ep-f48bc594-2291-45b1-a8c3-9045747ba99d;WFS;2026-08-23T00:00:00.000Z;2026-09-22T00:00:00.000Z;30;complete_coverage;6;2026-08-28T00:00:00.000Z;2026-08-28T23:59:59.000Z;26;7280
producer;endpoint;Diffusion ep-f48bc · IGN_Prod;;;IGN_Prod;ds-e8e54917-41a5-412c-997d-8e754468d105;;;Diffusion ep-f48bc;ep-f48bc594-2291-45b1-a8c3-9045747ba99d;WFS;2026-08-23T00:00:00.000Z;2026-09-22T00:00:00.000Z;30;complete_coverage;7;2026-08-29T00:00:00.000Z;2026-08-29T23:59:59.000Z;26;9308
producer;endpoint;Diffusion ep-f48bc · IGN_Prod;;;IGN_Prod;ds-e8e54917-41a5-412c-997d-8e754468d105;;;Diffusion ep-f48bc;ep-f48bc594-2291-45b1-a8c3-9045747ba99d;WFS;2026-08-23T00:00:00.000Z;2026-09-22T00:00:00.000Z;30;complete_coverage;8;2026-08-30T00:00:00.000Z;2026-08-30T23:59:59.000Z;28;8176
producer;endpoint;Diffusion ep-f48bc · IGN_Prod;;;IGN_Prod;ds-e8e54917-41a5-412c-997d-8e754468d105;;;Diffusion ep-f48bc;ep-f48bc594-2291-45b1-a8c3-9045747ba99d;WFS;2026-08-23T00:00:00.000Z;2026-09-22T00:00:00.000Z;30;complete_coverage;9;2026-08-31T00:00:00.000Z;2026-08-31T23:59:59.000Z;30;4830
producer;endpoint;Diffusion ep-f48bc · IGN_Prod;;;IGN_Prod;ds-e8e54917-41a5-412c-997d-8e754468d105;;;Diffusion ep-f48bc;ep-f48bc594-2291-45b1-a8c3-9045747ba99d;WFS;2026-08-23T00:00:00.000Z;2026-09-22T00:00:00.000Z;30;complete_coverage;10;2026-09-01T00:00:00.000Z;2026-09-01T23:59:59.000Z;21;5544
producer;endpoint;Diffusion ep-f48bc · IGN_Prod;;;IGN_Prod;ds-e8e54917-41a5-412c-997d-8e754468d105;;;Diffusion ep-f48bc;ep-f48bc594-2291-45b1-a8c3-9045747ba99d;WFS;2026-08-23T00:00:00.000Z;2026-09-22T00:00:00.000Z;30;complete_coverage;11;2026-09-02T00:00:00.000Z;2026-09-02T23:59:59.000Z;22;5918
producer;endpoint;Diffusion ep-f48bc · IGN_Prod;;;IGN_Prod;ds-e8e54917-41a5-412c-997d-8e754468d105;;;Diffusion ep-f48bc;ep-f48bc594-2291-45b1-a8c3-9045747ba99d;WFS;2026-08-23T00:00:00.000Z;2026-09-22T00:00:00.000Z;30;complete_coverage;12;2026-09-03T00:00:00.000Z;2026-09-03T23:59:59.000Z;30;5640
producer;endpoint;Diffusion ep-f48bc · IGN_Prod;;;IGN_Prod;ds-e8e54917-41a5-412c-997d-8e754468d105;;;Diffusion ep-f48bc;ep-f48bc594-2291-45b1-a8c3-9045747ba99d;WFS;2026-08-23T00:00:00.000Z;2026-09-22T00:00:00.000Z;30;complete_coverage;13;2026-09-04T00:00:00.000Z;2026-09-04T23:59:59.000Z;27;7236
producer;endpoint;Diffusion ep-f48bc · IGN_Prod;;;IGN_Prod;ds-e8e54917-41a5-412c-997d-8e754468d105;;;Diffusion ep-f48bc;ep-f48bc594-2291-45b1-a8c3-9045747ba99d;WFS;2026-08-23T00:00:00.000Z;2026-09-22T00:00:00.000Z;30;complete_coverage;14;2026-09-05T00:00:00.000Z;2026-09-05T23:59:59.000Z;28;10920
producer;endpoint;Diffusion ep-f48bc · IGN_Prod;;;IGN_Prod;ds-e8e54917-41a5-412c-997d-8e754468d105;;;Diffusion ep-f48bc;ep-f48bc594-2291-45b1-a8c3-9045747ba99d;WFS;2026-08-23T00:00:00.000Z;2026-09-22T00:00:00.000Z;30;complete_coverage;15;2026-09-06T00:00:00.000Z;2026-09-06T23:59:59.000Z;29;8903
producer;endpoint;Diffusion ep-f48bc · IGN_Prod;;;IGN_Prod;ds-e8e54917-41a5-412c-997d-8e754468d105;;;Diffusion ep-f48bc;ep-f48bc594-2291-45b1-a8c3-9045747ba99d;WFS;2026-08-23T00:00:00.000Z;2026-09-22T00:00:00.000Z;30;complete_coverage;16;2026-09-07T00:00:00.000Z;2026-09-07T23:59:59.000Z;22;8734
producer;endpoint;Diffusion ep-f48bc · IGN_Prod;;;IGN_Prod;ds-e8e54917-41a5-412c-997d-8e754468d105;;;Diffusion ep-f48bc;ep-f48bc594-2291-45b1-a8c3-9045747ba99d;WFS;2026-08-23T00:00:00.000Z;2026-09-22T00:00:00.000Z;30;complete_coverage;17;2026-09-08T00:00:00.000Z;2026-09-08T23:59:59.000Z;25;5600
producer;endpoint;Diffusion ep-f48bc · IGN_Prod;;;IGN_Prod;ds-e8e54917-41a5-412c-997d-8e754468d105;;;Diffusion ep-f48bc;ep-f48bc594-2291-45b1-a8c3-9045747ba99d;WFS;2026-08-23T00:00:00.000Z;2026-09-22T00:00:00.000Z;30;complete_coverage;18;2026-09-09T00:00:00.000Z;2026-09-09T23:59:59.000Z;29;8178
producer;endpoint;Diffusion ep-f48bc · IGN_Prod;;;IGN_Prod;ds-e8e54917-41a5-412c-997d-8e754468d105;;;Diffusion ep-f48bc;ep-f48bc594-2291-45b1-a8c3-9045747ba99d;WFS;2026-08-23T00:00:00.000Z;2026-09-22T00:00:00.000Z;30;complete_coverage;19;2026-09-10T00:00:00.000Z;2026-09-10T23:59:59.000Z;29;6177
producer;endpoint;Diffusion ep-f48bc · IGN_Prod;;;IGN_Prod;ds-e8e54917-41a5-412c-997d-8e754468d105;;;Diffusion ep-f48bc;ep-f48bc594-2291-45b1-a8c3-9045747ba99d;WFS;2026-08-23T00:00:00.000Z;2026-09-22T00:00:00.000Z;30;complete_coverage;20;2026-09-11T00:00:00.000Z;2026-09-11T23:59:59.000Z;28;6916
producer;endpoint;Diffusion ep-f48bc · IGN_Prod;;;IGN_Prod;ds-e8e54917-41a5-412c-997d-8e754468d105;;;Diffusion ep-f48bc;ep-f48bc594-2291-45b1-a8c3-9045747ba99d;WFS;2026-08-23T00:00:00.000Z;2026-09-22T00:00:00.000Z;30;complete_coverage;21;2026-09-12T00:00:00.000Z;2026-09-12T23:59:59.000Z;21;4368
producer;endpoint;Diffusion ep-f48bc · IGN_Prod;;;IGN_Prod;ds-e8e54917-41a5-412c-997d-8e754468d105;;;Diffusion ep-f48bc;ep-f48bc594-2291-45b1-a8c3-9045747ba99d;WFS;2026-08-23T00:00:00.000Z;2026-09-22T00:00:00.000Z;30;complete_coverage;22;2026-09-13T00:00:00.000Z;2026-09-13T23:59:59.000Z;30;9450
producer;endpoint;Diffusion ep-f48bc · IGN_Prod;;;IGN_Prod;ds-e8e54917-41a5-412c-997d-8e754468d105;;;Diffusion ep-f48bc;ep-f48bc594-2291-45b1-a8c3-9045747ba99d;WFS;2026-08-23T00:00:00.000Z;2026-09-22T00:00:00.000Z;30;complete_coverage;23;2026-09-14T00:00:00.000Z;2026-09-14T23:59:59.000Z;28;2464
producer;endpoint;Diffusion ep-f48bc · IGN_Prod;;;IGN_Prod;ds-e8e54917-41a5-412c-997d-8e754468d105;;;Diffusion ep-f48bc;ep-f48bc594-2291-45b1-a8c3-9045747ba99d;WFS;2026-08-23T00:00:00.000Z;2026-09-22T00:00:00.000Z;30;complete_coverage;24;2026-09-15T00:00:00.000Z;2026-09-15T23:59:59.000Z;30;8970
producer;endpoint;Diffusion ep-f48bc · IGN_Prod;;;IGN_Prod;ds-e8e54917-41a5-412c-997d-8e754468d105;;;Diffusion ep-f48bc;ep-f48bc594-2291-45b1-a8c3-9045747ba99d;WFS;2026-08-23T00:00:00.000Z;2026-09-22T00:00:00.000Z;30;complete_coverage;25;2026-09-16T00:00:00.000Z;2026-09-16T23:59:59.000Z;27;3456
producer;endpoint;Diffusion ep-f48bc · IGN_Prod;;;IGN_Prod;ds-e8e54917-41a5-412c-997d-8e754468d105;;;Diffusion ep-f48bc;ep-f48bc594-2291-45b1-a8c3-9045747ba99d;WFS;2026-08-23T00:00:00.000Z;2026-09-22T00:00:00.000Z;30;complete_coverage;26;2026-09-17T00:00:00.000Z;2026-09-17T23:59:59.000Z;25;4000
producer;endpoint;Diffusion ep-f48bc · IGN_Prod;;;IGN_Prod;ds-e8e54917-41a5-412c-997d-8e754468d105;;;Diffusion ep-f48bc;ep-f48bc594-2291-45b1-a8c3-9045747ba99d;WFS;2026-08-23T00:00:00.000Z;2026-09-22T00:00:00.000Z;30;complete_coverage;27;2026-09-18T00:00:00.000Z;2026-09-18T23:59:59.000Z;29;3422
producer;endpoint;Diffusion ep-f48bc · IGN_Prod;;;IGN_Prod;ds-e8e54917-41a5-412c-997d-8e754468d105;;;Diffusion ep-f48bc;ep-f48bc594-2291-45b1-a8c3-9045747ba99d;WFS;2026-08-23T00:00:00.000Z;2026-09-22T00:00:00.000Z;30;complete_coverage;28;2026-09-19T00:00:00.000Z;2026-09-19T23:59:59.000Z;26;5070
producer;endpoint;Diffusion ep-f48bc · IGN_Prod;;;IGN_Prod;ds-e8e54917-41a5-412c-997d-8e754468d105;;;Diffusion ep-f48bc;ep-f48bc594-2291-45b1-a8c3-9045747ba99d;WFS;2026-08-23T00:00:00.000Z;2026-09-22T00:00:00.000Z;30;complete_coverage;29;2026-09-20T00:00:00.000Z;2026-09-20T23:59:59.000Z;25;2100
producer;endpoint;Diffusion ep-f48bc · IGN_Prod;;;IGN_Prod;ds-e8e54917-41a5-412c-997d-8e754468d105;;;Diffusion ep-f48bc;ep-f48bc594-2291-45b1-a8c3-9045747ba99d;WFS;2026-08-23T00:00:00.000Z;2026-09-22T00:00:00.000Z;30;complete_coverage;30;2026-09-21T00:00:00.000Z;2026-09-21T23:59:59.000Z;21;3318
producer;offering;Couche IGN_Prod-0 · IGN_Prod;;;IGN_Prod;ds-e8e54917-41a5-412c-997d-8e754468d105;Couche IGN_Prod-0;off-a96d9215-3fa4-49ad-9c9a-39fa608aba4e;Diffusion;ep-f48bc594-2291-45b1-a8c3-9045747ba99d;WFS;2026-08-23T00:00:00.000Z;2026-09-22T00:00:00.000Z;30;partial_coverage;1;2026-09-04T00:00:00.000Z;2026-09-04T23:59:59.000Z;12;3228
producer;offering;Couche IGN_Prod-0 · IGN_Prod;;;IGN_Prod;ds-e8e54917-41a5-412c-997d-8e754468d105;Couche IGN_Prod-0;off-a96d9215-3fa4-49ad-9c9a-39fa608aba4e;Diffusion;ep-f48bc594-2291-45b1-a8c3-9045747ba99d;WFS;2026-08-23T00:00:00.000Z;2026-09-22T00:00:00.000Z;30;partial_coverage;2;2026-09-05T00:00:00.000Z;2026-09-05T23:59:59.000Z;18;2466
producer;offering;Couche IGN_Prod-0 · IGN_Prod;;;IGN_Prod;ds-e8e54917-41a5-412c-997d-8e754468d105;Couche IGN_Prod-0;off-a96d9215-3fa4-49ad-9c9a-39fa608aba4e;Diffusion;ep-f48bc594-2291-45b1-a8c3-9045747ba99d;WFS;2026-08-23T00:00:00.000Z;2026-09-22T00:00:00.000Z;30;partial_coverage;3;2026-09-06T00:00:00.000Z;2026-09-06T23:59:59.000Z;13;3133
producer;offering;Couche IGN_Prod-1 · IGN_Prod;;;IGN_Prod;ds-e8e54917-41a5-412c-997d-8e754468d105;Couche IGN_Prod-1;off-f96fae67-65e6-41ad-bd8e-657a9445cf71;Diffusion;ep-950566ec-667c-4667-a26a-43377bee38d5;WMS-VECTOR;2026-08-23T00:00:00.000Z;2026-09-22T00:00:00.000Z;30;partial_coverage;1;2026-09-05T00:00:00.000Z;2026-09-05T23:59:59.000Z;16;5936
producer;offering;Couche IGN_Prod-1 · IGN_Prod;;;IGN_Prod;ds-e8e54917-41a5-412c-997d-8e754468d105;Couche IGN_Prod-1;off-f96fae67-65e6-41ad-bd8e-657a9445cf71;Diffusion;ep-950566ec-667c-4667-a26a-43377bee38d5;WMS-VECTOR;2026-08-23T00:00:00.000Z;2026-09-22T00:00:00.000Z;30;partial_coverage;2;2026-09-06T00:00:00.000Z;2026-09-06T23:59:59.000Z;15;4605
producer;offering;Couche IGN_Prod-1 · IGN_Prod;;;IGN_Prod;ds-e8e54917-41a5-412c-997d-8e754468d105;Couche IGN_Prod-1;off-f96fae67-65e6-41ad-bd8e-657a9445cf71;Diffusion;ep-950566ec-667c-4667-a26a-43377bee38d5;WMS-VECTOR;2026-08-23T00:00:00.000Z;2026-09-22T00:00:00.000Z;30;partial_coverage;3;2026-09-07T00:00:00.000Z;2026-09-07T23:59:59.000Z;14;3962
producer;offering;Couche IGN_Prod-1 · IGN_Prod;;;IGN_Prod;ds-e8e54917-41a5-412c-997d-8e754468d105;Couche IGN_Prod-1;off-f96fae67-65e6-41ad-bd8e-657a9445cf71;Diffusion;ep-950566ec-667c-4667-a26a-43377bee38d5;WMS-VECTOR;2026-08-23T00:00:00.000Z;2026-09-22T00:00:00.000Z;30;partial_coverage;4;2026-09-08T00:00:00.000Z;2026-09-08T23:59:59.000Z;11;2497
producer;offering;Couche IGN_Prod-3 · IGN_Prod;;;IGN_Prod;ds-e8e54917-41a5-412c-997d-8e754468d105;Couche IGN_Prod-3;off-fd9c9e7d-e61d-4054-88fe-ead7b7abb803;Diffusion;ep-f48bc594-2291-45b1-a8c3-9045747ba99d;WMS-VECTOR;2026-08-23T00:00:00.000Z;2026-09-22T00:00:00.000Z;30;partial_coverage;1;2026-09-05T00:00:00.000Z;2026-09-05T23:59:59.000Z;18;5400
producer;offering;Couche IGN_Prod-3 · IGN_Prod;;;IGN_Prod;ds-e8e54917-41a5-412c-997d-8e754468d105;Couche IGN_Prod-3;off-fd9c9e7d-e61d-4054-88fe-ead7b7abb803;Diffusion;ep-f48bc594-2291-45b1-a8c3-9045747ba99d;WMS-VECTOR;2026-08-23T00:00:00.000Z;2026-09-22T00:00:00.000Z;30;partial_coverage;2;2026-09-06T00:00:00.000Z;2026-09-06T23:59:59.000Z;20;6320
producer;offering;Couche IGN_Prod-3 · IGN_Prod;;;IGN_Prod;ds-e8e54917-41a5-412c-997d-8e754468d105;Couche IGN_Prod-3;off-fd9c9e7d-e61d-4054-88fe-ead7b7abb803;Diffusion;ep-f48bc594-2291-45b1-a8c3-9045747ba99d;WMS-VECTOR;2026-08-23T00:00:00.000Z;2026-09-22T00:00:00.000Z;30;partial_coverage;3;2026-09-07T00:00:00.000Z;2026-09-07T23:59:59.000Z;11;1903
producer;offering;Couche IGN_Prod-3 · IGN_Prod;;;IGN_Prod;ds-e8e54917-41a5-412c-997d-8e754468d105;Couche IGN_Prod-3;off-fd9c9e7d-e61d-4054-88fe-ead7b7abb803;Diffusion;ep-f48bc594-2291-45b1-a8c3-9045747ba99d;WMS-VECTOR;2026-08-23T00:00:00.000Z;2026-09-22T00:00:00.000Z;30;partial_coverage;4;2026-09-08T00:00:00.000Z;2026-09-08T23:59:59.000Z;18;5040
producer;offering;Couche IGN_Prod-3 · IGN_Prod;;;IGN_Prod;ds-e8e54917-41a5-412c-997d-8e754468d105;Couche IGN_Prod-3;off-fd9c9e7d-e61d-4054-88fe-ead7b7abb803;Diffusion;ep-f48bc594-2291-45b1-a8c3-9045747ba99d;WMS-VECTOR;2026-08-23T00:00:00.000Z;2026-09-22T00:00:00.000Z;30;partial_coverage;5;2026-09-09T00:00:00.000Z;2026-09-09T23:59:59.000Z;12;3828
producer;offering;Couche IGN_Prod-3 · IGN_Prod;;;IGN_Prod;ds-e8e54917-41a5-412c-997d-8e754468d105;Couche IGN_Prod-3;off-fd9c9e7d-e61d-4054-88fe-ead7b7abb803;Diffusion;ep-f48bc594-2291-45b1-a8c3-9045747ba99d;WMS-VECTOR;2026-08-23T00:00:00.000Z;2026-09-22T00:00:00.000Z;30;partial_coverage;6;2026-09-10T00:00:00.000Z;2026-09-10T23:59:59.000Z;18;4932
producer;offering;Couche IGN_Prod-3 · IGN_Prod;;;IGN_Prod;ds-e8e54917-41a5-412c-997d-8e754468d105;Couche IGN_Prod-3;off-fd9c9e7d-e61d-4054-88fe-ead7b7abb803;Diffusion;ep-f48bc594-2291-45b1-a8c3-9045747ba99d;WMS-VECTOR;2026-08-23T00:00:00.000Z;2026-09-22T00:00:00.000Z;30;partial_coverage;7;2026-09-11T00:00:00.000Z;2026-09-11T23:59:59.000Z;15;4395
producer;offering;Couche IGN_Prod-3 · IGN_Prod;;;IGN_Prod;ds-e8e54917-41a5-412c-997d-8e754468d105;Couche IGN_Prod-3;off-fd9c9e7d-e61d-4054-88fe-ead7b7abb803;Diffusion;ep-f48bc594-2291-45b1-a8c3-9045747ba99d;WMS-VECTOR;2026-08-23T00:00:00.000Z;2026-09-22T00:00:00.000Z;30;partial_coverage;8;2026-09-12T00:00:00.000Z;2026-09-12T23:59:59.000Z;15;4875
producer;offering;Couche IGN_Prod-5 · IGN_Prod;;;IGN_Prod;ds-e8e54917-41a5-412c-997d-8e754468d105;Couche IGN_Prod-5;off-e300fb69-1340-4612-a908-ed3a4e5de2e3;Diffusion;ep-f48bc594-2291-45b1-a8c3-9045747ba99d;WMS-VECTOR;2026-08-23T00:00:00.000Z;2026-09-22T00:00:00.000Z;30;partial_coverage;1;2026-09-06T00:00:00.000Z;2026-09-06T23:59:59.000Z;17;5661
producer;offering;Couche IGN_Prod-5 · IGN_Prod;;;IGN_Prod;ds-e8e54917-41a5-412c-997d-8e754468d105;Couche IGN_Prod-5;off-e300fb69-1340-4612-a908-ed3a4e5de2e3;Diffusion;ep-f48bc594-2291-45b1-a8c3-9045747ba99d;WMS-VECTOR;2026-08-23T00:00:00.000Z;2026-09-22T00:00:00.000Z;30;partial_coverage;2;2026-09-07T00:00:00.000Z;2026-09-07T23:59:59.000Z;18;3366
producer;offering;Couche IGN_Prod-5 · IGN_Prod;;;IGN_Prod;ds-e8e54917-41a5-412c-997d-8e754468d105;Couche IGN_Prod-5;off-e300fb69-1340-4612-a908-ed3a4e5de2e3;Diffusion;ep-f48bc594-2291-45b1-a8c3-9045747ba99d;WMS-VECTOR;2026-08-23T00:00:00.000Z;2026-09-22T00:00:00.000Z;30;partial_coverage;3;2026-09-08T00:00:00.000Z;2026-09-08T23:59:59.000Z;15;1935
producer;offering;Couche IGN_Prod-5 · IGN_Prod;;;IGN_Prod;ds-e8e54917-41a5-412c-997d-8e754468d105;Couche IGN_Prod-5;off-e300fb69-1340-4612-a908-ed3a4e5de2e3;Diffusion;ep-f48bc594-2291-45b1-a8c3-9045747ba99d;WMS-VECTOR;2026-08-23T00:00:00.000Z;2026-09-22T00:00:00.000Z;30;partial_coverage;4;2026-09-09T00:00:00.000Z;2026-09-09T23:59:59.000Z;19;4104
producer;offering;Couche IGN_Prod-5 · IGN_Prod;;;IGN_Prod;ds-e8e54917-41a5-412c-997d-8e754468d105;Couche IGN_Prod-5;off-e300fb69-1340-4612-a908-ed3a4e5de2e3;Diffusion;ep-f48bc594-2291-45b1-a8c3-9045747ba99d;WMS-VECTOR;2026-08-23T00:00:00.000Z;2026-09-22T00:00:00.000Z;30;partial_coverage;5;2026-09-10T00:00:00.000Z;2026-09-10T23:59:59.000Z;13;1989
producer;offering;Couche IGN_Prod-6 · IGN_Prod;;;IGN_Prod;ds-e8e54917-41a5-412c-997d-8e754468d105;Couche IGN_Prod-6;off-0cb5d0b2-35da-4efb-bc51-5af9402e6976;Diffusion;ep-950566ec-667c-4667-a26a-43377bee38d5;WMS-VECTOR;2026-08-23T00:00:00.000Z;2026-09-22T00:00:00.000Z;30;complete_coverage;1;2026-08-23T00:00:00.000Z;2026-08-23T23:59:59.000Z;4;1508
producer;offering;Couche IGN_Prod-6 · IGN_Prod;;;IGN_Prod;ds-e8e54917-41a5-412c-997d-8e754468d105;Couche IGN_Prod-6;off-0cb5d0b2-35da-4efb-bc51-5af9402e6976;Diffusion;ep-950566ec-667c-4667-a26a-43377bee38d5;WMS-VECTOR;2026-08-23T00:00:00.000Z;2026-09-22T00:00:00.000Z;30;complete_coverage;2;2026-08-24T00:00:00.000Z;2026-08-24T23:59:59.000Z;6;1614
producer;offering;Couche IGN_Prod-6 · IGN_Prod;;;IGN_Prod;ds-e8e54917-41a5-412c-997d-8e754468d105;Couche IGN_Prod-6;off-0cb5d0b2-35da-4efb-bc51-5af9402e6976;Diffusion;ep-950566ec-667c-4667-a26a-43377bee38d5;WMS-VECTOR;2026-08-23T00:00:00.000Z;2026-09-22T00:00:00.000Z;30;complete_coverage;3;2026-08-25T00:00:00.000Z;2026-08-25T23:59:59.000Z;10;1990
producer;offering;Couche IGN_Prod-6 · IGN_Prod;;;IGN_Prod;ds-e8e54917-41a5-412c-997d-8e754468d105;Couche IGN_Prod-6;off-0cb5d0b2-35da-4efb-bc51-5af9402e6976;Diffusion;ep-950566ec-667c-4667-a26a-43377bee38d5;WMS-VECTOR;2026-08-23T00:00:00.000Z;2026-09-22T00:00:00.000Z;30;complete_coverage;4;2026-08-26T00:00:00.000Z;2026-08-26T23:59:59.000Z;1;364
producer;offering;Couche IGN_Prod-6 · IGN_Prod;;;IGN_Prod;ds-e8e54917-41a5-412c-997d-8e754468d105;Couche IGN_Prod-6;off-0cb5d0b2-35da-4efb-bc51-5af9402e6976;Diffusion;ep-950566ec-667c-4667-a26a-43377bee38d5;WMS-VECTOR;2026-08-23T00:00:00.000Z;2026-09-22T00:00:00.000Z;30;complete_coverage;5;2026-08-27T00:00:00.000Z;2026-08-27T23:59:59.000Z;5;685
producer;offering;Couche IGN_Prod-6 · IGN_Prod;;;IGN_Prod;ds-e8e54917-41a5-412c-997d-8e754468d105;Couche IGN_Prod-6;off-0cb5d0b2-35da-4efb-bc51-5af9402e6976;Diffusion;ep-950566ec-667c-4667-a26a-43377bee38d5;WMS-VECTOR;2026-08-23T00:00:00.000Z;2026-09-22T00:00:00.000Z;30;complete_coverage;6;2026-08-28T00:00:00.000Z;2026-08-28T23:59:59.000Z;5;1740
producer;offering;Couche IGN_Prod-6 · IGN_Prod;;;IGN_Prod;ds-e8e54917-41a5-412c-997d-8e754468d105;Couche IGN_Prod-6;off-0cb5d0b2-35da-4efb-bc51-5af9402e6976;Diffusion;ep-950566ec-667c-4667-a26a-43377bee38d5;WMS-VECTOR;2026-08-23T00:00:00.000Z;2026-09-22T00:00:00.000Z;30;complete_coverage;7;2026-08-29T00:00:00.000Z;2026-08-29T23:59:59.000Z;10;2530
producer;offering;Couche IGN_Prod-6 · IGN_Prod;;;IGN_Prod;ds-e8e54917-41a5-412c-997d-8e754468d105;Couche IGN_Prod-6;off-0cb5d0b2-35da-4efb-bc51-5af9402e6976;Diffusion;ep-950566ec-667c-4667-a26a-43377bee38d5;WMS-VECTOR;2026-08-23T00:00:00.000Z;2026-09-22T00:00:00.000Z;30;complete_coverage;8;2026-08-30T00:00:00.000Z;2026-08-30T23:59:59.000Z;2;184
producer;offering;Couche IGN_Prod-6 · IGN_Prod;;;IGN_Prod;ds-e8e54917-41a5-412c-997d-8e754468d105;Couche IGN_Prod-6;off-0cb5d0b2-35da-4efb-bc51-5af9402e6976;Diffusion;ep-950566ec-667c-4667-a26a-43377bee38d5;WMS-VECTOR;2026-08-23T00:00:00.000Z;2026-09-22T00:00:00.000Z;30;complete_coverage;9;2026-08-31T00:00:00.000Z;2026-08-31T23:59:59.000Z;9;2880
producer;offering;Couche IGN_Prod-6 · IGN_Prod;;;IGN_Prod;ds-e8e54917-41a5-412c-997d-8e754468d105;Couche IGN_Prod-6;off-0cb5d0b2-35da-4efb-bc51-5af9402e6976;Diffusion;ep-950566ec-667c-4667-a26a-43377bee38d5;WMS-VECTOR;2026-08-23T00:00:00.000Z;2026-09-22T00:00:00.000Z;30;complete_coverage;10;2026-09-01T00:00:00.000Z;2026-09-01T23:59:59.000Z;9;2475
producer;offering;Couche IGN_Prod-6 · IGN_Prod;;;IGN_Prod;ds-e8e54917-41a5-412c-997d-8e754468d105;Couche IGN_Prod-6;off-0cb5d0b2-35da-4efb-bc51-5af9402e6976;Diffusion;ep-950566ec-667c-4667-a26a-43377bee38d5;WMS-VECTOR;2026-08-23T00:00:00.000Z;2026-09-22T00:00:00.000Z;30;complete_coverage;11;2026-09-02T00:00:00.000Z;2026-09-02T23:59:59.000Z;8;2504
producer;offering;Couche IGN_Prod-6 · IGN_Prod;;;IGN_Prod;ds-e8e54917-41a5-412c-997d-8e754468d105;Couche IGN_Prod-6;off-0cb5d0b2-35da-4efb-bc51-5af9402e6976;Diffusion;ep-950566ec-667c-4667-a26a-43377bee38d5;WMS-VECTOR;2026-08-23T00:00:00.000Z;2026-09-22T00:00:00.000Z;30;complete_coverage;12;2026-09-03T00:00:00.000Z;2026-09-03T23:59:59.000Z;6;1194
producer;offering;Couche IGN_Prod-6 · IGN_Prod;;;IGN_Prod;ds-e8e54917-41a5-412c-997d-8e754468d105;Couche IGN_Prod-6;off-0cb5d0b2-35da-4efb-bc51-5af9402e6976;Diffusion;ep-950566ec-667c-4667-a26a-43377bee38d5;WMS-VECTOR;2026-08-23T00:00:00.000Z;2026-09-22T00:00:00.000Z;30;complete_coverage;13;2026-09-04T00:00:00.000Z;2026-09-04T23:59:59.000Z;2;782
producer;offering;Couche IGN_Prod-6 · IGN_Prod;;;IGN_Prod;ds-e8e54917-41a5-412c-997d-8e754468d105;Couche IGN_Prod-6;off-0cb5d0b2-35da-4efb-bc51-5af9402e6976;Diffusion;ep-950566ec-667c-4667-a26a-43377bee38d5;WMS-VECTOR;2026-08-23T00:00:00.000Z;2026-09-22T00:00:00.000Z;30;complete_coverage;14;2026-09-05T00:00:00.000Z;2026-09-05T23:59:59.000Z;8;2000
producer;offering;Couche IGN_Prod-6 · IGN_Prod;;;IGN_Prod;ds-e8e54917-41a5-412c-997d-8e754468d105;Couche IGN_Prod-6;off-0cb5d0b2-35da-4efb-bc51-5af9402e6976;Diffusion;ep-950566ec-667c-4667-a26a-43377bee38d5;WMS-VECTOR;2026-08-23T00:00:00.000Z;2026-09-22T00:00:00.000Z;30;complete_coverage;15;2026-09-06T00:00:00.000Z;2026-09-06T23:59:59.000Z;7;1463
producer;offering;Couche IGN_Prod-6 · IGN_Prod;;;IGN_Prod;ds-e8e54917-41a5-412c-997d-8e754468d105;Couche IGN_Prod-6;off-0cb5d0b2-35da-4efb-bc51-5af9402e6976;Diffusion;ep-950566ec-667c-4667-a26a-43377bee38d5;WMS-VECTOR;2026-08-23T00:00:00.000Z;2026-09-22T00:00:00.000Z;30;complete_coverage;16;2026-09-07T00:00:00.000Z;2026-09-07T23:59:59.000Z;4;1452
producer;offering;Couche IGN_Prod-6 · IGN_Prod;;;IGN_Prod;ds-e8e54917-41a5-412c-997d-8e754468d105;Couche IGN_Prod-6;off-0cb5d0b2-35da-4efb-bc51-5af9402e6976;Diffusion;ep-950566ec-667c-4667-a26a-43377bee38d5;WMS-VECTOR;2026-08-23T00:00:00.000Z;2026-09-22T00:00:00.000Z;30;complete_coverage;17;2026-09-08T00:00:00.000Z;2026-09-08T23:59:59.000Z;2;734
producer;offering;Couche IGN_Prod-6 · IGN_Prod;;;IGN_Prod;ds-e8e54917-41a5-412c-997d-8e754468d105;Couche IGN_Prod-6;off-0cb5d0b2-35da-4efb-bc51-5af9402e6976;Diffusion;ep-950566ec-667c-4667-a26a-43377bee38d5;WMS-VECTOR;2026-08-23T00:00:00.000Z;2026-09-22T00:00:00.000Z;30;complete_coverage;18;2026-09-09T00:00:00.000Z;2026-09-09T23:59:59.000Z;5;1855
producer;offering;Couche IGN_Prod-6 · IGN_Prod;;;IGN_Prod;ds-e8e54917-41a5-412c-997d-8e754468d105;Couche IGN_Prod-6;off-0cb5d0b2-35da-4efb-bc51-5af9402e6976;Diffusion;ep-950566ec-667c-4667-a26a-43377bee38d5;WMS-VECTOR;2026-08-23T00:00:00.000Z;2026-09-22T00:00:00.000Z;30;complete_coverage;19;2026-09-10T00:00:00.000Z;2026-09-10T23:59:59.000Z;9;2412
producer;offering;Couche IGN_Prod-6 · IGN_Prod;;;IGN_Prod;ds-e8e54917-41a5-412c-997d-8e754468d105;Couche IGN_Prod-6;off-0cb5d0b2-35da-4efb-bc51-5af9402e6976;Diffusion;ep-950566ec-667c-4667-a26a-43377bee38d5;WMS-VECTOR;2026-08-23T00:00:00.000Z;2026-09-22T00:00:00.000Z;30;complete_coverage;20;2026-09-11T00:00:00.000Z;2026-09-11T23:59:59.000Z;7;595
producer;offering;Couche IGN_Prod-6 · IGN_Prod;;;IGN_Prod;ds-e8e54917-41a5-412c-997d-8e754468d105;Couche IGN_Prod-6;off-0cb5d0b2-35da-4efb-bc51-5af9402e6976;Diffusion;ep-950566ec-667c-4667-a26a-43377bee38d5;WMS-VECTOR;2026-08-23T00:00:00.000Z;2026-09-22T00:00:00.000Z;30;complete_coverage;21;2026-09-12T00:00:00.000Z;2026-09-12T23:59:59.000Z;6;2004
producer;offering;Couche IGN_Prod-6 · IGN_Prod;;;IGN_Prod;ds-e8e54917-41a5-412c-997d-8e754468d105;Couche IGN_Prod-6;off-0cb5d0b2-35da-4efb-bc51-5af9402e6976;Diffusion;ep-950566ec-667c-4667-a26a-43377bee38d5;WMS-VECTOR;2026-08-23T00:00:00.000Z;2026-09-22T00:00:00.000Z;30;complete_coverage;22;2026-09-13T00:00:00.000Z;2026-09-13T23:59:59.000Z;7;2184
producer;offering;Couche IGN_Prod-6 · IGN_Prod;;;IGN_Prod;ds-e8e54917-41a5-412c-997d-8e754468d105;Couche IGN_Prod-6;off-0cb5d0b2-35da-4efb-bc51-5af9402e6976;Diffusion;ep-950566ec-667c-4667-a26a-43377bee38d5;WMS-VECTOR;2026-08-23T00:00:00.000Z;2026-09-22T00:00:00.000Z;30;complete_coverage;23;2026-09-14T00:00:00.000Z;2026-09-14T23:59:59.000Z;4;1520
producer;offering;Couche IGN_Prod-6 · IGN_Prod;;;IGN_Prod;ds-e8e54917-41a5-412c-997d-8e754468d105;Couche IGN_Prod-6;off-0cb5d0b2-35da-4efb-bc51-5af9402e6976;Diffusion;ep-950566ec-667c-4667-a26a-43377bee38d5;WMS-VECTOR;2026-08-23T00:00:00.000Z;2026-09-22T00:00:00.000Z;30;complete_coverage;24;2026-09-15T00:00:00.000Z;2026-09-15T23:59:59.000Z;8;696
producer;offering;Couche IGN_Prod-6 · IGN_Prod;;;IGN_Prod;ds-e8e54917-41a5-412c-997d-8e754468d105;Couche IGN_Prod-6;off-0cb5d0b2-35da-4efb-bc51-5af9402e6976;Diffusion;ep-950566ec-667c-4667-a26a-43377bee38d5;WMS-VECTOR;2026-08-23T00:00:00.000Z;2026-09-22T00:00:00.000Z;30;complete_coverage;25;2026-09-16T00:00:00.000Z;2026-09-16T23:59:59.000Z;10;3460
producer;offering;Couche IGN_Prod-6 · IGN_Prod;;;IGN_Prod;ds-e8e54917-41a5-412c-997d-8e754468d105;Couche IGN_Prod-6;off-0cb5d0b2-35da-4efb-bc51-5af9402e6976;Diffusion;ep-950566ec-667c-4667-a26a-43377bee38d5;WMS-VECTOR;2026-08-23T00:00:00.000Z;2026-09-22T00:00:00.000Z;30;complete_coverage;26;2026-09-17T00:00:00.000Z;2026-09-17T23:59:59.000Z;3;474
producer;offering;Couche IGN_Prod-6 · IGN_Prod;;;IGN_Prod;ds-e8e54917-41a5-412c-997d-8e754468d105;Couche IGN_Prod-6;off-0cb5d0b2-35da-4efb-bc51-5af9402e6976;Diffusion;ep-950566ec-667c-4667-a26a-43377bee38d5;WMS-VECTOR;2026-08-23T00:00:00.000Z;2026-09-22T00:00:00.000Z;30;complete_coverage;27;2026-09-18T00:00:00.000Z;2026-09-18T23:59:59.000Z;7;644
producer;offering;Couche IGN_Prod-6 · IGN_Prod;;;IGN_Prod;ds-e8e54917-41a5-412c-997d-8e754468d105;Couche IGN_Prod-6;off-0cb5d0b2-35da-4efb-bc51-5af9402e6976;Diffusion;ep-950566ec-667c-4667-a26a-43377bee38d5;WMS-VECTOR;2026-08-23T00:00:00.000Z;2026-09-22T00:00:00.000Z;30;complete_coverage;28;2026-09-19T00:00:00.000Z;2026-09-19T23:59:59.000Z;9;2025
producer;offering;Couche IGN_Prod-6 · IGN_Prod;;;IGN_Prod;ds-e8e54917-41a5-412c-997d-8e754468d105;Couche IGN_Prod-6;off-0cb5d0b2-35da-4efb-bc51-5af9402e6976;Diffusion;ep-950566ec-667c-4667-a26a-43377bee38d5;WMS-VECTOR;2026-08-23T00:00:00.000Z;2026-09-22T00:00:00.000Z;30;complete_coverage;29;2026-09-20T00:00:00.000Z;2026-09-20T23:59:59.000Z;8;2984
producer;offering;Couche IGN_Prod-6 · IGN_Prod;;;IGN_Prod;ds-e8e54917-41a5-412c-997d-8e754468d105;Couche IGN_Prod-6;off-0cb5d0b2-35da-4efb-bc51-5af9402e6976;Diffusion;ep-950566ec-667c-4667-a26a-43377bee38d5;WMS-VECTOR;2026-08-23T00:00:00.000Z;2026-09-22T00:00:00.000Z;30;complete_coverage;30;2026-09-21T00:00:00.000Z;2026-09-21T23:59:59.000Z;2;538
producer;offering;Couche IGN_Prod-9 · IGN_Prod;;;IGN_Prod;ds-e8e54917-41a5-412c-997d-8e754468d105;Couche IGN_Prod-9;off-47f626a5-ea8c-4058-9731-9f4f3cc47b74;Diffusion;ep-950566ec-667c-4667-a26a-43377bee38d5;WMTS-TMS;2026-08-23T00:00:00.000Z;2026-09-22T00:00:00.000Z;30;partial_coverage;1;2026-09-07T00:00:00.000Z;2026-09-07T23:59:59.000Z;6;798
producer;offering;Couche IGN_Prod-9 · IGN_Prod;;;IGN_Prod;ds-e8e54917-41a5-412c-997d-8e754468d105;Couche IGN_Prod-9;off-47f626a5-ea8c-4058-9731-9f4f3cc47b74;Diffusion;ep-950566ec-667c-4667-a26a-43377bee38d5;WMTS-TMS;2026-08-23T00:00:00.000Z;2026-09-22T00:00:00.000Z;30;partial_coverage;2;2026-09-08T00:00:00.000Z;2026-09-08T23:59:59.000Z;8;888
producer;offering;Couche IGN_Prod-9 · IGN_Prod;;;IGN_Prod;ds-e8e54917-41a5-412c-997d-8e754468d105;Couche IGN_Prod-9;off-47f626a5-ea8c-4058-9731-9f4f3cc47b74;Diffusion;ep-950566ec-667c-4667-a26a-43377bee38d5;WMTS-TMS;2026-08-23T00:00:00.000Z;2026-09-22T00:00:00.000Z;30;partial_coverage;3;2026-09-09T00:00:00.000Z;2026-09-09T23:59:59.000Z;2;466
producer;offering;Couche IGN_Prod-10 · IGN_Prod;;;IGN_Prod;ds-e8e54917-41a5-412c-997d-8e754468d105;Couche IGN_Prod-10;off-d7fc7267-23b2-4b97-aef6-acad0c486329;Diffusion;ep-950566ec-667c-4667-a26a-43377bee38d5;WMS-RASTER;2026-08-23T00:00:00.000Z;2026-09-22T00:00:00.000Z;30;complete_coverage;1;2026-08-23T00:00:00.000Z;2026-08-23T23:59:59.000Z;14;3066
producer;offering;Couche IGN_Prod-10 · IGN_Prod;;;IGN_Prod;ds-e8e54917-41a5-412c-997d-8e754468d105;Couche IGN_Prod-10;off-d7fc7267-23b2-4b97-aef6-acad0c486329;Diffusion;ep-950566ec-667c-4667-a26a-43377bee38d5;WMS-RASTER;2026-08-23T00:00:00.000Z;2026-09-22T00:00:00.000Z;30;complete_coverage;2;2026-08-24T00:00:00.000Z;2026-08-24T23:59:59.000Z;17;2839
producer;offering;Couche IGN_Prod-10 · IGN_Prod;;;IGN_Prod;ds-e8e54917-41a5-412c-997d-8e754468d105;Couche IGN_Prod-10;off-d7fc7267-23b2-4b97-aef6-acad0c486329;Diffusion;ep-950566ec-667c-4667-a26a-43377bee38d5;WMS-RASTER;2026-08-23T00:00:00.000Z;2026-09-22T00:00:00.000Z;30;complete_coverage;3;2026-08-25T00:00:00.000Z;2026-08-25T23:59:59.000Z;14;4956
producer;offering;Couche IGN_Prod-10 · IGN_Prod;;;IGN_Prod;ds-e8e54917-41a5-412c-997d-8e754468d105;Couche IGN_Prod-10;off-d7fc7267-23b2-4b97-aef6-acad0c486329;Diffusion;ep-950566ec-667c-4667-a26a-43377bee38d5;WMS-RASTER;2026-08-23T00:00:00.000Z;2026-09-22T00:00:00.000Z;30;complete_coverage;4;2026-08-26T00:00:00.000Z;2026-08-26T23:59:59.000Z;12;2556
producer;offering;Couche IGN_Prod-10 · IGN_Prod;;;IGN_Prod;ds-e8e54917-41a5-412c-997d-8e754468d105;Couche IGN_Prod-10;off-d7fc7267-23b2-4b97-aef6-acad0c486329;Diffusion;ep-950566ec-667c-4667-a26a-43377bee38d5;WMS-RASTER;2026-08-23T00:00:00.000Z;2026-09-22T00:00:00.000Z;30;complete_coverage;5;2026-08-27T00:00:00.000Z;2026-08-27T23:59:59.000Z;16;3856
producer;offering;Couche IGN_Prod-10 · IGN_Prod;;;IGN_Prod;ds-e8e54917-41a5-412c-997d-8e754468d105;Couche IGN_Prod-10;off-d7fc7267-23b2-4b97-aef6-acad0c486329;Diffusion;ep-950566ec-667c-4667-a26a-43377bee38d5;WMS-RASTER;2026-08-23T00:00:00.000Z;2026-09-22T00:00:00.000Z;30;complete_coverage;6;2026-08-28T00:00:00.000Z;2026-08-28T23:59:59.000Z;10;970
producer;offering;Couche IGN_Prod-10 · IGN_Prod;;;IGN_Prod;ds-e8e54917-41a5-412c-997d-8e754468d105;Couche IGN_Prod-10;off-d7fc7267-23b2-4b97-aef6-acad0c486329;Diffusion;ep-950566ec-667c-4667-a26a-43377bee38d5;WMS-RASTER;2026-08-23T00:00:00.000Z;2026-09-22T00:00:00.000Z;30;complete_coverage;7;2026-08-29T00:00:00.000Z;2026-08-29T23:59:59.000Z;11;1287
producer;offering;Couche IGN_Prod-10 · IGN_Prod;;;IGN_Prod;ds-e8e54917-41a5-412c-997d-8e754468d105;Couche IGN_Prod-10;off-d7fc7267-23b2-4b97-aef6-acad0c486329;Diffusion;ep-950566ec-667c-4667-a26a-43377bee38d5;WMS-RASTER;2026-08-23T00:00:00.000Z;2026-09-22T00:00:00.000Z;30;complete_coverage;8;2026-08-30T00:00:00.000Z;2026-08-30T23:59:59.000Z;14;2282
producer;offering;Couche IGN_Prod-10 · IGN_Prod;;;IGN_Prod;ds-e8e54917-41a5-412c-997d-8e754468d105;Couche IGN_Prod-10;off-d7fc7267-23b2-4b97-aef6-acad0c486329;Diffusion;ep-950566ec-667c-4667-a26a-43377bee38d5;WMS-RASTER;2026-08-23T00:00:00.000Z;2026-09-22T00:00:00.000Z;30;complete_coverage;9;2026-08-31T00:00:00.000Z;2026-08-31T23:59:59.000Z;12;3144
producer;offering;Couche IGN_Prod-10 · IGN_Prod;;;IGN_Prod;ds-e8e54917-41a5-412c-997d-8e754468d105;Couche IGN_Prod-10;off-d7fc7267-23b2-4b97-aef6-acad0c486329;Diffusion;ep-950566ec-667c-4667-a26a-43377bee38d5;WMS-RASTER;2026-08-23T00:00:00.000Z;2026-09-22T00:00:00.000Z;30;complete_coverage;10;2026-09-01T00:00:00.000Z;2026-09-01T23:59:59.000Z;17;4233
producer;offering;Couche IGN_Prod-10 · IGN_Prod;;;IGN_Prod;ds-e8e54917-41a5-412c-997d-8e754468d105;Couche IGN_Prod-10;off-d7fc7267-23b2-4b97-aef6-acad0c486329;Diffusion;ep-950566ec-667c-4667-a26a-43377bee38d5;WMS-RASTER;2026-08-23T00:00:00.000Z;2026-09-22T00:00:00.000Z;30;complete_coverage;11;2026-09-02T00:00:00.000Z;2026-09-02T23:59:59.000Z;15;1860
producer;offering;Couche IGN_Prod-10 · IGN_Prod;;;IGN_Prod;ds-e8e54917-41a5-412c-997d-8e754468d105;Couche IGN_Prod-10;off-d7fc7267-23b2-4b97-aef6-acad0c486329;Diffusion;ep-950566ec-667c-4667-a26a-43377bee38d5;WMS-RASTER;2026-08-23T00:00:00.000Z;2026-09-22T00:00:00.000Z;30;complete_coverage;12;2026-09-03T00:00:00.000Z;2026-09-03T23:59:59.000Z;13;1937
producer;offering;Couche IGN_Prod-10 · IGN_Prod;;;IGN_Prod;ds-e8e54917-41a5-412c-997d-8e754468d105;Couche IGN_Prod-10;off-d7fc7267-23b2-4b97-aef6-acad0c486329;Diffusion;ep-950566ec-667c-4667-a26a-43377bee38d5;WMS-RASTER;2026-08-23T00:00:00.000Z;2026-09-22T00:00:00.000Z;30;complete_coverage;13;2026-09-04T00:00:00.000Z;2026-09-04T23:59:59.000Z;13;4693
producer;offering;Couche IGN_Prod-10 · IGN_Prod;;;IGN_Prod;ds-e8e54917-41a5-412c-997d-8e754468d105;Couche IGN_Prod-10;off-d7fc7267-23b2-4b97-aef6-acad0c486329;Diffusion;ep-950566ec-667c-4667-a26a-43377bee38d5;WMS-RASTER;2026-08-23T00:00:00.000Z;2026-09-22T00:00:00.000Z;30;complete_coverage;14;2026-09-05T00:00:00.000Z;2026-09-05T23:59:59.000Z;13;4043
producer;offering;Couche IGN_Prod-10 · IGN_Prod;;;IGN_Prod;ds-e8e54917-41a5-412c-997d-8e754468d105;Couche IGN_Prod-10;off-d7fc7267-23b2-4b97-aef6-acad0c486329;Diffusion;ep-950566ec-667c-4667-a26a-43377bee38d5;WMS-RASTER;2026-08-23T00:00:00.000Z;2026-09-22T00:00:00.000Z;30;complete_coverage;15;2026-09-06T00:00:00.000Z;2026-09-06T23:59:59.000Z;15;4530
producer;offering;Couche IGN_Prod-10 · IGN_Prod;;;IGN_Prod;ds-e8e54917-41a5-412c-997d-8e754468d105;Couche IGN_Prod-10;off-d7fc7267-23b2-4b97-aef6-acad0c486329;Diffusion;ep-950566ec-667c-4667-a26a-43377bee38d5;WMS-RASTER;2026-08-23T00:00:00.000Z;2026-09-22T00:00:00.000Z;30;complete_coverage;16;2026-09-07T00:00:00.000Z;2026-09-07T23:59:59.000Z;14;4130
producer;offering;Couche IGN_Prod-10 · IGN_Prod;;;IGN_Prod;ds-e8e54917-41a5-412c-997d-8e754468d105;Couche IGN_Prod-10;off-d7fc7267-23b2-4b97-aef6-acad0c486329;Diffusion;ep-950566ec-667c-4667-a26a-43377bee38d5;WMS-RASTER;2026-08-23T00:00:00.000Z;2026-09-22T00:00:00.000Z;30;complete_coverage;17;2026-09-08T00:00:00.000Z;2026-09-08T23:59:59.000Z;11;1859
producer;offering;Couche IGN_Prod-10 · IGN_Prod;;;IGN_Prod;ds-e8e54917-41a5-412c-997d-8e754468d105;Couche IGN_Prod-10;off-d7fc7267-23b2-4b97-aef6-acad0c486329;Diffusion;ep-950566ec-667c-4667-a26a-43377bee38d5;WMS-RASTER;2026-08-23T00:00:00.000Z;2026-09-22T00:00:00.000Z;30;complete_coverage;18;2026-09-09T00:00:00.000Z;2026-09-09T23:59:59.000Z;19;3553
producer;offering;Couche IGN_Prod-10 · IGN_Prod;;;IGN_Prod;ds-e8e54917-41a5-412c-997d-8e754468d105;Couche IGN_Prod-10;off-d7fc7267-23b2-4b97-aef6-acad0c486329;Diffusion;ep-950566ec-667c-4667-a26a-43377bee38d5;WMS-RASTER;2026-08-23T00:00:00.000Z;2026-09-22T00:00:00.000Z;30;complete_coverage;19;2026-09-10T00:00:00.000Z;2026-09-10T23:59:59.000Z;12;1284
producer;offering;Couche IGN_Prod-10 · IGN_Prod;;;IGN_Prod;ds-e8e54917-41a5-412c-997d-8e754468d105;Couche IGN_Prod-10;off-d7fc7267-23b2-4b97-aef6-acad0c486329;Diffusion;ep-950566ec-667c-4667-a26a-43377bee38d5;WMS-RASTER;2026-08-23T00:00:00.000Z;2026-09-22T00:00:00.000Z;30;complete_coverage;20;2026-09-11T00:00:00.000Z;2026-09-11T23:59:59.000Z;19;6726
producer;offering;Couche IGN_Prod-10 · IGN_Prod;;;IGN_Prod;ds-e8e54917-41a5-412c-997d-8e754468d105;Couche IGN_Prod-10;off-d7fc7267-23b2-4b97-aef6-acad0c486329;Diffusion;ep-950566ec-667c-4667-a26a-43377bee38d5;WMS-RASTER;2026-08-23T00:00:00.000Z;2026-09-22T00:00:00.000Z;30;complete_coverage;21;2026-09-12T00:00:00.000Z;2026-09-12T23:59:59.000Z;12;3120
producer;offering;Couche IGN_Prod-10 · IGN_Prod;;;IGN_Prod;ds-e8e54917-41a5-412c-997d-8e754468d105;Couche IGN_Prod-10;off-d7fc7267-23b2-4b97-aef6-acad0c486329;Diffusion;ep-950566ec-667c-4667-a26a-43377bee38d5;WMS-RASTER;2026-08-23T00:00:00.000Z;2026-09-22T00:00:00.000Z;30;complete_coverage;22;2026-09-13T00:00:00.000Z;2026-09-13T23:59:59.000Z;19;7562
producer;offering;Couche IGN_Prod-10 · IGN_Prod;;;IGN_Prod;ds-e8e54917-41a5-412c-997d-8e754468d105;Couche IGN_Prod-10;off-d7fc7267-23b2-4b97-aef6-acad0c486329;Diffusion;ep-950566ec-667c-4667-a26a-43377bee38d5;WMS-RASTER;2026-08-23T00:00:00.000Z;2026-09-22T00:00:00.000Z;30;complete_coverage;23;2026-09-14T00:00:00.000Z;2026-09-14T23:59:59.000Z;19;7144
producer;offering;Couche IGN_Prod-10 · IGN_Prod;;;IGN_Prod;ds-e8e54917-41a5-412c-997d-8e754468d105;Couche IGN_Prod-10;off-d7fc7267-23b2-4b97-aef6-acad0c486329;Diffusion;ep-950566ec-667c-4667-a26a-43377bee38d5;WMS-RASTER;2026-08-23T00:00:00.000Z;2026-09-22T00:00:00.000Z;30;complete_coverage;24;2026-09-15T00:00:00.000Z;2026-09-15T23:59:59.000Z;13;4810
producer;offering;Couche IGN_Prod-10 · IGN_Prod;;;IGN_Prod;ds-e8e54917-41a5-412c-997d-8e754468d105;Couche IGN_Prod-10;off-d7fc7267-23b2-4b97-aef6-acad0c486329;Diffusion;ep-950566ec-667c-4667-a26a-43377bee38d5;WMS-RASTER;2026-08-23T00:00:00.000Z;2026-09-22T00:00:00.000Z;30;complete_coverage;25;2026-09-16T00:00:00.000Z;2026-09-16T23:59:59.000Z;10;910
producer;offering;Couche IGN_Prod-10 · IGN_Prod;;;IGN_Prod;ds-e8e54917-41a5-412c-997d-8e754468d105;Couche IGN_Prod-10;off-d7fc7267-23b2-4b97-aef6-acad0c486329;Diffusion;ep-950566ec-667c-4667-a26a-43377bee38d5;WMS-RASTER;2026-08-23T00:00:00.000Z;2026-09-22T00:00:00.000Z;30;complete_coverage;26;2026-09-17T00:00:00.000Z;2026-09-17T23:59:59.000Z;16;3440
producer;offering;Couche IGN_Prod-10 · IGN_Prod;;;IGN_Prod;ds-e8e54917-41a5-412c-997d-8e754468d105;Couche IGN_Prod-10;off-d7fc7267-23b2-4b97-aef6-acad0c486329;Diffusion;ep-950566ec-667c-4667-a26a-43377bee38d5;WMS-RASTER;2026-08-23T00:00:00.000Z;2026-09-22T00:00:00.000Z;30;complete_coverage;27;2026-09-18T00:00:00.000Z;2026-09-18T23:59:59.000Z;15;4080
producer;offering;Couche IGN_Prod-10 · IGN_Prod;;;IGN_Prod;ds-e8e54917-41a5-412c-997d-8e754468d105;Couche IGN_Prod-10;off-d7fc7267-23b2-4b97-aef6-acad0c486329;Diffusion;ep-950566ec-667c-4667-a26a-43377bee38d5;WMS-RASTER;2026-08-23T00:00:00.000Z;2026-09-22T00:00:00.000Z;30;complete_coverage;28;2026-09-19T00:00:00.000Z;2026-09-19T23:59:59.000Z;18;4842
producer;offering;Couche IGN_Prod-10 · IGN_Prod;;;IGN_Prod;ds-e8e54917-41a5-412c-997d-8e754468d105;Couche IGN_Prod-10;off-d7fc7267-23b2-4b97-aef6-acad0c486329;Diffusion;ep-950566ec-667c-4667-a26a-43377bee38d5;WMS-RASTER;2026-08-23T00:00:00.000Z;2026-09-22T00:00:00.000Z;30;complete_coverage;29;2026-09-20T00:00:00.000Z;2026-09-20T23:59:59.000Z;17;4420
producer;offering;Couche IGN_Prod-10 · IGN_Prod;;;IGN_Prod;ds-e8e54917-41a5-412c-997d-8e754468d105;Couche IGN_Prod-10;off-d7fc7267-23b2-4b97-aef6-acad0c486329;Diffusion;ep-950566ec-667c-4667-a26a-43377bee38d5;WMS-RASTER;2026-08-23T00:00:00.000Z;2026-09-22T00:00:00.000Z;30;complete_coverage;30;2026-09-21T00:00:00.000Z;2026-09-21T23:59:59.000Z;16;5136
producer;offering;Couche IGN_Prod-12 · IGN_Prod;;;IGN_Prod;ds-e8e54917-41a5-412c-997d-8e754468d105;Couche IGN_Prod-12;off-c1d1ed16-e165-46d3-92f8-c89040c22f52;Diffusion;ep-950566ec-667c-4667-a26a-43377bee38d5;WMTS-TMS;2026-08-23T00:00:00.000Z;2026-09-22T00:00:00.000Z;30;complete_coverage;1;2026-08-23T00:00:00.000Z;2026-08-23T23:59:59.000Z;10;3550
producer;offering;Couche IGN_Prod-12 · IGN_Prod;;;IGN_Prod;ds-e8e54917-41a5-412c-997d-8e754468d105;Couche IGN_Prod-12;off-c1d1ed16-e165-46d3-92f8-c89040c22f52;Diffusion;ep-950566ec-667c-4667-a26a-43377bee38d5;WMTS-TMS;2026-08-23T00:00:00.000Z;2026-09-22T00:00:00.000Z;30;complete_coverage;2;2026-08-24T00:00:00.000Z;2026-08-24T23:59:59.000Z;8;1640
producer;offering;Couche IGN_Prod-12 · IGN_Prod;;;IGN_Prod;ds-e8e54917-41a5-412c-997d-8e754468d105;Couche IGN_Prod-12;off-c1d1ed16-e165-46d3-92f8-c89040c22f52;Diffusion;ep-950566ec-667c-4667-a26a-43377bee38d5;WMTS-TMS;2026-08-23T00:00:00.000Z;2026-09-22T00:00:00.000Z;30;complete_coverage;3;2026-08-25T00:00:00.000Z;2026-08-25T23:59:59.000Z;8;3032
producer;offering;Couche IGN_Prod-12 · IGN_Prod;;;IGN_Prod;ds-e8e54917-41a5-412c-997d-8e754468d105;Couche IGN_Prod-12;off-c1d1ed16-e165-46d3-92f8-c89040c22f52;Diffusion;ep-950566ec-667c-4667-a26a-43377bee38d5;WMTS-TMS;2026-08-23T00:00:00.000Z;2026-09-22T00:00:00.000Z;30;complete_coverage;4;2026-08-26T00:00:00.000Z;2026-08-26T23:59:59.000Z;16;1728
producer;offering;Couche IGN_Prod-12 · IGN_Prod;;;IGN_Prod;ds-e8e54917-41a5-412c-997d-8e754468d105;Couche IGN_Prod-12;off-c1d1ed16-e165-46d3-92f8-c89040c22f52;Diffusion;ep-950566ec-667c-4667-a26a-43377bee38d5;WMTS-TMS;2026-08-23T00:00:00.000Z;2026-09-22T00:00:00.000Z;30;complete_coverage;5;2026-08-27T00:00:00.000Z;2026-08-27T23:59:59.000Z;12;3408
producer;offering;Couche IGN_Prod-12 · IGN_Prod;;;IGN_Prod;ds-e8e54917-41a5-412c-997d-8e754468d105;Couche IGN_Prod-12;off-c1d1ed16-e165-46d3-92f8-c89040c22f52;Diffusion;ep-950566ec-667c-4667-a26a-43377bee38d5;WMTS-TMS;2026-08-23T00:00:00.000Z;2026-09-22T00:00:00.000Z;30;complete_coverage;6;2026-08-28T00:00:00.000Z;2026-08-28T23:59:59.000Z;16;6032
producer;offering;Couche IGN_Prod-12 · IGN_Prod;;;IGN_Prod;ds-e8e54917-41a5-412c-997d-8e754468d105;Couche IGN_Prod-12;off-c1d1ed16-e165-46d3-92f8-c89040c22f52;Diffusion;ep-950566ec-667c-4667-a26a-43377bee38d5;WMTS-TMS;2026-08-23T00:00:00.000Z;2026-09-22T00:00:00.000Z;30;complete_coverage;7;2026-08-29T00:00:00.000Z;2026-08-29T23:59:59.000Z;14;1456
producer;offering;Couche IGN_Prod-12 · IGN_Prod;;;IGN_Prod;ds-e8e54917-41a5-412c-997d-8e754468d105;Couche IGN_Prod-12;off-c1d1ed16-e165-46d3-92f8-c89040c22f52;Diffusion;ep-950566ec-667c-4667-a26a-43377bee38d5;WMTS-TMS;2026-08-23T00:00:00.000Z;2026-09-22T00:00:00.000Z;30;complete_coverage;8;2026-08-30T00:00:00.000Z;2026-08-30T23:59:59.000Z;8;1152
producer;offering;Couche IGN_Prod-12 · IGN_Prod;;;IGN_Prod;ds-e8e54917-41a5-412c-997d-8e754468d105;Couche IGN_Prod-12;off-c1d1ed16-e165-46d3-92f8-c89040c22f52;Diffusion;ep-950566ec-667c-4667-a26a-43377bee38d5;WMTS-TMS;2026-08-23T00:00:00.000Z;2026-09-22T00:00:00.000Z;30;complete_coverage;9;2026-08-31T00:00:00.000Z;2026-08-31T23:59:59.000Z;13;5005
producer;offering;Couche IGN_Prod-12 · IGN_Prod;;;IGN_Prod;ds-e8e54917-41a5-412c-997d-8e754468d105;Couche IGN_Prod-12;off-c1d1ed16-e165-46d3-92f8-c89040c22f52;Diffusion;ep-950566ec-667c-4667-a26a-43377bee38d5;WMTS-TMS;2026-08-23T00:00:00.000Z;2026-09-22T00:00:00.000Z;30;complete_coverage;10;2026-09-01T00:00:00.000Z;2026-09-01T23:59:59.000Z;12;4236
producer;offering;Couche IGN_Prod-12 · IGN_Prod;;;IGN_Prod;ds-e8e54917-41a5-412c-997d-8e754468d105;Couche IGN_Prod-12;off-c1d1ed16-e165-46d3-92f8-c89040c22f52;Diffusion;ep-950566ec-667c-4667-a26a-43377bee38d5;WMTS-TMS;2026-08-23T00:00:00.000Z;2026-09-22T00:00:00.000Z;30;complete_coverage;11;2026-09-02T00:00:00.000Z;2026-09-02T23:59:59.000Z;12;4044
producer;offering;Couche IGN_Prod-12 · IGN_Prod;;;IGN_Prod;ds-e8e54917-41a5-412c-997d-8e754468d105;Couche IGN_Prod-12;off-c1d1ed16-e165-46d3-92f8-c89040c22f52;Diffusion;ep-950566ec-667c-4667-a26a-43377bee38d5;WMTS-TMS;2026-08-23T00:00:00.000Z;2026-09-22T00:00:00.000Z;30;complete_coverage;12;2026-09-03T00:00:00.000Z;2026-09-03T23:59:59.000Z;15;3105
producer;offering;Couche IGN_Prod-12 · IGN_Prod;;;IGN_Prod;ds-e8e54917-41a5-412c-997d-8e754468d105;Couche IGN_Prod-12;off-c1d1ed16-e165-46d3-92f8-c89040c22f52;Diffusion;ep-950566ec-667c-4667-a26a-43377bee38d5;WMTS-TMS;2026-08-23T00:00:00.000Z;2026-09-22T00:00:00.000Z;30;complete_coverage;13;2026-09-04T00:00:00.000Z;2026-09-04T23:59:59.000Z;14;2366
producer;offering;Couche IGN_Prod-12 · IGN_Prod;;;IGN_Prod;ds-e8e54917-41a5-412c-997d-8e754468d105;Couche IGN_Prod-12;off-c1d1ed16-e165-46d3-92f8-c89040c22f52;Diffusion;ep-950566ec-667c-4667-a26a-43377bee38d5;WMTS-TMS;2026-08-23T00:00:00.000Z;2026-09-22T00:00:00.000Z;30;complete_coverage;14;2026-09-05T00:00:00.000Z;2026-09-05T23:59:59.000Z;8;1096
producer;offering;Couche IGN_Prod-12 · IGN_Prod;;;IGN_Prod;ds-e8e54917-41a5-412c-997d-8e754468d105;Couche IGN_Prod-12;off-c1d1ed16-e165-46d3-92f8-c89040c22f52;Diffusion;ep-950566ec-667c-4667-a26a-43377bee38d5;WMTS-TMS;2026-08-23T00:00:00.000Z;2026-09-22T00:00:00.000Z;30;complete_coverage;15;2026-09-06T00:00:00.000Z;2026-09-06T23:59:59.000Z;8;1232
producer;offering;Couche IGN_Prod-12 · IGN_Prod;;;IGN_Prod;ds-e8e54917-41a5-412c-997d-8e754468d105;Couche IGN_Prod-12;off-c1d1ed16-e165-46d3-92f8-c89040c22f52;Diffusion;ep-950566ec-667c-4667-a26a-43377bee38d5;WMTS-TMS;2026-08-23T00:00:00.000Z;2026-09-22T00:00:00.000Z;30;complete_coverage;16;2026-09-07T00:00:00.000Z;2026-09-07T23:59:59.000Z;16;5072
producer;offering;Couche IGN_Prod-12 · IGN_Prod;;;IGN_Prod;ds-e8e54917-41a5-412c-997d-8e754468d105;Couche IGN_Prod-12;off-c1d1ed16-e165-46d3-92f8-c89040c22f52;Diffusion;ep-950566ec-667c-4667-a26a-43377bee38d5;WMTS-TMS;2026-08-23T00:00:00.000Z;2026-09-22T00:00:00.000Z;30;complete_coverage;17;2026-09-08T00:00:00.000Z;2026-09-08T23:59:59.000Z;11;3729
producer;offering;Couche IGN_Prod-12 · IGN_Prod;;;IGN_Prod;ds-e8e54917-41a5-412c-997d-8e754468d105;Couche IGN_Prod-12;off-c1d1ed16-e165-46d3-92f8-c89040c22f52;Diffusion;ep-950566ec-667c-4667-a26a-43377bee38d5;WMTS-TMS;2026-08-23T00:00:00.000Z;2026-09-22T00:00:00.000Z;30;complete_coverage;18;2026-09-09T00:00:00.000Z;2026-09-09T23:59:59.000Z;14;2324
producer;offering;Couche IGN_Prod-12 · IGN_Prod;;;IGN_Prod;ds-e8e54917-41a5-412c-997d-8e754468d105;Couche IGN_Prod-12;off-c1d1ed16-e165-46d3-92f8-c89040c22f52;Diffusion;ep-950566ec-667c-4667-a26a-43377bee38d5;WMTS-TMS;2026-08-23T00:00:00.000Z;2026-09-22T00:00:00.000Z;30;complete_coverage;19;2026-09-10T00:00:00.000Z;2026-09-10T23:59:59.000Z;16;5600
producer;offering;Couche IGN_Prod-12 · IGN_Prod;;;IGN_Prod;ds-e8e54917-41a5-412c-997d-8e754468d105;Couche IGN_Prod-12;off-c1d1ed16-e165-46d3-92f8-c89040c22f52;Diffusion;ep-950566ec-667c-4667-a26a-43377bee38d5;WMTS-TMS;2026-08-23T00:00:00.000Z;2026-09-22T00:00:00.000Z;30;complete_coverage;20;2026-09-11T00:00:00.000Z;2026-09-11T23:59:59.000Z;15;1200
producer;offering;Couche IGN_Prod-12 · IGN_Prod;;;IGN_Prod;ds-e8e54917-41a5-412c-997d-8e754468d105;Couche IGN_Prod-12;off-c1d1ed16-e165-46d3-92f8-c89040c22f52;Diffusion;ep-950566ec-667c-4667-a26a-43377bee38d5;WMTS-TMS;2026-08-23T00:00:00.000Z;2026-09-22T00:00:00.000Z;30;complete_coverage;21;2026-09-12T00:00:00.000Z;2026-09-12T23:59:59.000Z;13;2470
producer;offering;Couche IGN_Prod-12 · IGN_Prod;;;IGN_Prod;ds-e8e54917-41a5-412c-997d-8e754468d105;Couche IGN_Prod-12;off-c1d1ed16-e165-46d3-92f8-c89040c22f52;Diffusion;ep-950566ec-667c-4667-a26a-43377bee38d5;WMTS-TMS;2026-08-23T00:00:00.000Z;2026-09-22T00:00:00.000Z;30;complete_coverage;22;2026-09-13T00:00:00.000Z;2026-09-13T23:59:59.000Z;8;808
producer;offering;Couche IGN_Prod-12 · IGN_Prod;;;IGN_Prod;ds-e8e54917-41a5-412c-997d-8e754468d105;Couche IGN_Prod-12;off-c1d1ed16-e165-46d3-92f8-c89040c22f52;Diffusion;ep-950566ec-667c-4667-a26a-43377bee38d5;WMTS-TMS;2026-08-23T00:00:00.000Z;2026-09-22T00:00:00.000Z;30;complete_coverage;23;2026-09-14T00:00:00.000Z;2026-09-14T23:59:59.000Z;11;1925
producer;offering;Couche IGN_Prod-12 · IGN_Prod;;;IGN_Prod;ds-e8e54917-41a5-412c-997d-8e754468d105;Couche IGN_Prod-12;off-c1d1ed16-e165-46d3-92f8-c89040c22f52;Diffusion;ep-950566ec-667c-4667-a26a-43377bee38d5;WMTS-TMS;2026-08-23T00:00:00.000Z;2026-09-22T00:00:00.000Z;30;complete_coverage;24;2026-09-15T00:00:00.000Z;2026-09-15T23:59:59.000Z;8;3024
producer;offering;Couche IGN_Prod-12 · IGN_Prod;;;IGN_Prod;ds-e8e54917-41a5-412c-997d-8e754468d105;Couche IGN_Prod-12;off-c1d1ed16-e165-46d3-92f8-c89040c22f52;Diffusion;ep-950566ec-667c-4667-a26a-43377bee38d5;WMTS-TMS;2026-08-23T00:00:00.000Z;2026-09-22T00:00:00.000Z;30;complete_coverage;25;2026-09-16T00:00:00.000Z;2026-09-16T23:59:59.000Z;11;3366
producer;offering;Couche IGN_Prod-12 · IGN_Prod;;;IGN_Prod;ds-e8e54917-41a5-412c-997d-8e754468d105;Couche IGN_Prod-12;off-c1d1ed16-e165-46d3-92f8-c89040c22f52;Diffusion;ep-950566ec-667c-4667-a26a-43377bee38d5;WMTS-TMS;2026-08-23T00:00:00.000Z;2026-09-22T00:00:00.000Z;30;complete_coverage;26;2026-09-17T00:00:00.000Z;2026-09-17T23:59:59.000Z;11;2398
producer;offering;Couche IGN_Prod-12 · IGN_Prod;;;IGN_Prod;ds-e8e54917-41a5-412c-997d-8e754468d105;Couche IGN_Prod-12;off-c1d1ed16-e165-46d3-92f8-c89040c22f52;Diffusion;ep-950566ec-667c-4667-a26a-43377bee38d5;WMTS-TMS;2026-08-23T00:00:00.000Z;2026-09-22T00:00:00.000Z;30;complete_coverage;27;2026-09-18T00:00:00.000Z;2026-09-18T23:59:59.000Z;13;4186
producer;offering;Couche IGN_Prod-12 · IGN_Prod;;;IGN_Prod;ds-e8e54917-41a5-412c-997d-8e754468d105;Couche IGN_Prod-12;off-c1d1ed16-e165-46d3-92f8-c89040c22f52;Diffusion;ep-950566ec-667c-4667-a26a-43377bee38d5;WMTS-TMS;2026-08-23T00:00:00.000Z;2026-09-22T00:00:00.000Z;30;complete_coverage;28;2026-09-19T00:00:00.000Z;2026-09-19T23:59:59.000Z;13;5187
producer;offering;Couche IGN_Prod-12 · IGN_Prod;;;IGN_Prod;ds-e8e54917-41a5-412c-997d-8e754468d105;Couche IGN_Prod-12;off-c1d1ed16-e165-46d3-92f8-c89040c22f52;Diffusion;ep-950566ec-667c-4667-a26a-43377bee38d5;WMTS-TMS;2026-08-23T00:00:00.000Z;2026-09-22T00:00:00.000Z;30;complete_coverage;29;2026-09-20T00:00:00.000Z;2026-09-20T23:59:59.000Z;10;2650
producer;offering;Couche IGN_Prod-12 · IGN_Prod;;;IGN_Prod;ds-e8e54917-41a5-412c-997d-8e754468d105;Couche IGN_Prod-12;off-c1d1ed16-e165-46d3-92f8-c89040c22f52;Diffusion;ep-950566ec-667c-4667-a26a-43377bee38d5;WMTS-TMS;2026-08-23T00:00:00.000Z;2026-09-22T00:00:00.000Z;30;complete_coverage;30;2026-09-21T00:00:00.000Z;2026-09-21T23:59:59.000Z;9;2232
producer;offering;Couche IGN_Prod-13 · IGN_Prod;;;IGN_Prod;ds-e8e54917-41a5-412c-997d-8e754468d105;Couche IGN_Prod-13;off-d52465d0-f3d6-483d-bd9c-834a3dec1b04;Diffusion;ep-950566ec-667c-4667-a26a-43377bee38d5;WMS-VECTOR;2026-08-23T00:00:00.000Z;2026-09-22T00:00:00.000Z;30;partial_coverage;1;2026-09-07T00:00:00.000Z;2026-09-07T23:59:59.000Z;11;3630
producer;offering;Couche IGN_Prod-13 · IGN_Prod;;;IGN_Prod;ds-e8e54917-41a5-412c-997d-8e754468d105;Couche IGN_Prod-13;off-d52465d0-f3d6-483d-bd9c-834a3dec1b04;Diffusion;ep-950566ec-667c-4667-a26a-43377bee38d5;WMS-VECTOR;2026-08-23T00:00:00.000Z;2026-09-22T00:00:00.000Z;30;partial_coverage;2;2026-09-08T00:00:00.000Z;2026-09-08T23:59:59.000Z;15;4545
producer;offering;Couche IGN_Prod-13 · IGN_Prod;;;IGN_Prod;ds-e8e54917-41a5-412c-997d-8e754468d105;Couche IGN_Prod-13;off-d52465d0-f3d6-483d-bd9c-834a3dec1b04;Diffusion;ep-950566ec-667c-4667-a26a-43377bee38d5;WMS-VECTOR;2026-08-23T00:00:00.000Z;2026-09-22T00:00:00.000Z;30;partial_coverage;3;2026-09-09T00:00:00.000Z;2026-09-09T23:59:59.000Z;8;1768
producer;offering;Couche IGN_Prod-13 · IGN_Prod;;;IGN_Prod;ds-e8e54917-41a5-412c-997d-8e754468d105;Couche IGN_Prod-13;off-d52465d0-f3d6-483d-bd9c-834a3dec1b04;Diffusion;ep-950566ec-667c-4667-a26a-43377bee38d5;WMS-VECTOR;2026-08-23T00:00:00.000Z;2026-09-22T00:00:00.000Z;30;partial_coverage;4;2026-09-10T00:00:00.000Z;2026-09-10T23:59:59.000Z;15;1635
producer;offering;Couche IGN_Prod-13 · IGN_Prod;;;IGN_Prod;ds-e8e54917-41a5-412c-997d-8e754468d105;Couche IGN_Prod-13;off-d52465d0-f3d6-483d-bd9c-834a3dec1b04;Diffusion;ep-950566ec-667c-4667-a26a-43377bee38d5;WMS-VECTOR;2026-08-23T00:00:00.000Z;2026-09-22T00:00:00.000Z;30;partial_coverage;5;2026-09-11T00:00:00.000Z;2026-09-11T23:59:59.000Z;8;744
producer;offering;Couche IGN_Prod-13 · IGN_Prod;;;IGN_Prod;ds-e8e54917-41a5-412c-997d-8e754468d105;Couche IGN_Prod-13;off-d52465d0-f3d6-483d-bd9c-834a3dec1b04;Diffusion;ep-950566ec-667c-4667-a26a-43377bee38d5;WMS-VECTOR;2026-08-23T00:00:00.000Z;2026-09-22T00:00:00.000Z;30;partial_coverage;6;2026-09-12T00:00:00.000Z;2026-09-12T23:59:59.000Z;11;1584
producer;offering;Couche IGN_Prod-15 · IGN_Prod;;;IGN_Prod;ds-e8e54917-41a5-412c-997d-8e754468d105;Couche IGN_Prod-15;off-7f194c1e-83fe-4391-bd07-81d4fd9122b5;Diffusion;ep-f48bc594-2291-45b1-a8c3-9045747ba99d;WMS-VECTOR;2026-08-23T00:00:00.000Z;2026-09-22T00:00:00.000Z;30;complete_coverage;1;2026-08-23T00:00:00.000Z;2026-08-23T23:59:59.000Z;10;2710
producer;offering;Couche IGN_Prod-15 · IGN_Prod;;;IGN_Prod;ds-e8e54917-41a5-412c-997d-8e754468d105;Couche IGN_Prod-15;off-7f194c1e-83fe-4391-bd07-81d4fd9122b5;Diffusion;ep-f48bc594-2291-45b1-a8c3-9045747ba99d;WMS-VECTOR;2026-08-23T00:00:00.000Z;2026-09-22T00:00:00.000Z;30;complete_coverage;2;2026-08-24T00:00:00.000Z;2026-08-24T23:59:59.000Z;10;1210
producer;offering;Couche IGN_Prod-15 · IGN_Prod;;;IGN_Prod;ds-e8e54917-41a5-412c-997d-8e754468d105;Couche IGN_Prod-15;off-7f194c1e-83fe-4391-bd07-81d4fd9122b5;Diffusion;ep-f48bc594-2291-45b1-a8c3-9045747ba99d;WMS-VECTOR;2026-08-23T00:00:00.000Z;2026-09-22T00:00:00.000Z;30;complete_coverage;3;2026-08-25T00:00:00.000Z;2026-08-25T23:59:59.000Z;17;1938
producer;offering;Couche IGN_Prod-15 · IGN_Prod;;;IGN_Prod;ds-e8e54917-41a5-412c-997d-8e754468d105;Couche IGN_Prod-15;off-7f194c1e-83fe-4391-bd07-81d4fd9122b5;Diffusion;ep-f48bc594-2291-45b1-a8c3-9045747ba99d;WMS-VECTOR;2026-08-23T00:00:00.000Z;2026-09-22T00:00:00.000Z;30;complete_coverage;4;2026-08-26T00:00:00.000Z;2026-08-26T23:59:59.000Z;12;3744
producer;offering;Couche IGN_Prod-15 · IGN_Prod;;;IGN_Prod;ds-e8e54917-41a5-412c-997d-8e754468d105;Couche IGN_Prod-15;off-7f194c1e-83fe-4391-bd07-81d4fd9122b5;Diffusion;ep-f48bc594-2291-45b1-a8c3-9045747ba99d;WMS-VECTOR;2026-08-23T00:00:00.000Z;2026-09-22T00:00:00.000Z;30;complete_coverage;5;2026-08-27T00:00:00.000Z;2026-08-27T23:59:59.000Z;14;1666
producer;offering;Couche IGN_Prod-15 · IGN_Prod;;;IGN_Prod;ds-e8e54917-41a5-412c-997d-8e754468d105;Couche IGN_Prod-15;off-7f194c1e-83fe-4391-bd07-81d4fd9122b5;Diffusion;ep-f48bc594-2291-45b1-a8c3-9045747ba99d;WMS-VECTOR;2026-08-23T00:00:00.000Z;2026-09-22T00:00:00.000Z;30;complete_coverage;6;2026-08-28T00:00:00.000Z;2026-08-28T23:59:59.000Z;16;1952
producer;offering;Couche IGN_Prod-15 · IGN_Prod;;;IGN_Prod;ds-e8e54917-41a5-412c-997d-8e754468d105;Couche IGN_Prod-15;off-7f194c1e-83fe-4391-bd07-81d4fd9122b5;Diffusion;ep-f48bc594-2291-45b1-a8c3-9045747ba99d;WMS-VECTOR;2026-08-23T00:00:00.000Z;2026-09-22T00:00:00.000Z;30;complete_coverage;7;2026-08-29T00:00:00.000Z;2026-08-29T23:59:59.000Z;14;3360
producer;offering;Couche IGN_Prod-15 · IGN_Prod;;;IGN_Prod;ds-e8e54917-41a5-412c-997d-8e754468d105;Couche IGN_Prod-15;off-7f194c1e-83fe-4391-bd07-81d4fd9122b5;Diffusion;ep-f48bc594-2291-45b1-a8c3-9045747ba99d;WMS-VECTOR;2026-08-23T00:00:00.000Z;2026-09-22T00:00:00.000Z;30;complete_coverage;8;2026-08-30T00:00:00.000Z;2026-08-30T23:59:59.000Z;9;1080
producer;offering;Couche IGN_Prod-15 · IGN_Prod;;;IGN_Prod;ds-e8e54917-41a5-412c-997d-8e754468d105;Couche IGN_Prod-15;off-7f194c1e-83fe-4391-bd07-81d4fd9122b5;Diffusion;ep-f48bc594-2291-45b1-a8c3-9045747ba99d;WMS-VECTOR;2026-08-23T00:00:00.000Z;2026-09-22T00:00:00.000Z;30;complete_coverage;9;2026-08-31T00:00:00.000Z;2026-08-31T23:59:59.000Z;10;2750
producer;offering;Couche IGN_Prod-15 · IGN_Prod;;;IGN_Prod;ds-e8e54917-41a5-412c-997d-8e754468d105;Couche IGN_Prod-15;off-7f194c1e-83fe-4391-bd07-81d4fd9122b5;Diffusion;ep-f48bc594-2291-45b1-a8c3-9045747ba99d;WMS-VECTOR;2026-08-23T00:00:00.000Z;2026-09-22T00:00:00.000Z;30;complete_coverage;10;2026-09-01T00:00:00.000Z;2026-09-01T23:59:59.000Z;9;1809
producer;offering;Couche IGN_Prod-15 · IGN_Prod;;;IGN_Prod;ds-e8e54917-41a5-412c-997d-8e754468d105;Couche IGN_Prod-15;off-7f194c1e-83fe-4391-bd07-81d4fd9122b5;Diffusion;ep-f48bc594-2291-45b1-a8c3-9045747ba99d;WMS-VECTOR;2026-08-23T00:00:00.000Z;2026-09-22T00:00:00.000Z;30;complete_coverage;11;2026-09-02T00:00:00.000Z;2026-09-02T23:59:59.000Z;9;783
producer;offering;Couche IGN_Prod-15 · IGN_Prod;;;IGN_Prod;ds-e8e54917-41a5-412c-997d-8e754468d105;Couche IGN_Prod-15;off-7f194c1e-83fe-4391-bd07-81d4fd9122b5;Diffusion;ep-f48bc594-2291-45b1-a8c3-9045747ba99d;WMS-VECTOR;2026-08-23T00:00:00.000Z;2026-09-22T00:00:00.000Z;30;complete_coverage;12;2026-09-03T00:00:00.000Z;2026-09-03T23:59:59.000Z;14;1890
producer;offering;Couche IGN_Prod-15 · IGN_Prod;;;IGN_Prod;ds-e8e54917-41a5-412c-997d-8e754468d105;Couche IGN_Prod-15;off-7f194c1e-83fe-4391-bd07-81d4fd9122b5;Diffusion;ep-f48bc594-2291-45b1-a8c3-9045747ba99d;WMS-VECTOR;2026-08-23T00:00:00.000Z;2026-09-22T00:00:00.000Z;30;complete_coverage;13;2026-09-04T00:00:00.000Z;2026-09-04T23:59:59.000Z;13;1612
producer;offering;Couche IGN_Prod-15 · IGN_Prod;;;IGN_Prod;ds-e8e54917-41a5-412c-997d-8e754468d105;Couche IGN_Prod-15;off-7f194c1e-83fe-4391-bd07-81d4fd9122b5;Diffusion;ep-f48bc594-2291-45b1-a8c3-9045747ba99d;WMS-VECTOR;2026-08-23T00:00:00.000Z;2026-09-22T00:00:00.000Z;30;complete_coverage;14;2026-09-05T00:00:00.000Z;2026-09-05T23:59:59.000Z;18;4698
producer;offering;Couche IGN_Prod-15 · IGN_Prod;;;IGN_Prod;ds-e8e54917-41a5-412c-997d-8e754468d105;Couche IGN_Prod-15;off-7f194c1e-83fe-4391-bd07-81d4fd9122b5;Diffusion;ep-f48bc594-2291-45b1-a8c3-9045747ba99d;WMS-VECTOR;2026-08-23T00:00:00.000Z;2026-09-22T00:00:00.000Z;30;complete_coverage;15;2026-09-06T00:00:00.000Z;2026-09-06T23:59:59.000Z;10;2170
producer;offering;Couche IGN_Prod-15 · IGN_Prod;;;IGN_Prod;ds-e8e54917-41a5-412c-997d-8e754468d105;Couche IGN_Prod-15;off-7f194c1e-83fe-4391-bd07-81d4fd9122b5;Diffusion;ep-f48bc594-2291-45b1-a8c3-9045747ba99d;WMS-VECTOR;2026-08-23T00:00:00.000Z;2026-09-22T00:00:00.000Z;30;complete_coverage;16;2026-09-07T00:00:00.000Z;2026-09-07T23:59:59.000Z;13;3484
producer;offering;Couche IGN_Prod-15 · IGN_Prod;;;IGN_Prod;ds-e8e54917-41a5-412c-997d-8e754468d105;Couche IGN_Prod-15;off-7f194c1e-83fe-4391-bd07-81d4fd9122b5;Diffusion;ep-f48bc594-2291-45b1-a8c3-9045747ba99d;WMS-VECTOR;2026-08-23T00:00:00.000Z;2026-09-22T00:00:00.000Z;30;complete_coverage;17;2026-09-08T00:00:00.000Z;2026-09-08T23:59:59.000Z;17;2142
producer;offering;Couche IGN_Prod-15 · IGN_Prod;;;IGN_Prod;ds-e8e54917-41a5-412c-997d-8e754468d105;Couche IGN_Prod-15;off-7f194c1e-83fe-4391-bd07-81d4fd9122b5;Diffusion;ep-f48bc594-2291-45b1-a8c3-9045747ba99d;WMS-VECTOR;2026-08-23T00:00:00.000Z;2026-09-22T00:00:00.000Z;30;complete_coverage;18;2026-09-09T00:00:00.000Z;2026-09-09T23:59:59.000Z;15;1860
producer;offering;Couche IGN_Prod-15 · IGN_Prod;;;IGN_Prod;ds-e8e54917-41a5-412c-997d-8e754468d105;Couche IGN_Prod-15;off-7f194c1e-83fe-4391-bd07-81d4fd9122b5;Diffusion;ep-f48bc594-2291-45b1-a8c3-9045747ba99d;WMS-VECTOR;2026-08-23T00:00:00.000Z;2026-09-22T00:00:00.000Z;30;complete_coverage;19;2026-09-10T00:00:00.000Z;2026-09-10T23:59:59.000Z;17;2805
producer;offering;Couche IGN_Prod-15 · IGN_Prod;;;IGN_Prod;ds-e8e54917-41a5-412c-997d-8e754468d105;Couche IGN_Prod-15;off-7f194c1e-83fe-4391-bd07-81d4fd9122b5;Diffusion;ep-f48bc594-2291-45b1-a8c3-9045747ba99d;WMS-VECTOR;2026-08-23T00:00:00.000Z;2026-09-22T00:00:00.000Z;30;complete_coverage;20;2026-09-11T00:00:00.000Z;2026-09-11T23:59:59.000Z;14;1862
producer;offering;Couche IGN_Prod-15 · IGN_Prod;;;IGN_Prod;ds-e8e54917-41a5-412c-997d-8e754468d105;Couche IGN_Prod-15;off-7f194c1e-83fe-4391-bd07-81d4fd9122b5;Diffusion;ep-f48bc594-2291-45b1-a8c3-9045747ba99d;WMS-VECTOR;2026-08-23T00:00:00.000Z;2026-09-22T00:00:00.000Z;30;complete_coverage;21;2026-09-12T00:00:00.000Z;2026-09-12T23:59:59.000Z;11;2728
producer;offering;Couche IGN_Prod-15 · IGN_Prod;;;IGN_Prod;ds-e8e54917-41a5-412c-997d-8e754468d105;Couche IGN_Prod-15;off-7f194c1e-83fe-4391-bd07-81d4fd9122b5;Diffusion;ep-f48bc594-2291-45b1-a8c3-9045747ba99d;WMS-VECTOR;2026-08-23T00:00:00.000Z;2026-09-22T00:00:00.000Z;30;complete_coverage;22;2026-09-13T00:00:00.000Z;2026-09-13T23:59:59.000Z;15;4275
producer;offering;Couche IGN_Prod-15 · IGN_Prod;;;IGN_Prod;ds-e8e54917-41a5-412c-997d-8e754468d105;Couche IGN_Prod-15;off-7f194c1e-83fe-4391-bd07-81d4fd9122b5;Diffusion;ep-f48bc594-2291-45b1-a8c3-9045747ba99d;WMS-VECTOR;2026-08-23T00:00:00.000Z;2026-09-22T00:00:00.000Z;30;complete_coverage;23;2026-09-14T00:00:00.000Z;2026-09-14T23:59:59.000Z;18;5220
producer;offering;Couche IGN_Prod-15 · IGN_Prod;;;IGN_Prod;ds-e8e54917-41a5-412c-997d-8e754468d105;Couche IGN_Prod-15;off-7f194c1e-83fe-4391-bd07-81d4fd9122b5;Diffusion;ep-f48bc594-2291-45b1-a8c3-9045747ba99d;WMS-VECTOR;2026-08-23T00:00:00.000Z;2026-09-22T00:00:00.000Z;30;complete_coverage;24;2026-09-15T00:00:00.000Z;2026-09-15T23:59:59.000Z;11;1947
producer;offering;Couche IGN_Prod-15 · IGN_Prod;;;IGN_Prod;ds-e8e54917-41a5-412c-997d-8e754468d105;Couche IGN_Prod-15;off-7f194c1e-83fe-4391-bd07-81d4fd9122b5;Diffusion;ep-f48bc594-2291-45b1-a8c3-9045747ba99d;WMS-VECTOR;2026-08-23T00:00:00.000Z;2026-09-22T00:00:00.000Z;30;complete_coverage;25;2026-09-16T00:00:00.000Z;2026-09-16T23:59:59.000Z;9;3528
producer;offering;Couche IGN_Prod-15 · IGN_Prod;;;IGN_Prod;ds-e8e54917-41a5-412c-997d-8e754468d105;Couche IGN_Prod-15;off-7f194c1e-83fe-4391-bd07-81d4fd9122b5;Diffusion;ep-f48bc594-2291-45b1-a8c3-9045747ba99d;WMS-VECTOR;2026-08-23T00:00:00.000Z;2026-09-22T00:00:00.000Z;30;complete_coverage;26;2026-09-17T00:00:00.000Z;2026-09-17T23:59:59.000Z;16;2192
producer;offering;Couche IGN_Prod-15 · IGN_Prod;;;IGN_Prod;ds-e8e54917-41a5-412c-997d-8e754468d105;Couche IGN_Prod-15;off-7f194c1e-83fe-4391-bd07-81d4fd9122b5;Diffusion;ep-f48bc594-2291-45b1-a8c3-9045747ba99d;WMS-VECTOR;2026-08-23T00:00:00.000Z;2026-09-22T00:00:00.000Z;30;complete_coverage;27;2026-09-18T00:00:00.000Z;2026-09-18T23:59:59.000Z;15;5595
producer;offering;Couche IGN_Prod-15 · IGN_Prod;;;IGN_Prod;ds-e8e54917-41a5-412c-997d-8e754468d105;Couche IGN_Prod-15;off-7f194c1e-83fe-4391-bd07-81d4fd9122b5;Diffusion;ep-f48bc594-2291-45b1-a8c3-9045747ba99d;WMS-VECTOR;2026-08-23T00:00:00.000Z;2026-09-22T00:00:00.000Z;30;complete_coverage;28;2026-09-19T00:00:00.000Z;2026-09-19T23:59:59.000Z;18;6264
producer;offering;Couche IGN_Prod-15 · IGN_Prod;;;IGN_Prod;ds-e8e54917-41a5-412c-997d-8e754468d105;Couche IGN_Prod-15;off-7f194c1e-83fe-4391-bd07-81d4fd9122b5;Diffusion;ep-f48bc594-2291-45b1-a8c3-9045747ba99d;WMS-VECTOR;2026-08-23T00:00:00.000Z;2026-09-22T00:00:00.000Z;30;complete_coverage;29;2026-09-20T00:00:00.000Z;2026-09-20T23:59:59.000Z;10;1560
producer;offering;Couche IGN_Prod-15 · IGN_Prod;;;IGN_Prod;ds-e8e54917-41a5-412c-997d-8e754468d105;Couche IGN_Prod-15;off-7f194c1e-83fe-4391-bd07-81d4fd9122b5;Diffusion;ep-f48bc594-2291-45b1-a8c3-9045747ba99d;WMS-VECTOR;2026-08-23T00:00:00.000Z;2026-09-22T00:00:00.000Z;30;complete_coverage;30;2026-09-21T00:00:00.000Z;2026-09-21T23:59:59.000Z;12;2436
producer;offering;Couche IGN_Prod-16 · IGN_Prod;;;IGN_Prod;ds-e8e54917-41a5-412c-997d-8e754468d105;Couche IGN_Prod-16;off-5ef9abc5-b291-4ba6-87f5-2c414c82de37;Diffusion;ep-f48bc594-2291-45b1-a8c3-9045747ba99d;WMTS-TMS;2026-08-23T00:00:00.000Z;2026-09-22T00:00:00.000Z;30;partial_coverage;1;2026-09-04T00:00:00.000Z;2026-09-04T23:59:59.000Z;10;2830
producer;offering;Couche IGN_Prod-16 · IGN_Prod;;;IGN_Prod;ds-e8e54917-41a5-412c-997d-8e754468d105;Couche IGN_Prod-16;off-5ef9abc5-b291-4ba6-87f5-2c414c82de37;Diffusion;ep-f48bc594-2291-45b1-a8c3-9045747ba99d;WMTS-TMS;2026-08-23T00:00:00.000Z;2026-09-22T00:00:00.000Z;30;partial_coverage;2;2026-09-05T00:00:00.000Z;2026-09-05T23:59:59.000Z;16;3840
producer;offering;Couche IGN_Prod-16 · IGN_Prod;;;IGN_Prod;ds-e8e54917-41a5-412c-997d-8e754468d105;Couche IGN_Prod-16;off-5ef9abc5-b291-4ba6-87f5-2c414c82de37;Diffusion;ep-f48bc594-2291-45b1-a8c3-9045747ba99d;WMTS-TMS;2026-08-23T00:00:00.000Z;2026-09-22T00:00:00.000Z;30;partial_coverage;3;2026-09-06T00:00:00.000Z;2026-09-06T23:59:59.000Z;13;2067
producer;offering;Couche IGN_Prod-17 · IGN_Prod;;;IGN_Prod;ds-e8e54917-41a5-412c-997d-8e754468d105;Couche IGN_Prod-17;off-da9bd4fc-b537-44f5-8ac7-ba0769c52385;Diffusion;ep-950566ec-667c-4667-a26a-43377bee38d5;WMTS-TMS;2026-08-23T00:00:00.000Z;2026-09-22T00:00:00.000Z;30;partial_coverage;1;2026-09-02T00:00:00.000Z;2026-09-02T23:59:59.000Z;3;396
producer;offering;Couche IGN_Prod-17 · IGN_Prod;;;IGN_Prod;ds-e8e54917-41a5-412c-997d-8e754468d105;Couche IGN_Prod-17;off-da9bd4fc-b537-44f5-8ac7-ba0769c52385;Diffusion;ep-950566ec-667c-4667-a26a-43377bee38d5;WMTS-TMS;2026-08-23T00:00:00.000Z;2026-09-22T00:00:00.000Z;30;partial_coverage;2;2026-09-03T00:00:00.000Z;2026-09-03T23:59:59.000Z;4;816
producer;offering;Couche IGN_Prod-17 · IGN_Prod;;;IGN_Prod;ds-e8e54917-41a5-412c-997d-8e754468d105;Couche IGN_Prod-17;off-da9bd4fc-b537-44f5-8ac7-ba0769c52385;Diffusion;ep-950566ec-667c-4667-a26a-43377bee38d5;WMTS-TMS;2026-08-23T00:00:00.000Z;2026-09-22T00:00:00.000Z;30;partial_coverage;3;2026-09-04T00:00:00.000Z;2026-09-04T23:59:59.000Z;3;261
producer;offering;Couche IGN_Prod-17 · IGN_Prod;;;IGN_Prod;ds-e8e54917-41a5-412c-997d-8e754468d105;Couche IGN_Prod-17;off-da9bd4fc-b537-44f5-8ac7-ba0769c52385;Diffusion;ep-950566ec-667c-4667-a26a-43377bee38d5;WMTS-TMS;2026-08-23T00:00:00.000Z;2026-09-22T00:00:00.000Z;30;partial_coverage;4;2026-09-05T00:00:00.000Z;2026-09-05T23:59:59.000Z;10;2680
producer;offering;Couche IGN_Prod-17 · IGN_Prod;;;IGN_Prod;ds-e8e54917-41a5-412c-997d-8e754468d105;Couche IGN_Prod-17;off-da9bd4fc-b537-44f5-8ac7-ba0769c52385;Diffusion;ep-950566ec-667c-4667-a26a-43377bee38d5;WMTS-TMS;2026-08-23T00:00:00.000Z;2026-09-22T00:00:00.000Z;30;partial_coverage;5;2026-09-06T00:00:00.000Z;2026-09-06T23:59:59.000Z;8;1520
producer;offering;Couche IGN_Prod-17 · IGN_Prod;;;IGN_Prod;ds-e8e54917-41a5-412c-997d-8e754468d105;Couche IGN_Prod-17;off-da9bd4fc-b537-44f5-8ac7-ba0769c52385;Diffusion;ep-950566ec-667c-4667-a26a-43377bee38d5;WMTS-TMS;2026-08-23T00:00:00.000Z;2026-09-22T00:00:00.000Z;30;partial_coverage;6;2026-09-07T00:00:00.000Z;2026-09-07T23:59:59.000Z;7;791
producer;offering;Couche IGN_Prod-17 · IGN_Prod;;;IGN_Prod;ds-e8e54917-41a5-412c-997d-8e754468d105;Couche IGN_Prod-17;off-da9bd4fc-b537-44f5-8ac7-ba0769c52385;Diffusion;ep-950566ec-667c-4667-a26a-43377bee38d5;WMTS-TMS;2026-08-23T00:00:00.000Z;2026-09-22T00:00:00.000Z;30;partial_coverage;7;2026-09-08T00:00:00.000Z;2026-09-08T23:59:59.000Z;5;1305
producer;offering;Couche IGN_Prod-17 · IGN_Prod;;;IGN_Prod;ds-e8e54917-41a5-412c-997d-8e754468d105;Couche IGN_Prod-17;off-da9bd4fc-b537-44f5-8ac7-ba0769c52385;Diffusion;ep-950566ec-667c-4667-a26a-43377bee38d5;WMTS-TMS;2026-08-23T00:00:00.000Z;2026-09-22T00:00:00.000Z;30;partial_coverage;8;2026-09-09T00:00:00.000Z;2026-09-09T23:59:59.000Z;8;840
producer;offering;Couche IGN_Prod-17 · IGN_Prod;;;IGN_Prod;ds-e8e54917-41a5-412c-997d-8e754468d105;Couche IGN_Prod-17;off-da9bd4fc-b537-44f5-8ac7-ba0769c52385;Diffusion;ep-950566ec-667c-4667-a26a-43377bee38d5;WMTS-TMS;2026-08-23T00:00:00.000Z;2026-09-22T00:00:00.000Z;30;partial_coverage;9;2026-09-10T00:00:00.000Z;2026-09-10T23:59:59.000Z;5;1730
producer;offering;Couche IGN_Prod-19 · IGN_Prod;;;IGN_Prod;ds-e8e54917-41a5-412c-997d-8e754468d105;Couche IGN_Prod-19;off-d7f42333-5c70-4837-a2bf-e9d2d02e5726;Diffusion;ep-f48bc594-2291-45b1-a8c3-9045747ba99d;WMTS-TMS;2026-08-23T00:00:00.000Z;2026-09-22T00:00:00.000Z;30;partial_coverage;1;2026-09-09T00:00:00.000Z;2026-09-09T23:59:59.000Z;11;2189
producer;offering;Couche IGN_Prod-19 · IGN_Prod;;;IGN_Prod;ds-e8e54917-41a5-412c-997d-8e754468d105;Couche IGN_Prod-19;off-d7f42333-5c70-4837-a2bf-e9d2d02e5726;Diffusion;ep-f48bc594-2291-45b1-a8c3-9045747ba99d;WMTS-TMS;2026-08-23T00:00:00.000Z;2026-09-22T00:00:00.000Z;30;partial_coverage;2;2026-09-10T00:00:00.000Z;2026-09-10T23:59:59.000Z;6;1092
producer;offering;Couche IGN_Prod-19 · IGN_Prod;;;IGN_Prod;ds-e8e54917-41a5-412c-997d-8e754468d105;Couche IGN_Prod-19;off-d7f42333-5c70-4837-a2bf-e9d2d02e5726;Diffusion;ep-f48bc594-2291-45b1-a8c3-9045747ba99d;WMTS-TMS;2026-08-23T00:00:00.000Z;2026-09-22T00:00:00.000Z;30;partial_coverage;3;2026-09-11T00:00:00.000Z;2026-09-11T23:59:59.000Z;12;1272
producer;offering;Couche IGN_Prod-19 · IGN_Prod;;;IGN_Prod;ds-e8e54917-41a5-412c-997d-8e754468d105;Couche IGN_Prod-19;off-d7f42333-5c70-4837-a2bf-e9d2d02e5726;Diffusion;ep-f48bc594-2291-45b1-a8c3-9045747ba99d;WMTS-TMS;2026-08-23T00:00:00.000Z;2026-09-22T00:00:00.000Z;30;partial_coverage;4;2026-09-12T00:00:00.000Z;2026-09-12T23:59:59.000Z;8;2656
producer;offering;Couche IGN_Prod-19 · IGN_Prod;;;IGN_Prod;ds-e8e54917-41a5-412c-997d-8e754468d105;Couche IGN_Prod-19;off-d7f42333-5c70-4837-a2bf-e9d2d02e5726;Diffusion;ep-f48bc594-2291-45b1-a8c3-9045747ba99d;WMTS-TMS;2026-08-23T00:00:00.000Z;2026-09-22T00:00:00.000Z;30;partial_coverage;5;2026-09-13T00:00:00.000Z;2026-09-13T23:59:59.000Z;12;2616
producer;offering;Couche IGN_Prod-19 · IGN_Prod;;;IGN_Prod;ds-e8e54917-41a5-412c-997d-8e754468d105;Couche IGN_Prod-19;off-d7f42333-5c70-4837-a2bf-e9d2d02e5726;Diffusion;ep-f48bc594-2291-45b1-a8c3-9045747ba99d;WMTS-TMS;2026-08-23T00:00:00.000Z;2026-09-22T00:00:00.000Z;30;partial_coverage;6;2026-09-14T00:00:00.000Z;2026-09-14T23:59:59.000Z;5;1420
producer;producer_permission;Couche IGN_Prod-14 + Couche IGN_Prod-17 + Couche IGN_Prod-23 · IGN_Prod;Couche IGN_Prod-14 + Couche IGN_Prod-17 + Couche IGN_Prod-23;perm-0b0e2960-cbc5-42ad-8224-762e791a9c4f;IGN_Prod;ds-e8e54917-41a5-412c-997d-8e754468d105;;;;;;2026-08-23T00:00:00.000Z;2026-09-22T00:00:00.000Z;30;complete_coverage;1;2026-08-23T00:00:00.000Z;2026-08-23T23:59:59.000Z;7;2772
producer;producer_permission;Couche IGN_Prod-14 + Couche IGN_Prod-17 + Couche IGN_Prod-23 · IGN_Prod;Couche IGN_Prod-14 + Couche IGN_Prod-17 + Couche IGN_Prod-23;perm-0b0e2960-cbc5-42ad-8224-762e791a9c4f;IGN_Prod;ds-e8e54917-41a5-412c-997d-8e754468d105;;;;;;2026-08-23T00:00:00.000Z;2026-09-22T00:00:00.000Z;30;complete_coverage;2;2026-08-24T00:00:00.000Z;2026-08-24T23:59:59.000Z;3;537
producer;producer_permission;Couche IGN_Prod-14 + Couche IGN_Prod-17 + Couche IGN_Prod-23 · IGN_Prod;Couche IGN_Prod-14 + Couche IGN_Prod-17 + Couche IGN_Prod-23;perm-0b0e2960-cbc5-42ad-8224-762e791a9c4f;IGN_Prod;ds-e8e54917-41a5-412c-997d-8e754468d105;;;;;;2026-08-23T00:00:00.000Z;2026-09-22T00:00:00.000Z;30;complete_coverage;3;2026-08-25T00:00:00.000Z;2026-08-25T23:59:59.000Z;6;852
producer;producer_permission;Couche IGN_Prod-14 + Couche IGN_Prod-17 + Couche IGN_Prod-23 · IGN_Prod;Couche IGN_Prod-14 + Couche IGN_Prod-17 + Couche IGN_Prod-23;perm-0b0e2960-cbc5-42ad-8224-762e791a9c4f;IGN_Prod;ds-e8e54917-41a5-412c-997d-8e754468d105;;;;;;2026-08-23T00:00:00.000Z;2026-09-22T00:00:00.000Z;30;complete_coverage;4;2026-08-27T00:00:00.000Z;2026-08-27T23:59:59.000Z;2;262
producer;producer_permission;Couche IGN_Prod-14 + Couche IGN_Prod-17 + Couche IGN_Prod-23 · IGN_Prod;Couche IGN_Prod-14 + Couche IGN_Prod-17 + Couche IGN_Prod-23;perm-0b0e2960-cbc5-42ad-8224-762e791a9c4f;IGN_Prod;ds-e8e54917-41a5-412c-997d-8e754468d105;;;;;;2026-08-23T00:00:00.000Z;2026-09-22T00:00:00.000Z;30;complete_coverage;5;2026-08-29T00:00:00.000Z;2026-08-29T23:59:59.000Z;4;608
producer;producer_permission;Couche IGN_Prod-14 + Couche IGN_Prod-17 + Couche IGN_Prod-23 · IGN_Prod;Couche IGN_Prod-14 + Couche IGN_Prod-17 + Couche IGN_Prod-23;perm-0b0e2960-cbc5-42ad-8224-762e791a9c4f;IGN_Prod;ds-e8e54917-41a5-412c-997d-8e754468d105;;;;;;2026-08-23T00:00:00.000Z;2026-09-22T00:00:00.000Z;30;complete_coverage;6;2026-08-30T00:00:00.000Z;2026-08-30T23:59:59.000Z;4;884
producer;producer_permission;Couche IGN_Prod-14 + Couche IGN_Prod-17 + Couche IGN_Prod-23 · IGN_Prod;Couche IGN_Prod-14 + Couche IGN_Prod-17 + Couche IGN_Prod-23;perm-0b0e2960-cbc5-42ad-8224-762e791a9c4f;IGN_Prod;ds-e8e54917-41a5-412c-997d-8e754468d105;;;;;;2026-08-23T00:00:00.000Z;2026-09-22T00:00:00.000Z;30;complete_coverage;7;2026-09-03T00:00:00.000Z;2026-09-03T23:59:59.000Z;5;1200
producer;producer_permission;Couche IGN_Prod-14 + Couche IGN_Prod-17 + Couche IGN_Prod-23 · IGN_Prod;Couche IGN_Prod-14 + Couche IGN_Prod-17 + Couche IGN_Prod-23;perm-0b0e2960-cbc5-42ad-8224-762e791a9c4f;IGN_Prod;ds-e8e54917-41a5-412c-997d-8e754468d105;;;;;;2026-08-23T00:00:00.000Z;2026-09-22T00:00:00.000Z;30;complete_coverage;8;2026-09-04T00:00:00.000Z;2026-09-04T23:59:59.000Z;5;1195
producer;producer_permission;Couche IGN_Prod-14 + Couche IGN_Prod-17 + Couche IGN_Prod-23 · IGN_Prod;Couche IGN_Prod-14 + Couche IGN_Prod-17 + Couche IGN_Prod-23;perm-0b0e2960-cbc5-42ad-8224-762e791a9c4f;IGN_Prod;ds-e8e54917-41a5-412c-997d-8e754468d105;;;;;;2026-08-23T00:00:00.000Z;2026-09-22T00:00:00.000Z;30;complete_coverage;9;2026-09-05T00:00:00.000Z;2026-09-05T23:59:59.000Z;3;522
producer;producer_permission;Couche IGN_Prod-14 + Couche IGN_Prod-17 + Couche IGN_Prod-23 · IGN_Prod;Couche IGN_Prod-14 + Couche IGN_Prod-17 + Couche IGN_Prod-23;perm-0b0e2960-cbc5-42ad-8224-762e791a9c4f;IGN_Prod;ds-e8e54917-41a5-412c-997d-8e754468d105;;;;;;2026-08-23T00:00:00.000Z;2026-09-22T00:00:00.000Z;30;complete_coverage;10;2026-09-06T00:00:00.000Z;2026-09-06T23:59:59.000Z;6;1620
producer;producer_permission;Couche IGN_Prod-14 + Couche IGN_Prod-17 + Couche IGN_Prod-23 · IGN_Prod;Couche IGN_Prod-14 + Couche IGN_Prod-17 + Couche IGN_Prod-23;perm-0b0e2960-cbc5-42ad-8224-762e791a9c4f;IGN_Prod;ds-e8e54917-41a5-412c-997d-8e754468d105;;;;;;2026-08-23T00:00:00.000Z;2026-09-22T00:00:00.000Z;30;complete_coverage;11;2026-09-07T00:00:00.000Z;2026-09-07T23:59:59.000Z;5;1800
producer;producer_permission;Couche IGN_Prod-14 + Couche IGN_Prod-17 + Couche IGN_Prod-23 · IGN_Prod;Couche IGN_Prod-14 + Couche IGN_Prod-17 + Couche IGN_Prod-23;perm-0b0e2960-cbc5-42ad-8224-762e791a9c4f;IGN_Prod;ds-e8e54917-41a5-412c-997d-8e754468d105;;;;;;2026-08-23T00:00:00.000Z;2026-09-22T00:00:00.000Z;30;complete_coverage;12;2026-09-08T00:00:00.000Z;2026-09-08T23:59:59.000Z;2;726
producer;producer_permission;Couche IGN_Prod-14 + Couche IGN_Prod-17 + Couche IGN_Prod-23 · IGN_Prod;Couche IGN_Prod-14 + Couche IGN_Prod-17 + Couche IGN_Prod-23;perm-0b0e2960-cbc5-42ad-8224-762e791a9c4f;IGN_Prod;ds-e8e54917-41a5-412c-997d-8e754468d105;;;;;;2026-08-23T00:00:00.000Z;2026-09-22T00:00:00.000Z;30;complete_coverage;13;2026-09-09T00:00:00.000Z;2026-09-09T23:59:59.000Z;7;2408
producer;producer_permission;Couche IGN_Prod-14 + Couche IGN_Prod-17 + Couche IGN_Prod-23 · IGN_Prod;Couche IGN_Prod-14 + Couche IGN_Prod-17 + Couche IGN_Prod-23;perm-0b0e2960-cbc5-42ad-8224-762e791a9c4f;IGN_Prod;ds-e8e54917-41a5-412c-997d-8e754468d105;;;;;;2026-08-23T00:00:00.000Z;2026-09-22T00:00:00.000Z;30;complete_coverage;14;2026-09-10T00:00:00.000Z;2026-09-10T23:59:59.000Z;7;2688
producer;producer_permission;Couche IGN_Prod-14 + Couche IGN_Prod-17 + Couche IGN_Prod-23 · IGN_Prod;Couche IGN_Prod-14 + Couche IGN_Prod-17 + Couche IGN_Prod-23;perm-0b0e2960-cbc5-42ad-8224-762e791a9c4f;IGN_Prod;ds-e8e54917-41a5-412c-997d-8e754468d105;;;;;;2026-08-23T00:00:00.000Z;2026-09-22T00:00:00.000Z;30;complete_coverage;15;2026-09-11T00:00:00.000Z;2026-09-11T23:59:59.000Z;3;600
producer;producer_permission;Couche IGN_Prod-14 + Couche IGN_Prod-17 + Couche IGN_Prod-23 · IGN_Prod;Couche IGN_Prod-14 + Couche IGN_Prod-17 + Couche IGN_Prod-23;perm-0b0e2960-cbc5-42ad-8224-762e791a9c4f;IGN_Prod;ds-e8e54917-41a5-412c-997d-8e754468d105;;;;;;2026-08-23T00:00:00.000Z;2026-09-22T00:00:00.000Z;30;complete_coverage;16;2026-09-13T00:00:00.000Z;2026-09-13T23:59:59.000Z;1;327
producer;producer_permission;Couche IGN_Prod-14 + Couche IGN_Prod-17 + Couche IGN_Prod-23 · IGN_Prod;Couche IGN_Prod-14 + Couche IGN_Prod-17 + Couche IGN_Prod-23;perm-0b0e2960-cbc5-42ad-8224-762e791a9c4f;IGN_Prod;ds-e8e54917-41a5-412c-997d-8e754468d105;;;;;;2026-08-23T00:00:00.000Z;2026-09-22T00:00:00.000Z;30;complete_coverage;17;2026-09-15T00:00:00.000Z;2026-09-15T23:59:59.000Z;2;350
producer;producer_permission;Couche IGN_Prod-14 + Couche IGN_Prod-17 + Couche IGN_Prod-23 · IGN_Prod;Couche IGN_Prod-14 + Couche IGN_Prod-17 + Couche IGN_Prod-23;perm-0b0e2960-cbc5-42ad-8224-762e791a9c4f;IGN_Prod;ds-e8e54917-41a5-412c-997d-8e754468d105;;;;;;2026-08-23T00:00:00.000Z;2026-09-22T00:00:00.000Z;30;complete_coverage;18;2026-09-16T00:00:00.000Z;2026-09-16T23:59:59.000Z;2;592
producer;producer_permission;Couche IGN_Prod-14 + Couche IGN_Prod-17 + Couche IGN_Prod-23 · IGN_Prod;Couche IGN_Prod-14 + Couche IGN_Prod-17 + Couche IGN_Prod-23;perm-0b0e2960-cbc5-42ad-8224-762e791a9c4f;IGN_Prod;ds-e8e54917-41a5-412c-997d-8e754468d105;;;;;;2026-08-23T00:00:00.000Z;2026-09-22T00:00:00.000Z;30;complete_coverage;19;2026-09-19T00:00:00.000Z;2026-09-19T23:59:59.000Z;1;97
producer;producer_permission;Couche IGN_Prod-14 + Couche IGN_Prod-17 + Couche IGN_Prod-23 · IGN_Prod;Couche IGN_Prod-14 + Couche IGN_Prod-17 + Couche IGN_Prod-23;perm-0b0e2960-cbc5-42ad-8224-762e791a9c4f;IGN_Prod;ds-e8e54917-41a5-412c-997d-8e754468d105;;;;;;2026-08-23T00:00:00.000Z;2026-09-22T00:00:00.000Z;30;complete_coverage;20;2026-09-20T00:00:00.000Z;2026-09-20T23:59:59.000Z;6;2178
producer;producer_permission;Couche IGN_Prod-14 + Couche IGN_Prod-17 + Couche IGN_Prod-23 · IGN_Prod;Couche IGN_Prod-14 + Couche IGN_Prod-17 + Couche IGN_Prod-23;perm-0b0e2960-cbc5-42ad-8224-762e791a9c4f;IGN_Prod;ds-e8e54917-41a5-412c-997d-8e754468d105;;;;;;2026-08-23T00:00:00.000Z;2026-09-22T00:00:00.000Z;30;complete_coverage;21;2026-09-21T00:00:00.000Z;2026-09-21T23:59:59.000Z;1;362
producer;producer_permission;Couche IGN_Prod-15 + Couche IGN_Prod-21 + Couche IGN_Prod-22 · IGN_Prod;Couche IGN_Prod-15 + Couche IGN_Prod-21 + Couche IGN_Prod-22;perm-2e493ae7-a428-4184-addc-1a61b005a301;IGN_Prod;ds-e8e54917-41a5-412c-997d-8e754468d105;;;;;;2026-08-23T00:00:00.000Z;2026-09-22T00:00:00.000Z;30;complete_coverage;1;2026-08-23T00:00:00.000Z;2026-08-23T23:59:59.000Z;5;1615
producer;producer_permission;Couche IGN_Prod-15 + Couche IGN_Prod-21 + Couche IGN_Prod-22 · IGN_Prod;Couche IGN_Prod-15 + Couche IGN_Prod-21 + Couche IGN_Prod-22;perm-2e493ae7-a428-4184-addc-1a61b005a301;IGN_Prod;ds-e8e54917-41a5-412c-997d-8e754468d105;;;;;;2026-08-23T00:00:00.000Z;2026-09-22T00:00:00.000Z;30;complete_coverage;2;2026-08-24T00:00:00.000Z;2026-08-24T23:59:59.000Z;8;3200
producer;producer_permission;Couche IGN_Prod-15 + Couche IGN_Prod-21 + Couche IGN_Prod-22 · IGN_Prod;Couche IGN_Prod-15 + Couche IGN_Prod-21 + Couche IGN_Prod-22;perm-2e493ae7-a428-4184-addc-1a61b005a301;IGN_Prod;ds-e8e54917-41a5-412c-997d-8e754468d105;;;;;;2026-08-23T00:00:00.000Z;2026-09-22T00:00:00.000Z;30;complete_coverage;3;2026-08-25T00:00:00.000Z;2026-08-25T23:59:59.000Z;8;1656
producer;producer_permission;Couche IGN_Prod-15 + Couche IGN_Prod-21 + Couche IGN_Prod-22 · IGN_Prod;Couche IGN_Prod-15 + Couche IGN_Prod-21 + Couche IGN_Prod-22;perm-2e493ae7-a428-4184-addc-1a61b005a301;IGN_Prod;ds-e8e54917-41a5-412c-997d-8e754468d105;;;;;;2026-08-23T00:00:00.000Z;2026-09-22T00:00:00.000Z;30;complete_coverage;4;2026-08-26T00:00:00.000Z;2026-08-26T23:59:59.000Z;3;453
producer;producer_permission;Couche IGN_Prod-15 + Couche IGN_Prod-21 + Couche IGN_Prod-22 · IGN_Prod;Couche IGN_Prod-15 + Couche IGN_Prod-21 + Couche IGN_Prod-22;perm-2e493ae7-a428-4184-addc-1a61b005a301;IGN_Prod;ds-e8e54917-41a5-412c-997d-8e754468d105;;;;;;2026-08-23T00:00:00.000Z;2026-09-22T00:00:00.000Z;30;complete_coverage;5;2026-08-27T00:00:00.000Z;2026-08-27T23:59:59.000Z;4;1192
producer;producer_permission;Couche IGN_Prod-15 + Couche IGN_Prod-21 + Couche IGN_Prod-22 · IGN_Prod;Couche IGN_Prod-15 + Couche IGN_Prod-21 + Couche IGN_Prod-22;perm-2e493ae7-a428-4184-addc-1a61b005a301;IGN_Prod;ds-e8e54917-41a5-412c-997d-8e754468d105;;;;;;2026-08-23T00:00:00.000Z;2026-09-22T00:00:00.000Z;30;complete_coverage;6;2026-08-28T00:00:00.000Z;2026-08-28T23:59:59.000Z;3;345
producer;producer_permission;Couche IGN_Prod-15 + Couche IGN_Prod-21 + Couche IGN_Prod-22 · IGN_Prod;Couche IGN_Prod-15 + Couche IGN_Prod-21 + Couche IGN_Prod-22;perm-2e493ae7-a428-4184-addc-1a61b005a301;IGN_Prod;ds-e8e54917-41a5-412c-997d-8e754468d105;;;;;;2026-08-23T00:00:00.000Z;2026-09-22T00:00:00.000Z;30;complete_coverage;7;2026-08-29T00:00:00.000Z;2026-08-29T23:59:59.000Z;8;1088
producer;producer_permission;Couche IGN_Prod-15 + Couche IGN_Prod-21 + Couche IGN_Prod-22 · IGN_Prod;Couche IGN_Prod-15 + Couche IGN_Prod-21 + Couche IGN_Prod-22;perm-2e493ae7-a428-4184-addc-1a61b005a301;IGN_Prod;ds-e8e54917-41a5-412c-997d-8e754468d105;;;;;;2026-08-23T00:00:00.000Z;2026-09-22T00:00:00.000Z;30;complete_coverage;8;2026-08-30T00:00:00.000Z;2026-08-30T23:59:59.000Z;11;3091
producer;producer_permission;Couche IGN_Prod-15 + Couche IGN_Prod-21 + Couche IGN_Prod-22 · IGN_Prod;Couche IGN_Prod-15 + Couche IGN_Prod-21 + Couche IGN_Prod-22;perm-2e493ae7-a428-4184-addc-1a61b005a301;IGN_Prod;ds-e8e54917-41a5-412c-997d-8e754468d105;;;;;;2026-08-23T00:00:00.000Z;2026-09-22T00:00:00.000Z;30;complete_coverage;9;2026-08-31T00:00:00.000Z;2026-08-31T23:59:59.000Z;5;790
producer;producer_permission;Couche IGN_Prod-15 + Couche IGN_Prod-21 + Couche IGN_Prod-22 · IGN_Prod;Couche IGN_Prod-15 + Couche IGN_Prod-21 + Couche IGN_Prod-22;perm-2e493ae7-a428-4184-addc-1a61b005a301;IGN_Prod;ds-e8e54917-41a5-412c-997d-8e754468d105;;;;;;2026-08-23T00:00:00.000Z;2026-09-22T00:00:00.000Z;30;complete_coverage;10;2026-09-01T00:00:00.000Z;2026-09-01T23:59:59.000Z;10;2300
producer;producer_permission;Couche IGN_Prod-15 + Couche IGN_Prod-21 + Couche IGN_Prod-22 · IGN_Prod;Couche IGN_Prod-15 + Couche IGN_Prod-21 + Couche IGN_Prod-22;perm-2e493ae7-a428-4184-addc-1a61b005a301;IGN_Prod;ds-e8e54917-41a5-412c-997d-8e754468d105;;;;;;2026-08-23T00:00:00.000Z;2026-09-22T00:00:00.000Z;30;complete_coverage;11;2026-09-02T00:00:00.000Z;2026-09-02T23:59:59.000Z;5;430
producer;producer_permission;Couche IGN_Prod-15 + Couche IGN_Prod-21 + Couche IGN_Prod-22 · IGN_Prod;Couche IGN_Prod-15 + Couche IGN_Prod-21 + Couche IGN_Prod-22;perm-2e493ae7-a428-4184-addc-1a61b005a301;IGN_Prod;ds-e8e54917-41a5-412c-997d-8e754468d105;;;;;;2026-08-23T00:00:00.000Z;2026-09-22T00:00:00.000Z;30;complete_coverage;12;2026-09-03T00:00:00.000Z;2026-09-03T23:59:59.000Z;11;3366
producer;producer_permission;Couche IGN_Prod-15 + Couche IGN_Prod-21 + Couche IGN_Prod-22 · IGN_Prod;Couche IGN_Prod-15 + Couche IGN_Prod-21 + Couche IGN_Prod-22;perm-2e493ae7-a428-4184-addc-1a61b005a301;IGN_Prod;ds-e8e54917-41a5-412c-997d-8e754468d105;;;;;;2026-08-23T00:00:00.000Z;2026-09-22T00:00:00.000Z;30;complete_coverage;13;2026-09-04T00:00:00.000Z;2026-09-04T23:59:59.000Z;12;4056
producer;producer_permission;Couche IGN_Prod-15 + Couche IGN_Prod-21 + Couche IGN_Prod-22 · IGN_Prod;Couche IGN_Prod-15 + Couche IGN_Prod-21 + Couche IGN_Prod-22;perm-2e493ae7-a428-4184-addc-1a61b005a301;IGN_Prod;ds-e8e54917-41a5-412c-997d-8e754468d105;;;;;;2026-08-23T00:00:00.000Z;2026-09-22T00:00:00.000Z;30;complete_coverage;14;2026-09-05T00:00:00.000Z;2026-09-05T23:59:59.000Z;3;963
producer;producer_permission;Couche IGN_Prod-15 + Couche IGN_Prod-21 + Couche IGN_Prod-22 · IGN_Prod;Couche IGN_Prod-15 + Couche IGN_Prod-21 + Couche IGN_Prod-22;perm-2e493ae7-a428-4184-addc-1a61b005a301;IGN_Prod;ds-e8e54917-41a5-412c-997d-8e754468d105;;;;;;2026-08-23T00:00:00.000Z;2026-09-22T00:00:00.000Z;30;complete_coverage;15;2026-09-06T00:00:00.000Z;2026-09-06T23:59:59.000Z;6;762
producer;producer_permission;Couche IGN_Prod-15 + Couche IGN_Prod-21 + Couche IGN_Prod-22 · IGN_Prod;Couche IGN_Prod-15 + Couche IGN_Prod-21 + Couche IGN_Prod-22;perm-2e493ae7-a428-4184-addc-1a61b005a301;IGN_Prod;ds-e8e54917-41a5-412c-997d-8e754468d105;;;;;;2026-08-23T00:00:00.000Z;2026-09-22T00:00:00.000Z;30;complete_coverage;16;2026-09-07T00:00:00.000Z;2026-09-07T23:59:59.000Z;11;4169
producer;producer_permission;Couche IGN_Prod-15 + Couche IGN_Prod-21 + Couche IGN_Prod-22 · IGN_Prod;Couche IGN_Prod-15 + Couche IGN_Prod-21 + Couche IGN_Prod-22;perm-2e493ae7-a428-4184-addc-1a61b005a301;IGN_Prod;ds-e8e54917-41a5-412c-997d-8e754468d105;;;;;;2026-08-23T00:00:00.000Z;2026-09-22T00:00:00.000Z;30;complete_coverage;17;2026-09-08T00:00:00.000Z;2026-09-08T23:59:59.000Z;4;752
producer;producer_permission;Couche IGN_Prod-15 + Couche IGN_Prod-21 + Couche IGN_Prod-22 · IGN_Prod;Couche IGN_Prod-15 + Couche IGN_Prod-21 + Couche IGN_Prod-22;perm-2e493ae7-a428-4184-addc-1a61b005a301;IGN_Prod;ds-e8e54917-41a5-412c-997d-8e754468d105;;;;;;2026-08-23T00:00:00.000Z;2026-09-22T00:00:00.000Z;30;complete_coverage;18;2026-09-09T00:00:00.000Z;2026-09-09T23:59:59.000Z;12;1224
producer;producer_permission;Couche IGN_Prod-15 + Couche IGN_Prod-21 + Couche IGN_Prod-22 · IGN_Prod;Couche IGN_Prod-15 + Couche IGN_Prod-21 + Couche IGN_Prod-22;perm-2e493ae7-a428-4184-addc-1a61b005a301;IGN_Prod;ds-e8e54917-41a5-412c-997d-8e754468d105;;;;;;2026-08-23T00:00:00.000Z;2026-09-22T00:00:00.000Z;30;complete_coverage;19;2026-09-10T00:00:00.000Z;2026-09-10T23:59:59.000Z;3;654
producer;producer_permission;Couche IGN_Prod-15 + Couche IGN_Prod-21 + Couche IGN_Prod-22 · IGN_Prod;Couche IGN_Prod-15 + Couche IGN_Prod-21 + Couche IGN_Prod-22;perm-2e493ae7-a428-4184-addc-1a61b005a301;IGN_Prod;ds-e8e54917-41a5-412c-997d-8e754468d105;;;;;;2026-08-23T00:00:00.000Z;2026-09-22T00:00:00.000Z;30;complete_coverage;20;2026-09-11T00:00:00.000Z;2026-09-11T23:59:59.000Z;4;1332
producer;producer_permission;Couche IGN_Prod-15 + Couche IGN_Prod-21 + Couche IGN_Prod-22 · IGN_Prod;Couche IGN_Prod-15 + Couche IGN_Prod-21 + Couche IGN_Prod-22;perm-2e493ae7-a428-4184-addc-1a61b005a301;IGN_Prod;ds-e8e54917-41a5-412c-997d-8e754468d105;;;;;;2026-08-23T00:00:00.000Z;2026-09-22T00:00:00.000Z;30;complete_coverage;21;2026-09-12T00:00:00.000Z;2026-09-12T23:59:59.000Z;6;948
producer;producer_permission;Couche IGN_Prod-15 + Couche IGN_Prod-21 + Couche IGN_Prod-22 · IGN_Prod;Couche IGN_Prod-15 + Couche IGN_Prod-21 + Couche IGN_Prod-22;perm-2e493ae7-a428-4184-addc-1a61b005a301;IGN_Prod;ds-e8e54917-41a5-412c-997d-8e754468d105;;;;;;2026-08-23T00:00:00.000Z;2026-09-22T00:00:00.000Z;30;complete_coverage;22;2026-09-13T00:00:00.000Z;2026-09-13T23:59:59.000Z;12;4392
producer;producer_permission;Couche IGN_Prod-15 + Couche IGN_Prod-21 + Couche IGN_Prod-22 · IGN_Prod;Couche IGN_Prod-15 + Couche IGN_Prod-21 + Couche IGN_Prod-22;perm-2e493ae7-a428-4184-addc-1a61b005a301;IGN_Prod;ds-e8e54917-41a5-412c-997d-8e754468d105;;;;;;2026-08-23T00:00:00.000Z;2026-09-22T00:00:00.000Z;30;complete_coverage;23;2026-09-14T00:00:00.000Z;2026-09-14T23:59:59.000Z;6;1908
producer;producer_permission;Couche IGN_Prod-15 + Couche IGN_Prod-21 + Couche IGN_Prod-22 · IGN_Prod;Couche IGN_Prod-15 + Couche IGN_Prod-21 + Couche IGN_Prod-22;perm-2e493ae7-a428-4184-addc-1a61b005a301;IGN_Prod;ds-e8e54917-41a5-412c-997d-8e754468d105;;;;;;2026-08-23T00:00:00.000Z;2026-09-22T00:00:00.000Z;30;complete_coverage;24;2026-09-15T00:00:00.000Z;2026-09-15T23:59:59.000Z;12;1956
producer;producer_permission;Couche IGN_Prod-15 + Couche IGN_Prod-21 + Couche IGN_Prod-22 · IGN_Prod;Couche IGN_Prod-15 + Couche IGN_Prod-21 + Couche IGN_Prod-22;perm-2e493ae7-a428-4184-addc-1a61b005a301;IGN_Prod;ds-e8e54917-41a5-412c-997d-8e754468d105;;;;;;2026-08-23T00:00:00.000Z;2026-09-22T00:00:00.000Z;30;complete_coverage;25;2026-09-16T00:00:00.000Z;2026-09-16T23:59:59.000Z;3;543
producer;producer_permission;Couche IGN_Prod-15 + Couche IGN_Prod-21 + Couche IGN_Prod-22 · IGN_Prod;Couche IGN_Prod-15 + Couche IGN_Prod-21 + Couche IGN_Prod-22;perm-2e493ae7-a428-4184-addc-1a61b005a301;IGN_Prod;ds-e8e54917-41a5-412c-997d-8e754468d105;;;;;;2026-08-23T00:00:00.000Z;2026-09-22T00:00:00.000Z;30;complete_coverage;26;2026-09-17T00:00:00.000Z;2026-09-17T23:59:59.000Z;3;1062
producer;producer_permission;Couche IGN_Prod-15 + Couche IGN_Prod-21 + Couche IGN_Prod-22 · IGN_Prod;Couche IGN_Prod-15 + Couche IGN_Prod-21 + Couche IGN_Prod-22;perm-2e493ae7-a428-4184-addc-1a61b005a301;IGN_Prod;ds-e8e54917-41a5-412c-997d-8e754468d105;;;;;;2026-08-23T00:00:00.000Z;2026-09-22T00:00:00.000Z;30;complete_coverage;27;2026-09-18T00:00:00.000Z;2026-09-18T23:59:59.000Z;12;1800
producer;producer_permission;Couche IGN_Prod-15 + Couche IGN_Prod-21 + Couche IGN_Prod-22 · IGN_Prod;Couche IGN_Prod-15 + Couche IGN_Prod-21 + Couche IGN_Prod-22;perm-2e493ae7-a428-4184-addc-1a61b005a301;IGN_Prod;ds-e8e54917-41a5-412c-997d-8e754468d105;;;;;;2026-08-23T00:00:00.000Z;2026-09-22T00:00:00.000Z;30;complete_coverage;28;2026-09-19T00:00:00.000Z;2026-09-19T23:59:59.000Z;3;915
producer;producer_permission;Couche IGN_Prod-15 + Couche IGN_Prod-21 + Couche IGN_Prod-22 · IGN_Prod;Couche IGN_Prod-15 + Couche IGN_Prod-21 + Couche IGN_Prod-22;perm-2e493ae7-a428-4184-addc-1a61b005a301;IGN_Prod;ds-e8e54917-41a5-412c-997d-8e754468d105;;;;;;2026-08-23T00:00:00.000Z;2026-09-22T00:00:00.000Z;30;complete_coverage;29;2026-09-20T00:00:00.000Z;2026-09-20T23:59:59.000Z;12;4068
producer;producer_permission;Couche IGN_Prod-15 + Couche IGN_Prod-21 + Couche IGN_Prod-22 · IGN_Prod;Couche IGN_Prod-15 + Couche IGN_Prod-21 + Couche IGN_Prod-22;perm-2e493ae7-a428-4184-addc-1a61b005a301;IGN_Prod;ds-e8e54917-41a5-412c-997d-8e754468d105;;;;;;2026-08-23T00:00:00.000Z;2026-09-22T00:00:00.000Z;30;complete_coverage;30;2026-09-21T00:00:00.000Z;2026-09-21T23:59:59.000Z;7;882
producer;producer_permission;Couche IGN_Prod-14 + Couche IGN_Prod-21 + Couche IGN_Prod-15 · IGN_Prod;Couche IGN_Prod-14 + Couche IGN_Prod-21 + Couche IGN_Prod-15;perm-fc062089-a995-4a75-bc78-b23429ce9b21;IGN_Prod;ds-e8e54917-41a5-412c-997d-8e754468d105;;;;;;2026-08-23T00:00:00.000Z;2026-09-22T00:00:00.000Z;30;complete_coverage;1;2026-08-23T00:00:00.000Z;2026-08-23T23:59:59.000Z;6;2178
producer;producer_permission;Couche IGN_Prod-14 + Couche IGN_Prod-21 + Couche IGN_Prod-15 · IGN_Prod;Couche IGN_Prod-14 + Couche IGN_Prod-21 + Couche IGN_Prod-15;perm-fc062089-a995-4a75-bc78-b23429ce9b21;IGN_Prod;ds-e8e54917-41a5-412c-997d-8e754468d105;;;;;;2026-08-23T00:00:00.000Z;2026-09-22T00:00:00.000Z;30;complete_coverage;2;2026-08-24T00:00:00.000Z;2026-08-24T23:59:59.000Z;10;1800
producer;producer_permission;Couche IGN_Prod-14 + Couche IGN_Prod-21 + Couche IGN_Prod-15 · IGN_Prod;Couche IGN_Prod-14 + Couche IGN_Prod-21 + Couche IGN_Prod-15;perm-fc062089-a995-4a75-bc78-b23429ce9b21;IGN_Prod;ds-e8e54917-41a5-412c-997d-8e754468d105;;;;;;2026-08-23T00:00:00.000Z;2026-09-22T00:00:00.000Z;30;complete_coverage;3;2026-08-25T00:00:00.000Z;2026-08-25T23:59:59.000Z;10;3130
producer;producer_permission;Couche IGN_Prod-14 + Couche IGN_Prod-21 + Couche IGN_Prod-15 · IGN_Prod;Couche IGN_Prod-14 + Couche IGN_Prod-21 + Couche IGN_Prod-15;perm-fc062089-a995-4a75-bc78-b23429ce9b21;IGN_Prod;ds-e8e54917-41a5-412c-997d-8e754468d105;;;;;;2026-08-23T00:00:00.000Z;2026-09-22T00:00:00.000Z;30;complete_coverage;4;2026-08-26T00:00:00.000Z;2026-08-26T23:59:59.000Z;4;484
producer;producer_permission;Couche IGN_Prod-14 + Couche IGN_Prod-21 + Couche IGN_Prod-15 · IGN_Prod;Couche IGN_Prod-14 + Couche IGN_Prod-21 + Couche IGN_Prod-15;perm-fc062089-a995-4a75-bc78-b23429ce9b21;IGN_Prod;ds-e8e54917-41a5-412c-997d-8e754468d105;;;;;;2026-08-23T00:00:00.000Z;2026-09-22T00:00:00.000Z;30;complete_coverage;5;2026-08-27T00:00:00.000Z;2026-08-27T23:59:59.000Z;11;1584
producer;producer_permission;Couche IGN_Prod-14 + Couche IGN_Prod-21 + Couche IGN_Prod-15 · IGN_Prod;Couche IGN_Prod-14 + Couche IGN_Prod-21 + Couche IGN_Prod-15;perm-fc062089-a995-4a75-bc78-b23429ce9b21;IGN_Prod;ds-e8e54917-41a5-412c-997d-8e754468d105;;;;;;2026-08-23T00:00:00.000Z;2026-09-22T00:00:00.000Z;30;complete_coverage;6;2026-08-28T00:00:00.000Z;2026-08-28T23:59:59.000Z;5;825
producer;producer_permission;Couche IGN_Prod-14 + Couche IGN_Prod-21 + Couche IGN_Prod-15 · IGN_Prod;Couche IGN_Prod-14 + Couche IGN_Prod-21 + Couche IGN_Prod-15;perm-fc062089-a995-4a75-bc78-b23429ce9b21;IGN_Prod;ds-e8e54917-41a5-412c-997d-8e754468d105;;;;;;2026-08-23T00:00:00.000Z;2026-09-22T00:00:00.000Z;30;complete_coverage;7;2026-08-29T00:00:00.000Z;2026-08-29T23:59:59.000Z;6;2232
producer;producer_permission;Couche IGN_Prod-14 + Couche IGN_Prod-21 + Couche IGN_Prod-15 · IGN_Prod;Couche IGN_Prod-14 + Couche IGN_Prod-21 + Couche IGN_Prod-15;perm-fc062089-a995-4a75-bc78-b23429ce9b21;IGN_Prod;ds-e8e54917-41a5-412c-997d-8e754468d105;;;;;;2026-08-23T00:00:00.000Z;2026-09-22T00:00:00.000Z;30;complete_coverage;8;2026-08-30T00:00:00.000Z;2026-08-30T23:59:59.000Z;10;2810
producer;producer_permission;Couche IGN_Prod-14 + Couche IGN_Prod-21 + Couche IGN_Prod-15 · IGN_Prod;Couche IGN_Prod-14 + Couche IGN_Prod-21 + Couche IGN_Prod-15;perm-fc062089-a995-4a75-bc78-b23429ce9b21;IGN_Prod;ds-e8e54917-41a5-412c-997d-8e754468d105;;;;;;2026-08-23T00:00:00.000Z;2026-09-22T00:00:00.000Z;30;complete_coverage;9;2026-08-31T00:00:00.000Z;2026-08-31T23:59:59.000Z;5;1810
producer;producer_permission;Couche IGN_Prod-14 + Couche IGN_Prod-21 + Couche IGN_Prod-15 · IGN_Prod;Couche IGN_Prod-14 + Couche IGN_Prod-21 + Couche IGN_Prod-15;perm-fc062089-a995-4a75-bc78-b23429ce9b21;IGN_Prod;ds-e8e54917-41a5-412c-997d-8e754468d105;;;;;;2026-08-23T00:00:00.000Z;2026-09-22T00:00:00.000Z;30;complete_coverage;10;2026-09-01T00:00:00.000Z;2026-09-01T23:59:59.000Z;6;2364
producer;producer_permission;Couche IGN_Prod-14 + Couche IGN_Prod-21 + Couche IGN_Prod-15 · IGN_Prod;Couche IGN_Prod-14 + Couche IGN_Prod-21 + Couche IGN_Prod-15;perm-fc062089-a995-4a75-bc78-b23429ce9b21;IGN_Prod;ds-e8e54917-41a5-412c-997d-8e754468d105;;;;;;2026-08-23T00:00:00.000Z;2026-09-22T00:00:00.000Z;30;complete_coverage;11;2026-09-02T00:00:00.000Z;2026-09-02T23:59:59.000Z;4;504
producer;producer_permission;Couche IGN_Prod-14 + Couche IGN_Prod-21 + Couche IGN_Prod-15 · IGN_Prod;Couche IGN_Prod-14 + Couche IGN_Prod-21 + Couche IGN_Prod-15;perm-fc062089-a995-4a75-bc78-b23429ce9b21;IGN_Prod;ds-e8e54917-41a5-412c-997d-8e754468d105;;;;;;2026-08-23T00:00:00.000Z;2026-09-22T00:00:00.000Z;30;complete_coverage;12;2026-09-03T00:00:00.000Z;2026-09-03T23:59:59.000Z;8;1376
producer;producer_permission;Couche IGN_Prod-14 + Couche IGN_Prod-21 + Couche IGN_Prod-15 · IGN_Prod;Couche IGN_Prod-14 + Couche IGN_Prod-21 + Couche IGN_Prod-15;perm-fc062089-a995-4a75-bc78-b23429ce9b21;IGN_Prod;ds-e8e54917-41a5-412c-997d-8e754468d105;;;;;;2026-08-23T00:00:00.000Z;2026-09-22T00:00:00.000Z;30;complete_coverage;13;2026-09-04T00:00:00.000Z;2026-09-04T23:59:59.000Z;10;810
producer;producer_permission;Couche IGN_Prod-14 + Couche IGN_Prod-21 + Couche IGN_Prod-15 · IGN_Prod;Couche IGN_Prod-14 + Couche IGN_Prod-21 + Couche IGN_Prod-15;perm-fc062089-a995-4a75-bc78-b23429ce9b21;IGN_Prod;ds-e8e54917-41a5-412c-997d-8e754468d105;;;;;;2026-08-23T00:00:00.000Z;2026-09-22T00:00:00.000Z;30;complete_coverage;14;2026-09-05T00:00:00.000Z;2026-09-05T23:59:59.000Z;9;1206
producer;producer_permission;Couche IGN_Prod-14 + Couche IGN_Prod-21 + Couche IGN_Prod-15 · IGN_Prod;Couche IGN_Prod-14 + Couche IGN_Prod-21 + Couche IGN_Prod-15;perm-fc062089-a995-4a75-bc78-b23429ce9b21;IGN_Prod;ds-e8e54917-41a5-412c-997d-8e754468d105;;;;;;2026-08-23T00:00:00.000Z;2026-09-22T00:00:00.000Z;30;complete_coverage;15;2026-09-06T00:00:00.000Z;2026-09-06T23:59:59.000Z;8;1928
producer;producer_permission;Couche IGN_Prod-14 + Couche IGN_Prod-21 + Couche IGN_Prod-15 · IGN_Prod;Couche IGN_Prod-14 + Couche IGN_Prod-21 + Couche IGN_Prod-15;perm-fc062089-a995-4a75-bc78-b23429ce9b21;IGN_Prod;ds-e8e54917-41a5-412c-997d-8e754468d105;;;;;;2026-08-23T00:00:00.000Z;2026-09-22T00:00:00.000Z;30;complete_coverage;16;2026-09-07T00:00:00.000Z;2026-09-07T23:59:59.000Z;13;3783
producer;producer_permission;Couche IGN_Prod-14 + Couche IGN_Prod-21 + Couche IGN_Prod-15 · IGN_Prod;Couche IGN_Prod-14 + Couche IGN_Prod-21 + Couche IGN_Prod-15;perm-fc062089-a995-4a75-bc78-b23429ce9b21;IGN_Prod;ds-e8e54917-41a5-412c-997d-8e754468d105;;;;;;2026-08-23T00:00:00.000Z;2026-09-22T00:00:00.000Z;30;complete_coverage;17;2026-09-08T00:00:00.000Z;2026-09-08T23:59:59.000Z;6;1416
producer;producer_permission;Couche IGN_Prod-14 + Couche IGN_Prod-21 + Couche IGN_Prod-15 · IGN_Prod;Couche IGN_Prod-14 + Couche IGN_Prod-21 + Couche IGN_Prod-15;perm-fc062089-a995-4a75-bc78-b23429ce9b21;IGN_Prod;ds-e8e54917-41a5-412c-997d-8e754468d105;;;;;;2026-08-23T00:00:00.000Z;2026-09-22T00:00:00.000Z;30;complete_coverage;18;2026-09-09T00:00:00.000Z;2026-09-09T23:59:59.000Z;13;4979
producer;producer_permission;Couche IGN_Prod-14 + Couche IGN_Prod-21 + Couche IGN_Prod-15 · IGN_Prod;Couche IGN_Prod-14 + Couche IGN_Prod-21 + Couche IGN_Prod-15;perm-fc062089-a995-4a75-bc78-b23429ce9b21;IGN_Prod;ds-e8e54917-41a5-412c-997d-8e754468d105;;;;;;2026-08-23T00:00:00.000Z;2026-09-22T00:00:00.000Z;30;complete_coverage;19;2026-09-10T00:00:00.000Z;2026-09-10T23:59:59.000Z;11;4070
producer;producer_permission;Couche IGN_Prod-14 + Couche IGN_Prod-21 + Couche IGN_Prod-15 · IGN_Prod;Couche IGN_Prod-14 + Couche IGN_Prod-21 + Couche IGN_Prod-15;perm-fc062089-a995-4a75-bc78-b23429ce9b21;IGN_Prod;ds-e8e54917-41a5-412c-997d-8e754468d105;;;;;;2026-08-23T00:00:00.000Z;2026-09-22T00:00:00.000Z;30;complete_coverage;20;2026-09-11T00:00:00.000Z;2026-09-11T23:59:59.000Z;11;1496
producer;producer_permission;Couche IGN_Prod-14 + Couche IGN_Prod-21 + Couche IGN_Prod-15 · IGN_Prod;Couche IGN_Prod-14 + Couche IGN_Prod-21 + Couche IGN_Prod-15;perm-fc062089-a995-4a75-bc78-b23429ce9b21;IGN_Prod;ds-e8e54917-41a5-412c-997d-8e754468d105;;;;;;2026-08-23T00:00:00.000Z;2026-09-22T00:00:00.000Z;30;complete_coverage;21;2026-09-12T00:00:00.000Z;2026-09-12T23:59:59.000Z;12;4044
producer;producer_permission;Couche IGN_Prod-14 + Couche IGN_Prod-21 + Couche IGN_Prod-15 · IGN_Prod;Couche IGN_Prod-14 + Couche IGN_Prod-21 + Couche IGN_Prod-15;perm-fc062089-a995-4a75-bc78-b23429ce9b21;IGN_Prod;ds-e8e54917-41a5-412c-997d-8e754468d105;;;;;;2026-08-23T00:00:00.000Z;2026-09-22T00:00:00.000Z;30;complete_coverage;22;2026-09-13T00:00:00.000Z;2026-09-13T23:59:59.000Z;6;570
producer;producer_permission;Couche IGN_Prod-14 + Couche IGN_Prod-21 + Couche IGN_Prod-15 · IGN_Prod;Couche IGN_Prod-14 + Couche IGN_Prod-21 + Couche IGN_Prod-15;perm-fc062089-a995-4a75-bc78-b23429ce9b21;IGN_Prod;ds-e8e54917-41a5-412c-997d-8e754468d105;;;;;;2026-08-23T00:00:00.000Z;2026-09-22T00:00:00.000Z;30;complete_coverage;23;2026-09-14T00:00:00.000Z;2026-09-14T23:59:59.000Z;10;2790
producer;producer_permission;Couche IGN_Prod-14 + Couche IGN_Prod-21 + Couche IGN_Prod-15 · IGN_Prod;Couche IGN_Prod-14 + Couche IGN_Prod-21 + Couche IGN_Prod-15;perm-fc062089-a995-4a75-bc78-b23429ce9b21;IGN_Prod;ds-e8e54917-41a5-412c-997d-8e754468d105;;;;;;2026-08-23T00:00:00.000Z;2026-09-22T00:00:00.000Z;30;complete_coverage;24;2026-09-15T00:00:00.000Z;2026-09-15T23:59:59.000Z;13;3523
producer;producer_permission;Couche IGN_Prod-14 + Couche IGN_Prod-21 + Couche IGN_Prod-15 · IGN_Prod;Couche IGN_Prod-14 + Couche IGN_Prod-21 + Couche IGN_Prod-15;perm-fc062089-a995-4a75-bc78-b23429ce9b21;IGN_Prod;ds-e8e54917-41a5-412c-997d-8e754468d105;;;;;;2026-08-23T00:00:00.000Z;2026-09-22T00:00:00.000Z;30;complete_coverage;25;2026-09-16T00:00:00.000Z;2026-09-16T23:59:59.000Z;8;1632
producer;producer_permission;Couche IGN_Prod-14 + Couche IGN_Prod-21 + Couche IGN_Prod-15 · IGN_Prod;Couche IGN_Prod-14 + Couche IGN_Prod-21 + Couche IGN_Prod-15;perm-fc062089-a995-4a75-bc78-b23429ce9b21;IGN_Prod;ds-e8e54917-41a5-412c-997d-8e754468d105;;;;;;2026-08-23T00:00:00.000Z;2026-09-22T00:00:00.000Z;30;complete_coverage;26;2026-09-17T00:00:00.000Z;2026-09-17T23:59:59.000Z;5;805
producer;producer_permission;Couche IGN_Prod-14 + Couche IGN_Prod-21 + Couche IGN_Prod-15 · IGN_Prod;Couche IGN_Prod-14 + Couche IGN_Prod-21 + Couche IGN_Prod-15;perm-fc062089-a995-4a75-bc78-b23429ce9b21;IGN_Prod;ds-e8e54917-41a5-412c-997d-8e754468d105;;;;;;2026-08-23T00:00:00.000Z;2026-09-22T00:00:00.000Z;30;complete_coverage;27;2026-09-18T00:00:00.000Z;2026-09-18T23:59:59.000Z;8;2144
producer;producer_permission;Couche IGN_Prod-14 + Couche IGN_Prod-21 + Couche IGN_Prod-15 · IGN_Prod;Couche IGN_Prod-14 + Couche IGN_Prod-21 + Couche IGN_Prod-15;perm-fc062089-a995-4a75-bc78-b23429ce9b21;IGN_Prod;ds-e8e54917-41a5-412c-997d-8e754468d105;;;;;;2026-08-23T00:00:00.000Z;2026-09-22T00:00:00.000Z;30;complete_coverage;28;2026-09-19T00:00:00.000Z;2026-09-19T23:59:59.000Z;5;1665
producer;producer_permission;Couche IGN_Prod-14 + Couche IGN_Prod-21 + Couche IGN_Prod-15 · IGN_Prod;Couche IGN_Prod-14 + Couche IGN_Prod-21 + Couche IGN_Prod-15;perm-fc062089-a995-4a75-bc78-b23429ce9b21;IGN_Prod;ds-e8e54917-41a5-412c-997d-8e754468d105;;;;;;2026-08-23T00:00:00.000Z;2026-09-22T00:00:00.000Z;30;complete_coverage;29;2026-09-20T00:00:00.000Z;2026-09-20T23:59:59.000Z;5;1970
producer;producer_permission;Couche IGN_Prod-14 + Couche IGN_Prod-21 + Couche IGN_Prod-15 · IGN_Prod;Couche IGN_Prod-14 + Couche IGN_Prod-21 + Couche IGN_Prod-15;perm-fc062089-a995-4a75-bc78-b23429ce9b21;IGN_Prod;ds-e8e54917-41a5-412c-997d-8e754468d105;;;;;;2026-08-23T00:00:00.000Z;2026-09-22T00:00:00.000Z;30;complete_coverage;30;2026-09-21T00:00:00.000Z;2026-09-21T23:59:59.000Z;13;1508
producer;endpoint;Diffusion ep-e6937 · IGN_Sandbox;;;IGN_Sandbox;ds-1a454e05-7963-4ca3-915d-e72ff26b12a2;;;Diffusion ep-e6937;ep-e6937e46-9757-4da9-a1b4-69114ade8316;WMS-VECTOR;2026-08-23T00:00:00.000Z;2026-09-22T00:00:00.000Z;30;complete_coverage;1;2026-08-23T00:00:00.000Z;2026-08-23T23:59:59.000Z;29;11368
producer;endpoint;Diffusion ep-e6937 · IGN_Sandbox;;;IGN_Sandbox;ds-1a454e05-7963-4ca3-915d-e72ff26b12a2;;;Diffusion ep-e6937;ep-e6937e46-9757-4da9-a1b4-69114ade8316;WMS-VECTOR;2026-08-23T00:00:00.000Z;2026-09-22T00:00:00.000Z;30;complete_coverage;2;2026-08-24T00:00:00.000Z;2026-08-24T23:59:59.000Z;30;9930
producer;endpoint;Diffusion ep-e6937 · IGN_Sandbox;;;IGN_Sandbox;ds-1a454e05-7963-4ca3-915d-e72ff26b12a2;;;Diffusion ep-e6937;ep-e6937e46-9757-4da9-a1b4-69114ade8316;WMS-VECTOR;2026-08-23T00:00:00.000Z;2026-09-22T00:00:00.000Z;30;complete_coverage;3;2026-08-25T00:00:00.000Z;2026-08-25T23:59:59.000Z;35;5285
producer;endpoint;Diffusion ep-e6937 · IGN_Sandbox;;;IGN_Sandbox;ds-1a454e05-7963-4ca3-915d-e72ff26b12a2;;;Diffusion ep-e6937;ep-e6937e46-9757-4da9-a1b4-69114ade8316;WMS-VECTOR;2026-08-23T00:00:00.000Z;2026-09-22T00:00:00.000Z;30;complete_coverage;4;2026-08-26T00:00:00.000Z;2026-08-26T23:59:59.000Z;36;9396
producer;endpoint;Diffusion ep-e6937 · IGN_Sandbox;;;IGN_Sandbox;ds-1a454e05-7963-4ca3-915d-e72ff26b12a2;;;Diffusion ep-e6937;ep-e6937e46-9757-4da9-a1b4-69114ade8316;WMS-VECTOR;2026-08-23T00:00:00.000Z;2026-09-22T00:00:00.000Z;30;complete_coverage;5;2026-08-27T00:00:00.000Z;2026-08-27T23:59:59.000Z;29;7540
producer;endpoint;Diffusion ep-e6937 · IGN_Sandbox;;;IGN_Sandbox;ds-1a454e05-7963-4ca3-915d-e72ff26b12a2;;;Diffusion ep-e6937;ep-e6937e46-9757-4da9-a1b4-69114ade8316;WMS-VECTOR;2026-08-23T00:00:00.000Z;2026-09-22T00:00:00.000Z;30;complete_coverage;6;2026-08-28T00:00:00.000Z;2026-08-28T23:59:59.000Z;29;2407
producer;endpoint;Diffusion ep-e6937 · IGN_Sandbox;;;IGN_Sandbox;ds-1a454e05-7963-4ca3-915d-e72ff26b12a2;;;Diffusion ep-e6937;ep-e6937e46-9757-4da9-a1b4-69114ade8316;WMS-VECTOR;2026-08-23T00:00:00.000Z;2026-09-22T00:00:00.000Z;30;complete_coverage;7;2026-08-29T00:00:00.000Z;2026-08-29T23:59:59.000Z;27;4266
producer;endpoint;Diffusion ep-e6937 · IGN_Sandbox;;;IGN_Sandbox;ds-1a454e05-7963-4ca3-915d-e72ff26b12a2;;;Diffusion ep-e6937;ep-e6937e46-9757-4da9-a1b4-69114ade8316;WMS-VECTOR;2026-08-23T00:00:00.000Z;2026-09-22T00:00:00.000Z;30;complete_coverage;8;2026-08-30T00:00:00.000Z;2026-08-30T23:59:59.000Z;35;9975
producer;endpoint;Diffusion ep-e6937 · IGN_Sandbox;;;IGN_Sandbox;ds-1a454e05-7963-4ca3-915d-e72ff26b12a2;;;Diffusion ep-e6937;ep-e6937e46-9757-4da9-a1b4-69114ade8316;WMS-VECTOR;2026-08-23T00:00:00.000Z;2026-09-22T00:00:00.000Z;30;complete_coverage;9;2026-08-31T00:00:00.000Z;2026-08-31T23:59:59.000Z;36;12024
producer;endpoint;Diffusion ep-e6937 · IGN_Sandbox;;;IGN_Sandbox;ds-1a454e05-7963-4ca3-915d-e72ff26b12a2;;;Diffusion ep-e6937;ep-e6937e46-9757-4da9-a1b4-69114ade8316;WMS-VECTOR;2026-08-23T00:00:00.000Z;2026-09-22T00:00:00.000Z;30;complete_coverage;10;2026-09-01T00:00:00.000Z;2026-09-01T23:59:59.000Z;31;12059
producer;endpoint;Diffusion ep-e6937 · IGN_Sandbox;;;IGN_Sandbox;ds-1a454e05-7963-4ca3-915d-e72ff26b12a2;;;Diffusion ep-e6937;ep-e6937e46-9757-4da9-a1b4-69114ade8316;WMS-VECTOR;2026-08-23T00:00:00.000Z;2026-09-22T00:00:00.000Z;30;complete_coverage;11;2026-09-02T00:00:00.000Z;2026-09-02T23:59:59.000Z;35;10815
producer;endpoint;Diffusion ep-e6937 · IGN_Sandbox;;;IGN_Sandbox;ds-1a454e05-7963-4ca3-915d-e72ff26b12a2;;;Diffusion ep-e6937;ep-e6937e46-9757-4da9-a1b4-69114ade8316;WMS-VECTOR;2026-08-23T00:00:00.000Z;2026-09-22T00:00:00.000Z;30;complete_coverage;12;2026-09-03T00:00:00.000Z;2026-09-03T23:59:59.000Z;32;12704
producer;endpoint;Diffusion ep-e6937 · IGN_Sandbox;;;IGN_Sandbox;ds-1a454e05-7963-4ca3-915d-e72ff26b12a2;;;Diffusion ep-e6937;ep-e6937e46-9757-4da9-a1b4-69114ade8316;WMS-VECTOR;2026-08-23T00:00:00.000Z;2026-09-22T00:00:00.000Z;30;complete_coverage;13;2026-09-04T00:00:00.000Z;2026-09-04T23:59:59.000Z;30;4590
producer;endpoint;Diffusion ep-e6937 · IGN_Sandbox;;;IGN_Sandbox;ds-1a454e05-7963-4ca3-915d-e72ff26b12a2;;;Diffusion ep-e6937;ep-e6937e46-9757-4da9-a1b4-69114ade8316;WMS-VECTOR;2026-08-23T00:00:00.000Z;2026-09-22T00:00:00.000Z;30;complete_coverage;14;2026-09-05T00:00:00.000Z;2026-09-05T23:59:59.000Z;30;3900
producer;endpoint;Diffusion ep-e6937 · IGN_Sandbox;;;IGN_Sandbox;ds-1a454e05-7963-4ca3-915d-e72ff26b12a2;;;Diffusion ep-e6937;ep-e6937e46-9757-4da9-a1b4-69114ade8316;WMS-VECTOR;2026-08-23T00:00:00.000Z;2026-09-22T00:00:00.000Z;30;complete_coverage;15;2026-09-06T00:00:00.000Z;2026-09-06T23:59:59.000Z;29;4524
producer;endpoint;Diffusion ep-e6937 · IGN_Sandbox;;;IGN_Sandbox;ds-1a454e05-7963-4ca3-915d-e72ff26b12a2;;;Diffusion ep-e6937;ep-e6937e46-9757-4da9-a1b4-69114ade8316;WMS-VECTOR;2026-08-23T00:00:00.000Z;2026-09-22T00:00:00.000Z;30;complete_coverage;16;2026-09-07T00:00:00.000Z;2026-09-07T23:59:59.000Z;27;7344
producer;endpoint;Diffusion ep-e6937 · IGN_Sandbox;;;IGN_Sandbox;ds-1a454e05-7963-4ca3-915d-e72ff26b12a2;;;Diffusion ep-e6937;ep-e6937e46-9757-4da9-a1b4-69114ade8316;WMS-VECTOR;2026-08-23T00:00:00.000Z;2026-09-22T00:00:00.000Z;30;complete_coverage;17;2026-09-08T00:00:00.000Z;2026-09-08T23:59:59.000Z;28;7784
producer;endpoint;Diffusion ep-e6937 · IGN_Sandbox;;;IGN_Sandbox;ds-1a454e05-7963-4ca3-915d-e72ff26b12a2;;;Diffusion ep-e6937;ep-e6937e46-9757-4da9-a1b4-69114ade8316;WMS-VECTOR;2026-08-23T00:00:00.000Z;2026-09-22T00:00:00.000Z;30;complete_coverage;18;2026-09-09T00:00:00.000Z;2026-09-09T23:59:59.000Z;33;2739
producer;endpoint;Diffusion ep-e6937 · IGN_Sandbox;;;IGN_Sandbox;ds-1a454e05-7963-4ca3-915d-e72ff26b12a2;;;Diffusion ep-e6937;ep-e6937e46-9757-4da9-a1b4-69114ade8316;WMS-VECTOR;2026-08-23T00:00:00.000Z;2026-09-22T00:00:00.000Z;30;complete_coverage;19;2026-09-10T00:00:00.000Z;2026-09-10T23:59:59.000Z;28;5684
producer;endpoint;Diffusion ep-e6937 · IGN_Sandbox;;;IGN_Sandbox;ds-1a454e05-7963-4ca3-915d-e72ff26b12a2;;;Diffusion ep-e6937;ep-e6937e46-9757-4da9-a1b4-69114ade8316;WMS-VECTOR;2026-08-23T00:00:00.000Z;2026-09-22T00:00:00.000Z;30;complete_coverage;20;2026-09-11T00:00:00.000Z;2026-09-11T23:59:59.000Z;29;4582
producer;endpoint;Diffusion ep-e6937 · IGN_Sandbox;;;IGN_Sandbox;ds-1a454e05-7963-4ca3-915d-e72ff26b12a2;;;Diffusion ep-e6937;ep-e6937e46-9757-4da9-a1b4-69114ade8316;WMS-VECTOR;2026-08-23T00:00:00.000Z;2026-09-22T00:00:00.000Z;30;complete_coverage;21;2026-09-12T00:00:00.000Z;2026-09-12T23:59:59.000Z;34;12886
producer;endpoint;Diffusion ep-e6937 · IGN_Sandbox;;;IGN_Sandbox;ds-1a454e05-7963-4ca3-915d-e72ff26b12a2;;;Diffusion ep-e6937;ep-e6937e46-9757-4da9-a1b4-69114ade8316;WMS-VECTOR;2026-08-23T00:00:00.000Z;2026-09-22T00:00:00.000Z;30;complete_coverage;22;2026-09-13T00:00:00.000Z;2026-09-13T23:59:59.000Z;27;10152
producer;endpoint;Diffusion ep-e6937 · IGN_Sandbox;;;IGN_Sandbox;ds-1a454e05-7963-4ca3-915d-e72ff26b12a2;;;Diffusion ep-e6937;ep-e6937e46-9757-4da9-a1b4-69114ade8316;WMS-VECTOR;2026-08-23T00:00:00.000Z;2026-09-22T00:00:00.000Z;30;complete_coverage;23;2026-09-14T00:00:00.000Z;2026-09-14T23:59:59.000Z;30;8700
producer;endpoint;Diffusion ep-e6937 · IGN_Sandbox;;;IGN_Sandbox;ds-1a454e05-7963-4ca3-915d-e72ff26b12a2;;;Diffusion ep-e6937;ep-e6937e46-9757-4da9-a1b4-69114ade8316;WMS-VECTOR;2026-08-23T00:00:00.000Z;2026-09-22T00:00:00.000Z;30;complete_coverage;24;2026-09-15T00:00:00.000Z;2026-09-15T23:59:59.000Z;33;12540
producer;endpoint;Diffusion ep-e6937 · IGN_Sandbox;;;IGN_Sandbox;ds-1a454e05-7963-4ca3-915d-e72ff26b12a2;;;Diffusion ep-e6937;ep-e6937e46-9757-4da9-a1b4-69114ade8316;WMS-VECTOR;2026-08-23T00:00:00.000Z;2026-09-22T00:00:00.000Z;30;complete_coverage;25;2026-09-16T00:00:00.000Z;2026-09-16T23:59:59.000Z;32;7872
producer;endpoint;Diffusion ep-e6937 · IGN_Sandbox;;;IGN_Sandbox;ds-1a454e05-7963-4ca3-915d-e72ff26b12a2;;;Diffusion ep-e6937;ep-e6937e46-9757-4da9-a1b4-69114ade8316;WMS-VECTOR;2026-08-23T00:00:00.000Z;2026-09-22T00:00:00.000Z;30;complete_coverage;26;2026-09-17T00:00:00.000Z;2026-09-17T23:59:59.000Z;31;6107
producer;endpoint;Diffusion ep-e6937 · IGN_Sandbox;;;IGN_Sandbox;ds-1a454e05-7963-4ca3-915d-e72ff26b12a2;;;Diffusion ep-e6937;ep-e6937e46-9757-4da9-a1b4-69114ade8316;WMS-VECTOR;2026-08-23T00:00:00.000Z;2026-09-22T00:00:00.000Z;30;complete_coverage;27;2026-09-18T00:00:00.000Z;2026-09-18T23:59:59.000Z;34;9588
producer;endpoint;Diffusion ep-e6937 · IGN_Sandbox;;;IGN_Sandbox;ds-1a454e05-7963-4ca3-915d-e72ff26b12a2;;;Diffusion ep-e6937;ep-e6937e46-9757-4da9-a1b4-69114ade8316;WMS-VECTOR;2026-08-23T00:00:00.000Z;2026-09-22T00:00:00.000Z;30;complete_coverage;28;2026-09-19T00:00:00.000Z;2026-09-19T23:59:59.000Z;29;3132
producer;endpoint;Diffusion ep-e6937 · IGN_Sandbox;;;IGN_Sandbox;ds-1a454e05-7963-4ca3-915d-e72ff26b12a2;;;Diffusion ep-e6937;ep-e6937e46-9757-4da9-a1b4-69114ade8316;WMS-VECTOR;2026-08-23T00:00:00.000Z;2026-09-22T00:00:00.000Z;30;complete_coverage;29;2026-09-20T00:00:00.000Z;2026-09-20T23:59:59.000Z;32;7552
producer;endpoint;Diffusion ep-e6937 · IGN_Sandbox;;;IGN_Sandbox;ds-1a454e05-7963-4ca3-915d-e72ff26b12a2;;;Diffusion ep-e6937;ep-e6937e46-9757-4da9-a1b4-69114ade8316;WMS-VECTOR;2026-08-23T00:00:00.000Z;2026-09-22T00:00:00.000Z;30;complete_coverage;30;2026-09-21T00:00:00.000Z;2026-09-21T23:59:59.000Z;36;3240
producer;endpoint;Diffusion ep-c5896 · IGN_Sandbox;;;IGN_Sandbox;ds-1a454e05-7963-4ca3-915d-e72ff26b12a2;;;Diffusion ep-c5896;ep-c58965e1-b45e-4b57-b53b-860978f67308;WMS-RASTER;2026-08-23T00:00:00.000Z;2026-09-22T00:00:00.000Z;30;complete_coverage;1;2026-08-23T00:00:00.000Z;2026-08-23T23:59:59.000Z;25;3975
producer;endpoint;Diffusion ep-c5896 · IGN_Sandbox;;;IGN_Sandbox;ds-1a454e05-7963-4ca3-915d-e72ff26b12a2;;;Diffusion ep-c5896;ep-c58965e1-b45e-4b57-b53b-860978f67308;WMS-RASTER;2026-08-23T00:00:00.000Z;2026-09-22T00:00:00.000Z;30;complete_coverage;2;2026-08-24T00:00:00.000Z;2026-08-24T23:59:59.000Z;21;3990
producer;endpoint;Diffusion ep-c5896 · IGN_Sandbox;;;IGN_Sandbox;ds-1a454e05-7963-4ca3-915d-e72ff26b12a2;;;Diffusion ep-c5896;ep-c58965e1-b45e-4b57-b53b-860978f67308;WMS-RASTER;2026-08-23T00:00:00.000Z;2026-09-22T00:00:00.000Z;30;complete_coverage;3;2026-08-25T00:00:00.000Z;2026-08-25T23:59:59.000Z;21;4725
producer;endpoint;Diffusion ep-c5896 · IGN_Sandbox;;;IGN_Sandbox;ds-1a454e05-7963-4ca3-915d-e72ff26b12a2;;;Diffusion ep-c5896;ep-c58965e1-b45e-4b57-b53b-860978f67308;WMS-RASTER;2026-08-23T00:00:00.000Z;2026-09-22T00:00:00.000Z;30;complete_coverage;4;2026-08-26T00:00:00.000Z;2026-08-26T23:59:59.000Z;21;4956
producer;endpoint;Diffusion ep-c5896 · IGN_Sandbox;;;IGN_Sandbox;ds-1a454e05-7963-4ca3-915d-e72ff26b12a2;;;Diffusion ep-c5896;ep-c58965e1-b45e-4b57-b53b-860978f67308;WMS-RASTER;2026-08-23T00:00:00.000Z;2026-09-22T00:00:00.000Z;30;complete_coverage;5;2026-08-27T00:00:00.000Z;2026-08-27T23:59:59.000Z;26;8346
producer;endpoint;Diffusion ep-c5896 · IGN_Sandbox;;;IGN_Sandbox;ds-1a454e05-7963-4ca3-915d-e72ff26b12a2;;;Diffusion ep-c5896;ep-c58965e1-b45e-4b57-b53b-860978f67308;WMS-RASTER;2026-08-23T00:00:00.000Z;2026-09-22T00:00:00.000Z;30;complete_coverage;6;2026-08-28T00:00:00.000Z;2026-08-28T23:59:59.000Z;22;3696
producer;endpoint;Diffusion ep-c5896 · IGN_Sandbox;;;IGN_Sandbox;ds-1a454e05-7963-4ca3-915d-e72ff26b12a2;;;Diffusion ep-c5896;ep-c58965e1-b45e-4b57-b53b-860978f67308;WMS-RASTER;2026-08-23T00:00:00.000Z;2026-09-22T00:00:00.000Z;30;complete_coverage;7;2026-08-29T00:00:00.000Z;2026-08-29T23:59:59.000Z;22;7370
producer;endpoint;Diffusion ep-c5896 · IGN_Sandbox;;;IGN_Sandbox;ds-1a454e05-7963-4ca3-915d-e72ff26b12a2;;;Diffusion ep-c5896;ep-c58965e1-b45e-4b57-b53b-860978f67308;WMS-RASTER;2026-08-23T00:00:00.000Z;2026-09-22T00:00:00.000Z;30;complete_coverage;8;2026-08-30T00:00:00.000Z;2026-08-30T23:59:59.000Z;22;5038
producer;endpoint;Diffusion ep-c5896 · IGN_Sandbox;;;IGN_Sandbox;ds-1a454e05-7963-4ca3-915d-e72ff26b12a2;;;Diffusion ep-c5896;ep-c58965e1-b45e-4b57-b53b-860978f67308;WMS-RASTER;2026-08-23T00:00:00.000Z;2026-09-22T00:00:00.000Z;30;complete_coverage;9;2026-08-31T00:00:00.000Z;2026-08-31T23:59:59.000Z;24;2136
producer;endpoint;Diffusion ep-c5896 · IGN_Sandbox;;;IGN_Sandbox;ds-1a454e05-7963-4ca3-915d-e72ff26b12a2;;;Diffusion ep-c5896;ep-c58965e1-b45e-4b57-b53b-860978f67308;WMS-RASTER;2026-08-23T00:00:00.000Z;2026-09-22T00:00:00.000Z;30;complete_coverage;10;2026-09-01T00:00:00.000Z;2026-09-01T23:59:59.000Z;19;3648
producer;endpoint;Diffusion ep-c5896 · IGN_Sandbox;;;IGN_Sandbox;ds-1a454e05-7963-4ca3-915d-e72ff26b12a2;;;Diffusion ep-c5896;ep-c58965e1-b45e-4b57-b53b-860978f67308;WMS-RASTER;2026-08-23T00:00:00.000Z;2026-09-22T00:00:00.000Z;30;complete_coverage;11;2026-09-02T00:00:00.000Z;2026-09-02T23:59:59.000Z;22;7590
producer;endpoint;Diffusion ep-c5896 · IGN_Sandbox;;;IGN_Sandbox;ds-1a454e05-7963-4ca3-915d-e72ff26b12a2;;;Diffusion ep-c5896;ep-c58965e1-b45e-4b57-b53b-860978f67308;WMS-RASTER;2026-08-23T00:00:00.000Z;2026-09-22T00:00:00.000Z;30;complete_coverage;12;2026-09-03T00:00:00.000Z;2026-09-03T23:59:59.000Z;26;5330
producer;endpoint;Diffusion ep-c5896 · IGN_Sandbox;;;IGN_Sandbox;ds-1a454e05-7963-4ca3-915d-e72ff26b12a2;;;Diffusion ep-c5896;ep-c58965e1-b45e-4b57-b53b-860978f67308;WMS-RASTER;2026-08-23T00:00:00.000Z;2026-09-22T00:00:00.000Z;30;complete_coverage;13;2026-09-04T00:00:00.000Z;2026-09-04T23:59:59.000Z;22;3146
producer;endpoint;Diffusion ep-c5896 · IGN_Sandbox;;;IGN_Sandbox;ds-1a454e05-7963-4ca3-915d-e72ff26b12a2;;;Diffusion ep-c5896;ep-c58965e1-b45e-4b57-b53b-860978f67308;WMS-RASTER;2026-08-23T00:00:00.000Z;2026-09-22T00:00:00.000Z;30;complete_coverage;14;2026-09-05T00:00:00.000Z;2026-09-05T23:59:59.000Z;21;2226
producer;endpoint;Diffusion ep-c5896 · IGN_Sandbox;;;IGN_Sandbox;ds-1a454e05-7963-4ca3-915d-e72ff26b12a2;;;Diffusion ep-c5896;ep-c58965e1-b45e-4b57-b53b-860978f67308;WMS-RASTER;2026-08-23T00:00:00.000Z;2026-09-22T00:00:00.000Z;30;complete_coverage;15;2026-09-06T00:00:00.000Z;2026-09-06T23:59:59.000Z;17;6324
producer;endpoint;Diffusion ep-c5896 · IGN_Sandbox;;;IGN_Sandbox;ds-1a454e05-7963-4ca3-915d-e72ff26b12a2;;;Diffusion ep-c5896;ep-c58965e1-b45e-4b57-b53b-860978f67308;WMS-RASTER;2026-08-23T00:00:00.000Z;2026-09-22T00:00:00.000Z;30;complete_coverage;16;2026-09-07T00:00:00.000Z;2026-09-07T23:59:59.000Z;26;9048
producer;endpoint;Diffusion ep-c5896 · IGN_Sandbox;;;IGN_Sandbox;ds-1a454e05-7963-4ca3-915d-e72ff26b12a2;;;Diffusion ep-c5896;ep-c58965e1-b45e-4b57-b53b-860978f67308;WMS-RASTER;2026-08-23T00:00:00.000Z;2026-09-22T00:00:00.000Z;30;complete_coverage;17;2026-09-08T00:00:00.000Z;2026-09-08T23:59:59.000Z;20;7720
producer;endpoint;Diffusion ep-c5896 · IGN_Sandbox;;;IGN_Sandbox;ds-1a454e05-7963-4ca3-915d-e72ff26b12a2;;;Diffusion ep-c5896;ep-c58965e1-b45e-4b57-b53b-860978f67308;WMS-RASTER;2026-08-23T00:00:00.000Z;2026-09-22T00:00:00.000Z;30;complete_coverage;18;2026-09-09T00:00:00.000Z;2026-09-09T23:59:59.000Z;25;9925
producer;endpoint;Diffusion ep-c5896 · IGN_Sandbox;;;IGN_Sandbox;ds-1a454e05-7963-4ca3-915d-e72ff26b12a2;;;Diffusion ep-c5896;ep-c58965e1-b45e-4b57-b53b-860978f67308;WMS-RASTER;2026-08-23T00:00:00.000Z;2026-09-22T00:00:00.000Z;30;complete_coverage;19;2026-09-10T00:00:00.000Z;2026-09-10T23:59:59.000Z;26;6916
producer;endpoint;Diffusion ep-c5896 · IGN_Sandbox;;;IGN_Sandbox;ds-1a454e05-7963-4ca3-915d-e72ff26b12a2;;;Diffusion ep-c5896;ep-c58965e1-b45e-4b57-b53b-860978f67308;WMS-RASTER;2026-08-23T00:00:00.000Z;2026-09-22T00:00:00.000Z;30;complete_coverage;20;2026-09-11T00:00:00.000Z;2026-09-11T23:59:59.000Z;23;2346
producer;endpoint;Diffusion ep-c5896 · IGN_Sandbox;;;IGN_Sandbox;ds-1a454e05-7963-4ca3-915d-e72ff26b12a2;;;Diffusion ep-c5896;ep-c58965e1-b45e-4b57-b53b-860978f67308;WMS-RASTER;2026-08-23T00:00:00.000Z;2026-09-22T00:00:00.000Z;30;complete_coverage;21;2026-09-12T00:00:00.000Z;2026-09-12T23:59:59.000Z;21;8337
producer;endpoint;Diffusion ep-c5896 · IGN_Sandbox;;;IGN_Sandbox;ds-1a454e05-7963-4ca3-915d-e72ff26b12a2;;;Diffusion ep-c5896;ep-c58965e1-b45e-4b57-b53b-860978f67308;WMS-RASTER;2026-08-23T00:00:00.000Z;2026-09-22T00:00:00.000Z;30;complete_coverage;22;2026-09-13T00:00:00.000Z;2026-09-13T23:59:59.000Z;25;2275
producer;endpoint;Diffusion ep-c5896 · IGN_Sandbox;;;IGN_Sandbox;ds-1a454e05-7963-4ca3-915d-e72ff26b12a2;;;Diffusion ep-c5896;ep-c58965e1-b45e-4b57-b53b-860978f67308;WMS-RASTER;2026-08-23T00:00:00.000Z;2026-09-22T00:00:00.000Z;30;complete_coverage;23;2026-09-14T00:00:00.000Z;2026-09-14T23:59:59.000Z;26;3562
producer;endpoint;Diffusion ep-c5896 · IGN_Sandbox;;;IGN_Sandbox;ds-1a454e05-7963-4ca3-915d-e72ff26b12a2;;;Diffusion ep-c5896;ep-c58965e1-b45e-4b57-b53b-860978f67308;WMS-RASTER;2026-08-23T00:00:00.000Z;2026-09-22T00:00:00.000Z;30;complete_coverage;24;2026-09-15T00:00:00.000Z;2026-09-15T23:59:59.000Z;26;4550
producer;endpoint;Diffusion ep-c5896 · IGN_Sandbox;;;IGN_Sandbox;ds-1a454e05-7963-4ca3-915d-e72ff26b12a2;;;Diffusion ep-c5896;ep-c58965e1-b45e-4b57-b53b-860978f67308;WMS-RASTER;2026-08-23T00:00:00.000Z;2026-09-22T00:00:00.000Z;30;complete_coverage;25;2026-09-16T00:00:00.000Z;2026-09-16T23:59:59.000Z;22;1760
producer;endpoint;Diffusion ep-c5896 · IGN_Sandbox;;;IGN_Sandbox;ds-1a454e05-7963-4ca3-915d-e72ff26b12a2;;;Diffusion ep-c5896;ep-c58965e1-b45e-4b57-b53b-860978f67308;WMS-RASTER;2026-08-23T00:00:00.000Z;2026-09-22T00:00:00.000Z;30;complete_coverage;26;2026-09-17T00:00:00.000Z;2026-09-17T23:59:59.000Z;25;6200
producer;endpoint;Diffusion ep-c5896 · IGN_Sandbox;;;IGN_Sandbox;ds-1a454e05-7963-4ca3-915d-e72ff26b12a2;;;Diffusion ep-c5896;ep-c58965e1-b45e-4b57-b53b-860978f67308;WMS-RASTER;2026-08-23T00:00:00.000Z;2026-09-22T00:00:00.000Z;30;complete_coverage;27;2026-09-18T00:00:00.000Z;2026-09-18T23:59:59.000Z;26;2288
producer;endpoint;Diffusion ep-c5896 · IGN_Sandbox;;;IGN_Sandbox;ds-1a454e05-7963-4ca3-915d-e72ff26b12a2;;;Diffusion ep-c5896;ep-c58965e1-b45e-4b57-b53b-860978f67308;WMS-RASTER;2026-08-23T00:00:00.000Z;2026-09-22T00:00:00.000Z;30;complete_coverage;28;2026-09-19T00:00:00.000Z;2026-09-19T23:59:59.000Z;19;4180
producer;endpoint;Diffusion ep-c5896 · IGN_Sandbox;;;IGN_Sandbox;ds-1a454e05-7963-4ca3-915d-e72ff26b12a2;;;Diffusion ep-c5896;ep-c58965e1-b45e-4b57-b53b-860978f67308;WMS-RASTER;2026-08-23T00:00:00.000Z;2026-09-22T00:00:00.000Z;30;complete_coverage;29;2026-09-20T00:00:00.000Z;2026-09-20T23:59:59.000Z;22;1914
producer;endpoint;Diffusion ep-c5896 · IGN_Sandbox;;;IGN_Sandbox;ds-1a454e05-7963-4ca3-915d-e72ff26b12a2;;;Diffusion ep-c5896;ep-c58965e1-b45e-4b57-b53b-860978f67308;WMS-RASTER;2026-08-23T00:00:00.000Z;2026-09-22T00:00:00.000Z;30;complete_coverage;30;2026-09-21T00:00:00.000Z;2026-09-21T23:59:59.000Z;17;6443
producer;offering;Couche IGN_Sandbox-2 · IGN_Sandbox;;;IGN_Sandbox;ds-1a454e05-7963-4ca3-915d-e72ff26b12a2;Couche IGN_Sandbox-2;off-69aad3c8-5ffe-4714-a893-9ed0fa1bbe95;Diffusion;ep-e6937e46-9757-4da9-a1b4-69114ade8316;WMTS-TMS;2026-08-23T00:00:00.000Z;2026-09-22T00:00:00.000Z;30;partial_coverage;1;2026-09-11T00:00:00.000Z;2026-09-11T23:59:59.000Z;17;2278
producer;offering;Couche IGN_Sandbox-2 · IGN_Sandbox;;;IGN_Sandbox;ds-1a454e05-7963-4ca3-915d-e72ff26b12a2;Couche IGN_Sandbox-2;off-69aad3c8-5ffe-4714-a893-9ed0fa1bbe95;Diffusion;ep-e6937e46-9757-4da9-a1b4-69114ade8316;WMTS-TMS;2026-08-23T00:00:00.000Z;2026-09-22T00:00:00.000Z;30;partial_coverage;2;2026-09-12T00:00:00.000Z;2026-09-12T23:59:59.000Z;18;2934
producer;offering;Couche IGN_Sandbox-2 · IGN_Sandbox;;;IGN_Sandbox;ds-1a454e05-7963-4ca3-915d-e72ff26b12a2;Couche IGN_Sandbox-2;off-69aad3c8-5ffe-4714-a893-9ed0fa1bbe95;Diffusion;ep-e6937e46-9757-4da9-a1b4-69114ade8316;WMTS-TMS;2026-08-23T00:00:00.000Z;2026-09-22T00:00:00.000Z;30;partial_coverage;3;2026-09-13T00:00:00.000Z;2026-09-13T23:59:59.000Z;14;1904
producer;offering;Couche IGN_Sandbox-2 · IGN_Sandbox;;;IGN_Sandbox;ds-1a454e05-7963-4ca3-915d-e72ff26b12a2;Couche IGN_Sandbox-2;off-69aad3c8-5ffe-4714-a893-9ed0fa1bbe95;Diffusion;ep-e6937e46-9757-4da9-a1b4-69114ade8316;WMTS-TMS;2026-08-23T00:00:00.000Z;2026-09-22T00:00:00.000Z;30;partial_coverage;4;2026-09-14T00:00:00.000Z;2026-09-14T23:59:59.000Z;17;2482
producer;offering;Couche IGN_Sandbox-2 · IGN_Sandbox;;;IGN_Sandbox;ds-1a454e05-7963-4ca3-915d-e72ff26b12a2;Couche IGN_Sandbox-2;off-69aad3c8-5ffe-4714-a893-9ed0fa1bbe95;Diffusion;ep-e6937e46-9757-4da9-a1b4-69114ade8316;WMTS-TMS;2026-08-23T00:00:00.000Z;2026-09-22T00:00:00.000Z;30;partial_coverage;5;2026-09-15T00:00:00.000Z;2026-09-15T23:59:59.000Z;14;2926
producer;offering;Couche IGN_Sandbox-3 · IGN_Sandbox;;;IGN_Sandbox;ds-1a454e05-7963-4ca3-915d-e72ff26b12a2;Couche IGN_Sandbox-3;off-b1173abb-2561-4393-a315-3d11a49041ec;Diffusion;ep-e6937e46-9757-4da9-a1b4-69114ade8316;WMTS-TMS;2026-08-23T00:00:00.000Z;2026-09-22T00:00:00.000Z;30;complete_coverage;1;2026-08-23T00:00:00.000Z;2026-08-23T23:59:59.000Z;10;3600
producer;offering;Couche IGN_Sandbox-3 · IGN_Sandbox;;;IGN_Sandbox;ds-1a454e05-7963-4ca3-915d-e72ff26b12a2;Couche IGN_Sandbox-3;off-b1173abb-2561-4393-a315-3d11a49041ec;Diffusion;ep-e6937e46-9757-4da9-a1b4-69114ade8316;WMTS-TMS;2026-08-23T00:00:00.000Z;2026-09-22T00:00:00.000Z;30;complete_coverage;2;2026-08-24T00:00:00.000Z;2026-08-24T23:59:59.000Z;11;2464
producer;offering;Couche IGN_Sandbox-3 · IGN_Sandbox;;;IGN_Sandbox;ds-1a454e05-7963-4ca3-915d-e72ff26b12a2;Couche IGN_Sandbox-3;off-b1173abb-2561-4393-a315-3d11a49041ec;Diffusion;ep-e6937e46-9757-4da9-a1b4-69114ade8316;WMTS-TMS;2026-08-23T00:00:00.000Z;2026-09-22T00:00:00.000Z;30;complete_coverage;3;2026-08-25T00:00:00.000Z;2026-08-25T23:59:59.000Z;9;2250
producer;offering;Couche IGN_Sandbox-3 · IGN_Sandbox;;;IGN_Sandbox;ds-1a454e05-7963-4ca3-915d-e72ff26b12a2;Couche IGN_Sandbox-3;off-b1173abb-2561-4393-a315-3d11a49041ec;Diffusion;ep-e6937e46-9757-4da9-a1b4-69114ade8316;WMTS-TMS;2026-08-23T00:00:00.000Z;2026-09-22T00:00:00.000Z;30;complete_coverage;4;2026-08-26T00:00:00.000Z;2026-08-26T23:59:59.000Z;8;2848
producer;offering;Couche IGN_Sandbox-3 · IGN_Sandbox;;;IGN_Sandbox;ds-1a454e05-7963-4ca3-915d-e72ff26b12a2;Couche IGN_Sandbox-3;off-b1173abb-2561-4393-a315-3d11a49041ec;Diffusion;ep-e6937e46-9757-4da9-a1b4-69114ade8316;WMTS-TMS;2026-08-23T00:00:00.000Z;2026-09-22T00:00:00.000Z;30;complete_coverage;5;2026-08-27T00:00:00.000Z;2026-08-27T23:59:59.000Z;10;1360
producer;offering;Couche IGN_Sandbox-3 · IGN_Sandbox;;;IGN_Sandbox;ds-1a454e05-7963-4ca3-915d-e72ff26b12a2;Couche IGN_Sandbox-3;off-b1173abb-2561-4393-a315-3d11a49041ec;Diffusion;ep-e6937e46-9757-4da9-a1b4-69114ade8316;WMTS-TMS;2026-08-23T00:00:00.000Z;2026-09-22T00:00:00.000Z;30;complete_coverage;6;2026-08-28T00:00:00.000Z;2026-08-28T23:59:59.000Z;3;777
producer;offering;Couche IGN_Sandbox-3 · IGN_Sandbox;;;IGN_Sandbox;ds-1a454e05-7963-4ca3-915d-e72ff26b12a2;Couche IGN_Sandbox-3;off-b1173abb-2561-4393-a315-3d11a49041ec;Diffusion;ep-e6937e46-9757-4da9-a1b4-69114ade8316;WMTS-TMS;2026-08-23T00:00:00.000Z;2026-09-22T00:00:00.000Z;30;complete_coverage;7;2026-08-29T00:00:00.000Z;2026-08-29T23:59:59.000Z;12;1776
producer;offering;Couche IGN_Sandbox-3 · IGN_Sandbox;;;IGN_Sandbox;ds-1a454e05-7963-4ca3-915d-e72ff26b12a2;Couche IGN_Sandbox-3;off-b1173abb-2561-4393-a315-3d11a49041ec;Diffusion;ep-e6937e46-9757-4da9-a1b4-69114ade8316;WMTS-TMS;2026-08-23T00:00:00.000Z;2026-09-22T00:00:00.000Z;30;complete_coverage;8;2026-08-30T00:00:00.000Z;2026-08-30T23:59:59.000Z;5;1100
producer;offering;Couche IGN_Sandbox-3 · IGN_Sandbox;;;IGN_Sandbox;ds-1a454e05-7963-4ca3-915d-e72ff26b12a2;Couche IGN_Sandbox-3;off-b1173abb-2561-4393-a315-3d11a49041ec;Diffusion;ep-e6937e46-9757-4da9-a1b4-69114ade8316;WMTS-TMS;2026-08-23T00:00:00.000Z;2026-09-22T00:00:00.000Z;30;complete_coverage;9;2026-08-31T00:00:00.000Z;2026-08-31T23:59:59.000Z;8;1904
producer;offering;Couche IGN_Sandbox-3 · IGN_Sandbox;;;IGN_Sandbox;ds-1a454e05-7963-4ca3-915d-e72ff26b12a2;Couche IGN_Sandbox-3;off-b1173abb-2561-4393-a315-3d11a49041ec;Diffusion;ep-e6937e46-9757-4da9-a1b4-69114ade8316;WMTS-TMS;2026-08-23T00:00:00.000Z;2026-09-22T00:00:00.000Z;30;complete_coverage;10;2026-09-01T00:00:00.000Z;2026-09-01T23:59:59.000Z;10;2840
producer;offering;Couche IGN_Sandbox-3 · IGN_Sandbox;;;IGN_Sandbox;ds-1a454e05-7963-4ca3-915d-e72ff26b12a2;Couche IGN_Sandbox-3;off-b1173abb-2561-4393-a315-3d11a49041ec;Diffusion;ep-e6937e46-9757-4da9-a1b4-69114ade8316;WMTS-TMS;2026-08-23T00:00:00.000Z;2026-09-22T00:00:00.000Z;30;complete_coverage;11;2026-09-02T00:00:00.000Z;2026-09-02T23:59:59.000Z;6;816
producer;offering;Couche IGN_Sandbox-3 · IGN_Sandbox;;;IGN_Sandbox;ds-1a454e05-7963-4ca3-915d-e72ff26b12a2;Couche IGN_Sandbox-3;off-b1173abb-2561-4393-a315-3d11a49041ec;Diffusion;ep-e6937e46-9757-4da9-a1b4-69114ade8316;WMTS-TMS;2026-08-23T00:00:00.000Z;2026-09-22T00:00:00.000Z;30;complete_coverage;12;2026-09-03T00:00:00.000Z;2026-09-03T23:59:59.000Z;4;1536
producer;offering;Couche IGN_Sandbox-3 · IGN_Sandbox;;;IGN_Sandbox;ds-1a454e05-7963-4ca3-915d-e72ff26b12a2;Couche IGN_Sandbox-3;off-b1173abb-2561-4393-a315-3d11a49041ec;Diffusion;ep-e6937e46-9757-4da9-a1b4-69114ade8316;WMTS-TMS;2026-08-23T00:00:00.000Z;2026-09-22T00:00:00.000Z;30;complete_coverage;13;2026-09-04T00:00:00.000Z;2026-09-04T23:59:59.000Z;7;1981
producer;offering;Couche IGN_Sandbox-3 · IGN_Sandbox;;;IGN_Sandbox;ds-1a454e05-7963-4ca3-915d-e72ff26b12a2;Couche IGN_Sandbox-3;off-b1173abb-2561-4393-a315-3d11a49041ec;Diffusion;ep-e6937e46-9757-4da9-a1b4-69114ade8316;WMTS-TMS;2026-08-23T00:00:00.000Z;2026-09-22T00:00:00.000Z;30;complete_coverage;14;2026-09-05T00:00:00.000Z;2026-09-05T23:59:59.000Z;11;4180
producer;offering;Couche IGN_Sandbox-3 · IGN_Sandbox;;;IGN_Sandbox;ds-1a454e05-7963-4ca3-915d-e72ff26b12a2;Couche IGN_Sandbox-3;off-b1173abb-2561-4393-a315-3d11a49041ec;Diffusion;ep-e6937e46-9757-4da9-a1b4-69114ade8316;WMTS-TMS;2026-08-23T00:00:00.000Z;2026-09-22T00:00:00.000Z;30;complete_coverage;15;2026-09-06T00:00:00.000Z;2026-09-06T23:59:59.000Z;12;1212
producer;offering;Couche IGN_Sandbox-3 · IGN_Sandbox;;;IGN_Sandbox;ds-1a454e05-7963-4ca3-915d-e72ff26b12a2;Couche IGN_Sandbox-3;off-b1173abb-2561-4393-a315-3d11a49041ec;Diffusion;ep-e6937e46-9757-4da9-a1b4-69114ade8316;WMTS-TMS;2026-08-23T00:00:00.000Z;2026-09-22T00:00:00.000Z;30;complete_coverage;16;2026-09-07T00:00:00.000Z;2026-09-07T23:59:59.000Z;6;1770
producer;offering;Couche IGN_Sandbox-3 · IGN_Sandbox;;;IGN_Sandbox;ds-1a454e05-7963-4ca3-915d-e72ff26b12a2;Couche IGN_Sandbox-3;off-b1173abb-2561-4393-a315-3d11a49041ec;Diffusion;ep-e6937e46-9757-4da9-a1b4-69114ade8316;WMTS-TMS;2026-08-23T00:00:00.000Z;2026-09-22T00:00:00.000Z;30;complete_coverage;17;2026-09-08T00:00:00.000Z;2026-09-08T23:59:59.000Z;12;4164
producer;offering;Couche IGN_Sandbox-3 · IGN_Sandbox;;;IGN_Sandbox;ds-1a454e05-7963-4ca3-915d-e72ff26b12a2;Couche IGN_Sandbox-3;off-b1173abb-2561-4393-a315-3d11a49041ec;Diffusion;ep-e6937e46-9757-4da9-a1b4-69114ade8316;WMTS-TMS;2026-08-23T00:00:00.000Z;2026-09-22T00:00:00.000Z;30;complete_coverage;18;2026-09-09T00:00:00.000Z;2026-09-09T23:59:59.000Z;7;987
producer;offering;Couche IGN_Sandbox-3 · IGN_Sandbox;;;IGN_Sandbox;ds-1a454e05-7963-4ca3-915d-e72ff26b12a2;Couche IGN_Sandbox-3;off-b1173abb-2561-4393-a315-3d11a49041ec;Diffusion;ep-e6937e46-9757-4da9-a1b4-69114ade8316;WMTS-TMS;2026-08-23T00:00:00.000Z;2026-09-22T00:00:00.000Z;30;complete_coverage;19;2026-09-10T00:00:00.000Z;2026-09-10T23:59:59.000Z;11;2838
producer;offering;Couche IGN_Sandbox-3 · IGN_Sandbox;;;IGN_Sandbox;ds-1a454e05-7963-4ca3-915d-e72ff26b12a2;Couche IGN_Sandbox-3;off-b1173abb-2561-4393-a315-3d11a49041ec;Diffusion;ep-e6937e46-9757-4da9-a1b4-69114ade8316;WMTS-TMS;2026-08-23T00:00:00.000Z;2026-09-22T00:00:00.000Z;30;complete_coverage;20;2026-09-11T00:00:00.000Z;2026-09-11T23:59:59.000Z;11;2475
producer;offering;Couche IGN_Sandbox-3 · IGN_Sandbox;;;IGN_Sandbox;ds-1a454e05-7963-4ca3-915d-e72ff26b12a2;Couche IGN_Sandbox-3;off-b1173abb-2561-4393-a315-3d11a49041ec;Diffusion;ep-e6937e46-9757-4da9-a1b4-69114ade8316;WMTS-TMS;2026-08-23T00:00:00.000Z;2026-09-22T00:00:00.000Z;30;complete_coverage;21;2026-09-12T00:00:00.000Z;2026-09-12T23:59:59.000Z;5;900
producer;offering;Couche IGN_Sandbox-3 · IGN_Sandbox;;;IGN_Sandbox;ds-1a454e05-7963-4ca3-915d-e72ff26b12a2;Couche IGN_Sandbox-3;off-b1173abb-2561-4393-a315-3d11a49041ec;Diffusion;ep-e6937e46-9757-4da9-a1b4-69114ade8316;WMTS-TMS;2026-08-23T00:00:00.000Z;2026-09-22T00:00:00.000Z;30;complete_coverage;22;2026-09-13T00:00:00.000Z;2026-09-13T23:59:59.000Z;6;2046
producer;offering;Couche IGN_Sandbox-3 · IGN_Sandbox;;;IGN_Sandbox;ds-1a454e05-7963-4ca3-915d-e72ff26b12a2;Couche IGN_Sandbox-3;off-b1173abb-2561-4393-a315-3d11a49041ec;Diffusion;ep-e6937e46-9757-4da9-a1b4-69114ade8316;WMTS-TMS;2026-08-23T00:00:00.000Z;2026-09-22T00:00:00.000Z;30;complete_coverage;23;2026-09-14T00:00:00.000Z;2026-09-14T23:59:59.000Z;10;2330
producer;offering;Couche IGN_Sandbox-3 · IGN_Sandbox;;;IGN_Sandbox;ds-1a454e05-7963-4ca3-915d-e72ff26b12a2;Couche IGN_Sandbox-3;off-b1173abb-2561-4393-a315-3d11a49041ec;Diffusion;ep-e6937e46-9757-4da9-a1b4-69114ade8316;WMTS-TMS;2026-08-23T00:00:00.000Z;2026-09-22T00:00:00.000Z;30;complete_coverage;24;2026-09-15T00:00:00.000Z;2026-09-15T23:59:59.000Z;8;2488
producer;offering;Couche IGN_Sandbox-3 · IGN_Sandbox;;;IGN_Sandbox;ds-1a454e05-7963-4ca3-915d-e72ff26b12a2;Couche IGN_Sandbox-3;off-b1173abb-2561-4393-a315-3d11a49041ec;Diffusion;ep-e6937e46-9757-4da9-a1b4-69114ade8316;WMTS-TMS;2026-08-23T00:00:00.000Z;2026-09-22T00:00:00.000Z;30;complete_coverage;25;2026-09-16T00:00:00.000Z;2026-09-16T23:59:59.000Z;7;1813
producer;offering;Couche IGN_Sandbox-3 · IGN_Sandbox;;;IGN_Sandbox;ds-1a454e05-7963-4ca3-915d-e72ff26b12a2;Couche IGN_Sandbox-3;off-b1173abb-2561-4393-a315-3d11a49041ec;Diffusion;ep-e6937e46-9757-4da9-a1b4-69114ade8316;WMTS-TMS;2026-08-23T00:00:00.000Z;2026-09-22T00:00:00.000Z;30;complete_coverage;26;2026-09-17T00:00:00.000Z;2026-09-17T23:59:59.000Z;6;1056
producer;offering;Couche IGN_Sandbox-3 · IGN_Sandbox;;;IGN_Sandbox;ds-1a454e05-7963-4ca3-915d-e72ff26b12a2;Couche IGN_Sandbox-3;off-b1173abb-2561-4393-a315-3d11a49041ec;Diffusion;ep-e6937e46-9757-4da9-a1b4-69114ade8316;WMTS-TMS;2026-08-23T00:00:00.000Z;2026-09-22T00:00:00.000Z;30;complete_coverage;27;2026-09-18T00:00:00.000Z;2026-09-18T23:59:59.000Z;4;1304
producer;offering;Couche IGN_Sandbox-3 · IGN_Sandbox;;;IGN_Sandbox;ds-1a454e05-7963-4ca3-915d-e72ff26b12a2;Couche IGN_Sandbox-3;off-b1173abb-2561-4393-a315-3d11a49041ec;Diffusion;ep-e6937e46-9757-4da9-a1b4-69114ade8316;WMTS-TMS;2026-08-23T00:00:00.000Z;2026-09-22T00:00:00.000Z;30;complete_coverage;28;2026-09-19T00:00:00.000Z;2026-09-19T23:59:59.000Z;6;1230
producer;offering;Couche IGN_Sandbox-3 · IGN_Sandbox;;;IGN_Sandbox;ds-1a454e05-7963-4ca3-915d-e72ff26b12a2;Couche IGN_Sandbox-3;off-b1173abb-2561-4393-a315-3d11a49041ec;Diffusion;ep-e6937e46-9757-4da9-a1b4-69114ade8316;WMTS-TMS;2026-08-23T00:00:00.000Z;2026-09-22T00:00:00.000Z;30;complete_coverage;29;2026-09-20T00:00:00.000Z;2026-09-20T23:59:59.000Z;5;815
producer;offering;Couche IGN_Sandbox-3 · IGN_Sandbox;;;IGN_Sandbox;ds-1a454e05-7963-4ca3-915d-e72ff26b12a2;Couche IGN_Sandbox-3;off-b1173abb-2561-4393-a315-3d11a49041ec;Diffusion;ep-e6937e46-9757-4da9-a1b4-69114ade8316;WMTS-TMS;2026-08-23T00:00:00.000Z;2026-09-22T00:00:00.000Z;30;complete_coverage;30;2026-09-21T00:00:00.000Z;2026-09-21T23:59:59.000Z;7;1099
producer;offering;Couche IGN_Sandbox-4 · IGN_Sandbox;;;IGN_Sandbox;ds-1a454e05-7963-4ca3-915d-e72ff26b12a2;Couche IGN_Sandbox-4;off-a6b4ed50-6dc8-4c36-9a07-cf71ac3314a0;Diffusion;ep-e6937e46-9757-4da9-a1b4-69114ade8316;WMS-RASTER;2026-08-23T00:00:00.000Z;2026-09-22T00:00:00.000Z;30;partial_coverage;1;2026-09-06T00:00:00.000Z;2026-09-06T23:59:59.000Z;10;1290
producer;offering;Couche IGN_Sandbox-4 · IGN_Sandbox;;;IGN_Sandbox;ds-1a454e05-7963-4ca3-915d-e72ff26b12a2;Couche IGN_Sandbox-4;off-a6b4ed50-6dc8-4c36-9a07-cf71ac3314a0;Diffusion;ep-e6937e46-9757-4da9-a1b4-69114ade8316;WMS-RASTER;2026-08-23T00:00:00.000Z;2026-09-22T00:00:00.000Z;30;partial_coverage;2;2026-09-07T00:00:00.000Z;2026-09-07T23:59:59.000Z;8;3048
producer;offering;Couche IGN_Sandbox-4 · IGN_Sandbox;;;IGN_Sandbox;ds-1a454e05-7963-4ca3-915d-e72ff26b12a2;Couche IGN_Sandbox-4;off-a6b4ed50-6dc8-4c36-9a07-cf71ac3314a0;Diffusion;ep-e6937e46-9757-4da9-a1b4-69114ade8316;WMS-RASTER;2026-08-23T00:00:00.000Z;2026-09-22T00:00:00.000Z;30;partial_coverage;3;2026-09-08T00:00:00.000Z;2026-09-08T23:59:59.000Z;1;253
producer;offering;Couche IGN_Sandbox-4 · IGN_Sandbox;;;IGN_Sandbox;ds-1a454e05-7963-4ca3-915d-e72ff26b12a2;Couche IGN_Sandbox-4;off-a6b4ed50-6dc8-4c36-9a07-cf71ac3314a0;Diffusion;ep-e6937e46-9757-4da9-a1b4-69114ade8316;WMS-RASTER;2026-08-23T00:00:00.000Z;2026-09-22T00:00:00.000Z;30;partial_coverage;4;2026-09-09T00:00:00.000Z;2026-09-09T23:59:59.000Z;6;1338
producer;offering;Couche IGN_Sandbox-4 · IGN_Sandbox;;;IGN_Sandbox;ds-1a454e05-7963-4ca3-915d-e72ff26b12a2;Couche IGN_Sandbox-4;off-a6b4ed50-6dc8-4c36-9a07-cf71ac3314a0;Diffusion;ep-e6937e46-9757-4da9-a1b4-69114ade8316;WMS-RASTER;2026-08-23T00:00:00.000Z;2026-09-22T00:00:00.000Z;30;partial_coverage;5;2026-09-10T00:00:00.000Z;2026-09-10T23:59:59.000Z;2;708
producer;offering;Couche IGN_Sandbox-4 · IGN_Sandbox;;;IGN_Sandbox;ds-1a454e05-7963-4ca3-915d-e72ff26b12a2;Couche IGN_Sandbox-4;off-a6b4ed50-6dc8-4c36-9a07-cf71ac3314a0;Diffusion;ep-e6937e46-9757-4da9-a1b4-69114ade8316;WMS-RASTER;2026-08-23T00:00:00.000Z;2026-09-22T00:00:00.000Z;30;partial_coverage;6;2026-09-11T00:00:00.000Z;2026-09-11T23:59:59.000Z;4;1092
producer;offering;Couche IGN_Sandbox-4 · IGN_Sandbox;;;IGN_Sandbox;ds-1a454e05-7963-4ca3-915d-e72ff26b12a2;Couche IGN_Sandbox-4;off-a6b4ed50-6dc8-4c36-9a07-cf71ac3314a0;Diffusion;ep-e6937e46-9757-4da9-a1b4-69114ade8316;WMS-RASTER;2026-08-23T00:00:00.000Z;2026-09-22T00:00:00.000Z;30;partial_coverage;7;2026-09-12T00:00:00.000Z;2026-09-12T23:59:59.000Z;7;2541
producer;offering;Couche IGN_Sandbox-4 · IGN_Sandbox;;;IGN_Sandbox;ds-1a454e05-7963-4ca3-915d-e72ff26b12a2;Couche IGN_Sandbox-4;off-a6b4ed50-6dc8-4c36-9a07-cf71ac3314a0;Diffusion;ep-e6937e46-9757-4da9-a1b4-69114ade8316;WMS-RASTER;2026-08-23T00:00:00.000Z;2026-09-22T00:00:00.000Z;30;partial_coverage;8;2026-09-13T00:00:00.000Z;2026-09-13T23:59:59.000Z;2;710
producer;offering;Couche IGN_Sandbox-4 · IGN_Sandbox;;;IGN_Sandbox;ds-1a454e05-7963-4ca3-915d-e72ff26b12a2;Couche IGN_Sandbox-4;off-a6b4ed50-6dc8-4c36-9a07-cf71ac3314a0;Diffusion;ep-e6937e46-9757-4da9-a1b4-69114ade8316;WMS-RASTER;2026-08-23T00:00:00.000Z;2026-09-22T00:00:00.000Z;30;partial_coverage;9;2026-09-14T00:00:00.000Z;2026-09-14T23:59:59.000Z;8;2520
producer;offering;Couche IGN_Sandbox-5 · IGN_Sandbox;;;IGN_Sandbox;ds-1a454e05-7963-4ca3-915d-e72ff26b12a2;Couche IGN_Sandbox-5;off-50467818-9ac4-4ec1-9662-62daa8281541;Diffusion;ep-e6937e46-9757-4da9-a1b4-69114ade8316;WMS-VECTOR;2026-08-23T00:00:00.000Z;2026-09-22T00:00:00.000Z;30;partial_coverage;1;2026-09-11T00:00:00.000Z;2026-09-11T23:59:59.000Z;13;4940
producer;offering;Couche IGN_Sandbox-5 · IGN_Sandbox;;;IGN_Sandbox;ds-1a454e05-7963-4ca3-915d-e72ff26b12a2;Couche IGN_Sandbox-5;off-50467818-9ac4-4ec1-9662-62daa8281541;Diffusion;ep-e6937e46-9757-4da9-a1b4-69114ade8316;WMS-VECTOR;2026-08-23T00:00:00.000Z;2026-09-22T00:00:00.000Z;30;partial_coverage;2;2026-09-12T00:00:00.000Z;2026-09-12T23:59:59.000Z;18;5688
producer;offering;Couche IGN_Sandbox-5 · IGN_Sandbox;;;IGN_Sandbox;ds-1a454e05-7963-4ca3-915d-e72ff26b12a2;Couche IGN_Sandbox-5;off-50467818-9ac4-4ec1-9662-62daa8281541;Diffusion;ep-e6937e46-9757-4da9-a1b4-69114ade8316;WMS-VECTOR;2026-08-23T00:00:00.000Z;2026-09-22T00:00:00.000Z;30;partial_coverage;3;2026-09-13T00:00:00.000Z;2026-09-13T23:59:59.000Z;11;2761
producer;offering;Couche IGN_Sandbox-5 · IGN_Sandbox;;;IGN_Sandbox;ds-1a454e05-7963-4ca3-915d-e72ff26b12a2;Couche IGN_Sandbox-5;off-50467818-9ac4-4ec1-9662-62daa8281541;Diffusion;ep-e6937e46-9757-4da9-a1b4-69114ade8316;WMS-VECTOR;2026-08-23T00:00:00.000Z;2026-09-22T00:00:00.000Z;30;partial_coverage;4;2026-09-14T00:00:00.000Z;2026-09-14T23:59:59.000Z;15;2535
producer;offering;Couche IGN_Sandbox-5 · IGN_Sandbox;;;IGN_Sandbox;ds-1a454e05-7963-4ca3-915d-e72ff26b12a2;Couche IGN_Sandbox-5;off-50467818-9ac4-4ec1-9662-62daa8281541;Diffusion;ep-e6937e46-9757-4da9-a1b4-69114ade8316;WMS-VECTOR;2026-08-23T00:00:00.000Z;2026-09-22T00:00:00.000Z;30;partial_coverage;5;2026-09-15T00:00:00.000Z;2026-09-15T23:59:59.000Z;17;5661
producer;offering;Couche IGN_Sandbox-5 · IGN_Sandbox;;;IGN_Sandbox;ds-1a454e05-7963-4ca3-915d-e72ff26b12a2;Couche IGN_Sandbox-5;off-50467818-9ac4-4ec1-9662-62daa8281541;Diffusion;ep-e6937e46-9757-4da9-a1b4-69114ade8316;WMS-VECTOR;2026-08-23T00:00:00.000Z;2026-09-22T00:00:00.000Z;30;partial_coverage;6;2026-09-16T00:00:00.000Z;2026-09-16T23:59:59.000Z;18;5616
producer;offering;Couche IGN_Sandbox-5 · IGN_Sandbox;;;IGN_Sandbox;ds-1a454e05-7963-4ca3-915d-e72ff26b12a2;Couche IGN_Sandbox-5;off-50467818-9ac4-4ec1-9662-62daa8281541;Diffusion;ep-e6937e46-9757-4da9-a1b4-69114ade8316;WMS-VECTOR;2026-08-23T00:00:00.000Z;2026-09-22T00:00:00.000Z;30;partial_coverage;7;2026-09-17T00:00:00.000Z;2026-09-17T23:59:59.000Z;20;1960
producer;offering;Couche IGN_Sandbox-5 · IGN_Sandbox;;;IGN_Sandbox;ds-1a454e05-7963-4ca3-915d-e72ff26b12a2;Couche IGN_Sandbox-5;off-50467818-9ac4-4ec1-9662-62daa8281541;Diffusion;ep-e6937e46-9757-4da9-a1b4-69114ade8316;WMS-VECTOR;2026-08-23T00:00:00.000Z;2026-09-22T00:00:00.000Z;30;partial_coverage;8;2026-09-18T00:00:00.000Z;2026-09-18T23:59:59.000Z;11;4026
producer;offering;Couche IGN_Sandbox-7 · IGN_Sandbox;;;IGN_Sandbox;ds-1a454e05-7963-4ca3-915d-e72ff26b12a2;Couche IGN_Sandbox-7;off-c9917f36-bcb5-43af-b51d-762f3f219be5;Diffusion;ep-c58965e1-b45e-4b57-b53b-860978f67308;WFS;2026-08-23T00:00:00.000Z;2026-09-22T00:00:00.000Z;30;partial_coverage;1;2026-09-08T00:00:00.000Z;2026-09-08T23:59:59.000Z;7;1757
producer;offering;Couche IGN_Sandbox-7 · IGN_Sandbox;;;IGN_Sandbox;ds-1a454e05-7963-4ca3-915d-e72ff26b12a2;Couche IGN_Sandbox-7;off-c9917f36-bcb5-43af-b51d-762f3f219be5;Diffusion;ep-c58965e1-b45e-4b57-b53b-860978f67308;WFS;2026-08-23T00:00:00.000Z;2026-09-22T00:00:00.000Z;30;partial_coverage;2;2026-09-09T00:00:00.000Z;2026-09-09T23:59:59.000Z;3;636
producer;offering;Couche IGN_Sandbox-7 · IGN_Sandbox;;;IGN_Sandbox;ds-1a454e05-7963-4ca3-915d-e72ff26b12a2;Couche IGN_Sandbox-7;off-c9917f36-bcb5-43af-b51d-762f3f219be5;Diffusion;ep-c58965e1-b45e-4b57-b53b-860978f67308;WFS;2026-08-23T00:00:00.000Z;2026-09-22T00:00:00.000Z;30;partial_coverage;3;2026-09-11T00:00:00.000Z;2026-09-11T23:59:59.000Z;5;1260
producer;offering;Couche IGN_Sandbox-9 · IGN_Sandbox;;;IGN_Sandbox;ds-1a454e05-7963-4ca3-915d-e72ff26b12a2;Couche IGN_Sandbox-9;off-69f40e56-018b-47b1-90e4-78f728fa3446;Diffusion;ep-c58965e1-b45e-4b57-b53b-860978f67308;WMTS-TMS;2026-08-23T00:00:00.000Z;2026-09-22T00:00:00.000Z;30;complete_coverage;1;2026-08-23T00:00:00.000Z;2026-08-23T23:59:59.000Z;8;1312
producer;offering;Couche IGN_Sandbox-9 · IGN_Sandbox;;;IGN_Sandbox;ds-1a454e05-7963-4ca3-915d-e72ff26b12a2;Couche IGN_Sandbox-9;off-69f40e56-018b-47b1-90e4-78f728fa3446;Diffusion;ep-c58965e1-b45e-4b57-b53b-860978f67308;WMTS-TMS;2026-08-23T00:00:00.000Z;2026-09-22T00:00:00.000Z;30;complete_coverage;2;2026-08-24T00:00:00.000Z;2026-08-24T23:59:59.000Z;8;2928
producer;offering;Couche IGN_Sandbox-9 · IGN_Sandbox;;;IGN_Sandbox;ds-1a454e05-7963-4ca3-915d-e72ff26b12a2;Couche IGN_Sandbox-9;off-69f40e56-018b-47b1-90e4-78f728fa3446;Diffusion;ep-c58965e1-b45e-4b57-b53b-860978f67308;WMTS-TMS;2026-08-23T00:00:00.000Z;2026-09-22T00:00:00.000Z;30;complete_coverage;3;2026-08-25T00:00:00.000Z;2026-08-25T23:59:59.000Z;17;6120
producer;offering;Couche IGN_Sandbox-9 · IGN_Sandbox;;;IGN_Sandbox;ds-1a454e05-7963-4ca3-915d-e72ff26b12a2;Couche IGN_Sandbox-9;off-69f40e56-018b-47b1-90e4-78f728fa3446;Diffusion;ep-c58965e1-b45e-4b57-b53b-860978f67308;WMTS-TMS;2026-08-23T00:00:00.000Z;2026-09-22T00:00:00.000Z;30;complete_coverage;4;2026-08-26T00:00:00.000Z;2026-08-26T23:59:59.000Z;9;828
producer;offering;Couche IGN_Sandbox-9 · IGN_Sandbox;;;IGN_Sandbox;ds-1a454e05-7963-4ca3-915d-e72ff26b12a2;Couche IGN_Sandbox-9;off-69f40e56-018b-47b1-90e4-78f728fa3446;Diffusion;ep-c58965e1-b45e-4b57-b53b-860978f67308;WMTS-TMS;2026-08-23T00:00:00.000Z;2026-09-22T00:00:00.000Z;30;complete_coverage;5;2026-08-27T00:00:00.000Z;2026-08-27T23:59:59.000Z;8;1112
producer;offering;Couche IGN_Sandbox-9 · IGN_Sandbox;;;IGN_Sandbox;ds-1a454e05-7963-4ca3-915d-e72ff26b12a2;Couche IGN_Sandbox-9;off-69f40e56-018b-47b1-90e4-78f728fa3446;Diffusion;ep-c58965e1-b45e-4b57-b53b-860978f67308;WMTS-TMS;2026-08-23T00:00:00.000Z;2026-09-22T00:00:00.000Z;30;complete_coverage;6;2026-08-28T00:00:00.000Z;2026-08-28T23:59:59.000Z;11;1078
producer;offering;Couche IGN_Sandbox-9 · IGN_Sandbox;;;IGN_Sandbox;ds-1a454e05-7963-4ca3-915d-e72ff26b12a2;Couche IGN_Sandbox-9;off-69f40e56-018b-47b1-90e4-78f728fa3446;Diffusion;ep-c58965e1-b45e-4b57-b53b-860978f67308;WMTS-TMS;2026-08-23T00:00:00.000Z;2026-09-22T00:00:00.000Z;30;complete_coverage;7;2026-08-29T00:00:00.000Z;2026-08-29T23:59:59.000Z;11;3795
producer;offering;Couche IGN_Sandbox-9 · IGN_Sandbox;;;IGN_Sandbox;ds-1a454e05-7963-4ca3-915d-e72ff26b12a2;Couche IGN_Sandbox-9;off-69f40e56-018b-47b1-90e4-78f728fa3446;Diffusion;ep-c58965e1-b45e-4b57-b53b-860978f67308;WMTS-TMS;2026-08-23T00:00:00.000Z;2026-09-22T00:00:00.000Z;30;complete_coverage;8;2026-08-30T00:00:00.000Z;2026-08-30T23:59:59.000Z;14;2044
producer;offering;Couche IGN_Sandbox-9 · IGN_Sandbox;;;IGN_Sandbox;ds-1a454e05-7963-4ca3-915d-e72ff26b12a2;Couche IGN_Sandbox-9;off-69f40e56-018b-47b1-90e4-78f728fa3446;Diffusion;ep-c58965e1-b45e-4b57-b53b-860978f67308;WMTS-TMS;2026-08-23T00:00:00.000Z;2026-09-22T00:00:00.000Z;30;complete_coverage;9;2026-08-31T00:00:00.000Z;2026-08-31T23:59:59.000Z;11;2618
producer;offering;Couche IGN_Sandbox-9 · IGN_Sandbox;;;IGN_Sandbox;ds-1a454e05-7963-4ca3-915d-e72ff26b12a2;Couche IGN_Sandbox-9;off-69f40e56-018b-47b1-90e4-78f728fa3446;Diffusion;ep-c58965e1-b45e-4b57-b53b-860978f67308;WMTS-TMS;2026-08-23T00:00:00.000Z;2026-09-22T00:00:00.000Z;30;complete_coverage;10;2026-09-01T00:00:00.000Z;2026-09-01T23:59:59.000Z;8;2584
producer;offering;Couche IGN_Sandbox-9 · IGN_Sandbox;;;IGN_Sandbox;ds-1a454e05-7963-4ca3-915d-e72ff26b12a2;Couche IGN_Sandbox-9;off-69f40e56-018b-47b1-90e4-78f728fa3446;Diffusion;ep-c58965e1-b45e-4b57-b53b-860978f67308;WMTS-TMS;2026-08-23T00:00:00.000Z;2026-09-22T00:00:00.000Z;30;complete_coverage;11;2026-09-02T00:00:00.000Z;2026-09-02T23:59:59.000Z;11;1804
producer;offering;Couche IGN_Sandbox-9 · IGN_Sandbox;;;IGN_Sandbox;ds-1a454e05-7963-4ca3-915d-e72ff26b12a2;Couche IGN_Sandbox-9;off-69f40e56-018b-47b1-90e4-78f728fa3446;Diffusion;ep-c58965e1-b45e-4b57-b53b-860978f67308;WMTS-TMS;2026-08-23T00:00:00.000Z;2026-09-22T00:00:00.000Z;30;complete_coverage;12;2026-09-03T00:00:00.000Z;2026-09-03T23:59:59.000Z;12;2736
producer;offering;Couche IGN_Sandbox-9 · IGN_Sandbox;;;IGN_Sandbox;ds-1a454e05-7963-4ca3-915d-e72ff26b12a2;Couche IGN_Sandbox-9;off-69f40e56-018b-47b1-90e4-78f728fa3446;Diffusion;ep-c58965e1-b45e-4b57-b53b-860978f67308;WMTS-TMS;2026-08-23T00:00:00.000Z;2026-09-22T00:00:00.000Z;30;complete_coverage;13;2026-09-04T00:00:00.000Z;2026-09-04T23:59:59.000Z;9;1557
producer;offering;Couche IGN_Sandbox-9 · IGN_Sandbox;;;IGN_Sandbox;ds-1a454e05-7963-4ca3-915d-e72ff26b12a2;Couche IGN_Sandbox-9;off-69f40e56-018b-47b1-90e4-78f728fa3446;Diffusion;ep-c58965e1-b45e-4b57-b53b-860978f67308;WMTS-TMS;2026-08-23T00:00:00.000Z;2026-09-22T00:00:00.000Z;30;complete_coverage;14;2026-09-05T00:00:00.000Z;2026-09-05T23:59:59.000Z;9;1305
producer;offering;Couche IGN_Sandbox-9 · IGN_Sandbox;;;IGN_Sandbox;ds-1a454e05-7963-4ca3-915d-e72ff26b12a2;Couche IGN_Sandbox-9;off-69f40e56-018b-47b1-90e4-78f728fa3446;Diffusion;ep-c58965e1-b45e-4b57-b53b-860978f67308;WMTS-TMS;2026-08-23T00:00:00.000Z;2026-09-22T00:00:00.000Z;30;complete_coverage;15;2026-09-06T00:00:00.000Z;2026-09-06T23:59:59.000Z;8;1648
producer;offering;Couche IGN_Sandbox-9 · IGN_Sandbox;;;IGN_Sandbox;ds-1a454e05-7963-4ca3-915d-e72ff26b12a2;Couche IGN_Sandbox-9;off-69f40e56-018b-47b1-90e4-78f728fa3446;Diffusion;ep-c58965e1-b45e-4b57-b53b-860978f67308;WMTS-TMS;2026-08-23T00:00:00.000Z;2026-09-22T00:00:00.000Z;30;complete_coverage;16;2026-09-07T00:00:00.000Z;2026-09-07T23:59:59.000Z;16;3808
producer;offering;Couche IGN_Sandbox-9 · IGN_Sandbox;;;IGN_Sandbox;ds-1a454e05-7963-4ca3-915d-e72ff26b12a2;Couche IGN_Sandbox-9;off-69f40e56-018b-47b1-90e4-78f728fa3446;Diffusion;ep-c58965e1-b45e-4b57-b53b-860978f67308;WMTS-TMS;2026-08-23T00:00:00.000Z;2026-09-22T00:00:00.000Z;30;complete_coverage;17;2026-09-08T00:00:00.000Z;2026-09-08T23:59:59.000Z;16;4704
producer;offering;Couche IGN_Sandbox-9 · IGN_Sandbox;;;IGN_Sandbox;ds-1a454e05-7963-4ca3-915d-e72ff26b12a2;Couche IGN_Sandbox-9;off-69f40e56-018b-47b1-90e4-78f728fa3446;Diffusion;ep-c58965e1-b45e-4b57-b53b-860978f67308;WMTS-TMS;2026-08-23T00:00:00.000Z;2026-09-22T00:00:00.000Z;30;complete_coverage;18;2026-09-09T00:00:00.000Z;2026-09-09T23:59:59.000Z;14;4354
producer;offering;Couche IGN_Sandbox-9 · IGN_Sandbox;;;IGN_Sandbox;ds-1a454e05-7963-4ca3-915d-e72ff26b12a2;Couche IGN_Sandbox-9;off-69f40e56-018b-47b1-90e4-78f728fa3446;Diffusion;ep-c58965e1-b45e-4b57-b53b-860978f67308;WMTS-TMS;2026-08-23T00:00:00.000Z;2026-09-22T00:00:00.000Z;30;complete_coverage;19;2026-09-10T00:00:00.000Z;2026-09-10T23:59:59.000Z;15;1590
producer;offering;Couche IGN_Sandbox-9 · IGN_Sandbox;;;IGN_Sandbox;ds-1a454e05-7963-4ca3-915d-e72ff26b12a2;Couche IGN_Sandbox-9;off-69f40e56-018b-47b1-90e4-78f728fa3446;Diffusion;ep-c58965e1-b45e-4b57-b53b-860978f67308;WMTS-TMS;2026-08-23T00:00:00.000Z;2026-09-22T00:00:00.000Z;30;complete_coverage;20;2026-09-11T00:00:00.000Z;2026-09-11T23:59:59.000Z;14;1974
producer;offering;Couche IGN_Sandbox-9 · IGN_Sandbox;;;IGN_Sandbox;ds-1a454e05-7963-4ca3-915d-e72ff26b12a2;Couche IGN_Sandbox-9;off-69f40e56-018b-47b1-90e4-78f728fa3446;Diffusion;ep-c58965e1-b45e-4b57-b53b-860978f67308;WMTS-TMS;2026-08-23T00:00:00.000Z;2026-09-22T00:00:00.000Z;30;complete_coverage;21;2026-09-12T00:00:00.000Z;2026-09-12T23:59:59.000Z;13;3458
producer;offering;Couche IGN_Sandbox-9 · IGN_Sandbox;;;IGN_Sandbox;ds-1a454e05-7963-4ca3-915d-e72ff26b12a2;Couche IGN_Sandbox-9;off-69f40e56-018b-47b1-90e4-78f728fa3446;Diffusion;ep-c58965e1-b45e-4b57-b53b-860978f67308;WMTS-TMS;2026-08-23T00:00:00.000Z;2026-09-22T00:00:00.000Z;30;complete_coverage;22;2026-09-13T00:00:00.000Z;2026-09-13T23:59:59.000Z;10;2720
producer;offering;Couche IGN_Sandbox-9 · IGN_Sandbox;;;IGN_Sandbox;ds-1a454e05-7963-4ca3-915d-e72ff26b12a2;Couche IGN_Sandbox-9;off-69f40e56-018b-47b1-90e4-78f728fa3446;Diffusion;ep-c58965e1-b45e-4b57-b53b-860978f67308;WMTS-TMS;2026-08-23T00:00:00.000Z;2026-09-22T00:00:00.000Z;30;complete_coverage;23;2026-09-14T00:00:00.000Z;2026-09-14T23:59:59.000Z;15;1935
producer;offering;Couche IGN_Sandbox-9 · IGN_Sandbox;;;IGN_Sandbox;ds-1a454e05-7963-4ca3-915d-e72ff26b12a2;Couche IGN_Sandbox-9;off-69f40e56-018b-47b1-90e4-78f728fa3446;Diffusion;ep-c58965e1-b45e-4b57-b53b-860978f67308;WMTS-TMS;2026-08-23T00:00:00.000Z;2026-09-22T00:00:00.000Z;30;complete_coverage;24;2026-09-15T00:00:00.000Z;2026-09-15T23:59:59.000Z;8;1016
producer;offering;Couche IGN_Sandbox-9 · IGN_Sandbox;;;IGN_Sandbox;ds-1a454e05-7963-4ca3-915d-e72ff26b12a2;Couche IGN_Sandbox-9;off-69f40e56-018b-47b1-90e4-78f728fa3446;Diffusion;ep-c58965e1-b45e-4b57-b53b-860978f67308;WMTS-TMS;2026-08-23T00:00:00.000Z;2026-09-22T00:00:00.000Z;30;complete_coverage;25;2026-09-16T00:00:00.000Z;2026-09-16T23:59:59.000Z;9;2664
producer;offering;Couche IGN_Sandbox-9 · IGN_Sandbox;;;IGN_Sandbox;ds-1a454e05-7963-4ca3-915d-e72ff26b12a2;Couche IGN_Sandbox-9;off-69f40e56-018b-47b1-90e4-78f728fa3446;Diffusion;ep-c58965e1-b45e-4b57-b53b-860978f67308;WMTS-TMS;2026-08-23T00:00:00.000Z;2026-09-22T00:00:00.000Z;30;complete_coverage;26;2026-09-17T00:00:00.000Z;2026-09-17T23:59:59.000Z;10;2190
producer;offering;Couche IGN_Sandbox-9 · IGN_Sandbox;;;IGN_Sandbox;ds-1a454e05-7963-4ca3-915d-e72ff26b12a2;Couche IGN_Sandbox-9;off-69f40e56-018b-47b1-90e4-78f728fa3446;Diffusion;ep-c58965e1-b45e-4b57-b53b-860978f67308;WMTS-TMS;2026-08-23T00:00:00.000Z;2026-09-22T00:00:00.000Z;30;complete_coverage;27;2026-09-18T00:00:00.000Z;2026-09-18T23:59:59.000Z;16;2928
producer;offering;Couche IGN_Sandbox-9 · IGN_Sandbox;;;IGN_Sandbox;ds-1a454e05-7963-4ca3-915d-e72ff26b12a2;Couche IGN_Sandbox-9;off-69f40e56-018b-47b1-90e4-78f728fa3446;Diffusion;ep-c58965e1-b45e-4b57-b53b-860978f67308;WMTS-TMS;2026-08-23T00:00:00.000Z;2026-09-22T00:00:00.000Z;30;complete_coverage;28;2026-09-19T00:00:00.000Z;2026-09-19T23:59:59.000Z;13;3120
producer;offering;Couche IGN_Sandbox-9 · IGN_Sandbox;;;IGN_Sandbox;ds-1a454e05-7963-4ca3-915d-e72ff26b12a2;Couche IGN_Sandbox-9;off-69f40e56-018b-47b1-90e4-78f728fa3446;Diffusion;ep-c58965e1-b45e-4b57-b53b-860978f67308;WMTS-TMS;2026-08-23T00:00:00.000Z;2026-09-22T00:00:00.000Z;30;complete_coverage;29;2026-09-20T00:00:00.000Z;2026-09-20T23:59:59.000Z;11;1903
producer;offering;Couche IGN_Sandbox-9 · IGN_Sandbox;;;IGN_Sandbox;ds-1a454e05-7963-4ca3-915d-e72ff26b12a2;Couche IGN_Sandbox-9;off-69f40e56-018b-47b1-90e4-78f728fa3446;Diffusion;ep-c58965e1-b45e-4b57-b53b-860978f67308;WMTS-TMS;2026-08-23T00:00:00.000Z;2026-09-22T00:00:00.000Z;30;complete_coverage;30;2026-09-21T00:00:00.000Z;2026-09-21T23:59:59.000Z;17;6647
producer;offering;Couche IGN_Sandbox-13 · IGN_Sandbox;;;IGN_Sandbox;ds-1a454e05-7963-4ca3-915d-e72ff26b12a2;Couche IGN_Sandbox-13;off-8e8fda1c-a792-41d8-a873-a2886caad8b3;Diffusion;ep-e6937e46-9757-4da9-a1b4-69114ade8316;WMS-RASTER;2026-08-23T00:00:00.000Z;2026-09-22T00:00:00.000Z;30;partial_coverage;1;2026-09-02T00:00:00.000Z;2026-09-02T23:59:59.000Z;15;2325
producer;offering;Couche IGN_Sandbox-13 · IGN_Sandbox;;;IGN_Sandbox;ds-1a454e05-7963-4ca3-915d-e72ff26b12a2;Couche IGN_Sandbox-13;off-8e8fda1c-a792-41d8-a873-a2886caad8b3;Diffusion;ep-e6937e46-9757-4da9-a1b4-69114ade8316;WMS-RASTER;2026-08-23T00:00:00.000Z;2026-09-22T00:00:00.000Z;30;partial_coverage;2;2026-09-03T00:00:00.000Z;2026-09-03T23:59:59.000Z;17;1377
producer;offering;Couche IGN_Sandbox-13 · IGN_Sandbox;;;IGN_Sandbox;ds-1a454e05-7963-4ca3-915d-e72ff26b12a2;Couche IGN_Sandbox-13;off-8e8fda1c-a792-41d8-a873-a2886caad8b3;Diffusion;ep-e6937e46-9757-4da9-a1b4-69114ade8316;WMS-RASTER;2026-08-23T00:00:00.000Z;2026-09-22T00:00:00.000Z;30;partial_coverage;3;2026-09-04T00:00:00.000Z;2026-09-04T23:59:59.000Z;11;1507
producer;offering;Couche IGN_Sandbox-14 · IGN_Sandbox;;;IGN_Sandbox;ds-1a454e05-7963-4ca3-915d-e72ff26b12a2;Couche IGN_Sandbox-14;off-b2f1b4fb-c769-4872-862b-9857eaab3737;Diffusion;ep-c58965e1-b45e-4b57-b53b-860978f67308;WMS-RASTER;2026-08-23T00:00:00.000Z;2026-09-22T00:00:00.000Z;30;partial_coverage;1;2026-09-05T00:00:00.000Z;2026-09-05T23:59:59.000Z;10;2190
producer;offering;Couche IGN_Sandbox-14 · IGN_Sandbox;;;IGN_Sandbox;ds-1a454e05-7963-4ca3-915d-e72ff26b12a2;Couche IGN_Sandbox-14;off-b2f1b4fb-c769-4872-862b-9857eaab3737;Diffusion;ep-c58965e1-b45e-4b57-b53b-860978f67308;WMS-RASTER;2026-08-23T00:00:00.000Z;2026-09-22T00:00:00.000Z;30;partial_coverage;2;2026-09-06T00:00:00.000Z;2026-09-06T23:59:59.000Z;6;1548
producer;offering;Couche IGN_Sandbox-14 · IGN_Sandbox;;;IGN_Sandbox;ds-1a454e05-7963-4ca3-915d-e72ff26b12a2;Couche IGN_Sandbox-14;off-b2f1b4fb-c769-4872-862b-9857eaab3737;Diffusion;ep-c58965e1-b45e-4b57-b53b-860978f67308;WMS-RASTER;2026-08-23T00:00:00.000Z;2026-09-22T00:00:00.000Z;30;partial_coverage;3;2026-09-07T00:00:00.000Z;2026-09-07T23:59:59.000Z;6;1608
producer;offering;Couche IGN_Sandbox-14 · IGN_Sandbox;;;IGN_Sandbox;ds-1a454e05-7963-4ca3-915d-e72ff26b12a2;Couche IGN_Sandbox-14;off-b2f1b4fb-c769-4872-862b-9857eaab3737;Diffusion;ep-c58965e1-b45e-4b57-b53b-860978f67308;WMS-RASTER;2026-08-23T00:00:00.000Z;2026-09-22T00:00:00.000Z;30;partial_coverage;4;2026-09-08T00:00:00.000Z;2026-09-08T23:59:59.000Z;13;3094
producer;offering;Couche IGN_Sandbox-14 · IGN_Sandbox;;;IGN_Sandbox;ds-1a454e05-7963-4ca3-915d-e72ff26b12a2;Couche IGN_Sandbox-14;off-b2f1b4fb-c769-4872-862b-9857eaab3737;Diffusion;ep-c58965e1-b45e-4b57-b53b-860978f67308;WMS-RASTER;2026-08-23T00:00:00.000Z;2026-09-22T00:00:00.000Z;30;partial_coverage;5;2026-09-09T00:00:00.000Z;2026-09-09T23:59:59.000Z;8;672
producer;offering;Couche IGN_Sandbox-14 · IGN_Sandbox;;;IGN_Sandbox;ds-1a454e05-7963-4ca3-915d-e72ff26b12a2;Couche IGN_Sandbox-14;off-b2f1b4fb-c769-4872-862b-9857eaab3737;Diffusion;ep-c58965e1-b45e-4b57-b53b-860978f67308;WMS-RASTER;2026-08-23T00:00:00.000Z;2026-09-22T00:00:00.000Z;30;partial_coverage;6;2026-09-10T00:00:00.000Z;2026-09-10T23:59:59.000Z;10;3630
producer;offering;Couche IGN_Sandbox-14 · IGN_Sandbox;;;IGN_Sandbox;ds-1a454e05-7963-4ca3-915d-e72ff26b12a2;Couche IGN_Sandbox-14;off-b2f1b4fb-c769-4872-862b-9857eaab3737;Diffusion;ep-c58965e1-b45e-4b57-b53b-860978f67308;WMS-RASTER;2026-08-23T00:00:00.000Z;2026-09-22T00:00:00.000Z;30;partial_coverage;7;2026-09-11T00:00:00.000Z;2026-09-11T23:59:59.000Z;11;3938
producer;offering;Couche IGN_Sandbox-14 · IGN_Sandbox;;;IGN_Sandbox;ds-1a454e05-7963-4ca3-915d-e72ff26b12a2;Couche IGN_Sandbox-14;off-b2f1b4fb-c769-4872-862b-9857eaab3737;Diffusion;ep-c58965e1-b45e-4b57-b53b-860978f67308;WMS-RASTER;2026-08-23T00:00:00.000Z;2026-09-22T00:00:00.000Z;30;partial_coverage;8;2026-09-12T00:00:00.000Z;2026-09-12T23:59:59.000Z;14;2310
producer;offering;Couche IGN_Sandbox-15 · IGN_Sandbox;;;IGN_Sandbox;ds-1a454e05-7963-4ca3-915d-e72ff26b12a2;Couche IGN_Sandbox-15;off-f2982822-3f75-4463-a8f2-94c2e2e25deb;Diffusion;ep-e6937e46-9757-4da9-a1b4-69114ade8316;WFS;2026-08-23T00:00:00.000Z;2026-09-22T00:00:00.000Z;30;partial_coverage;1;2026-09-07T00:00:00.000Z;2026-09-07T23:59:59.000Z;15;1935
producer;offering;Couche IGN_Sandbox-15 · IGN_Sandbox;;;IGN_Sandbox;ds-1a454e05-7963-4ca3-915d-e72ff26b12a2;Couche IGN_Sandbox-15;off-f2982822-3f75-4463-a8f2-94c2e2e25deb;Diffusion;ep-e6937e46-9757-4da9-a1b4-69114ade8316;WFS;2026-08-23T00:00:00.000Z;2026-09-22T00:00:00.000Z;30;partial_coverage;2;2026-09-08T00:00:00.000Z;2026-09-08T23:59:59.000Z;13;1443
producer;offering;Couche IGN_Sandbox-15 · IGN_Sandbox;;;IGN_Sandbox;ds-1a454e05-7963-4ca3-915d-e72ff26b12a2;Couche IGN_Sandbox-15;off-f2982822-3f75-4463-a8f2-94c2e2e25deb;Diffusion;ep-e6937e46-9757-4da9-a1b4-69114ade8316;WFS;2026-08-23T00:00:00.000Z;2026-09-22T00:00:00.000Z;30;partial_coverage;3;2026-09-09T00:00:00.000Z;2026-09-09T23:59:59.000Z;13;1222
producer;offering;Couche IGN_Sandbox-15 · IGN_Sandbox;;;IGN_Sandbox;ds-1a454e05-7963-4ca3-915d-e72ff26b12a2;Couche IGN_Sandbox-15;off-f2982822-3f75-4463-a8f2-94c2e2e25deb;Diffusion;ep-e6937e46-9757-4da9-a1b4-69114ade8316;WFS;2026-08-23T00:00:00.000Z;2026-09-22T00:00:00.000Z;30;partial_coverage;4;2026-09-10T00:00:00.000Z;2026-09-10T23:59:59.000Z;8;2360
producer;offering;Couche IGN_Sandbox-15 · IGN_Sandbox;;;IGN_Sandbox;ds-1a454e05-7963-4ca3-915d-e72ff26b12a2;Couche IGN_Sandbox-15;off-f2982822-3f75-4463-a8f2-94c2e2e25deb;Diffusion;ep-e6937e46-9757-4da9-a1b4-69114ade8316;WFS;2026-08-23T00:00:00.000Z;2026-09-22T00:00:00.000Z;30;partial_coverage;5;2026-09-11T00:00:00.000Z;2026-09-11T23:59:59.000Z;8;2504
producer;offering;Couche IGN_Sandbox-16 · IGN_Sandbox;;;IGN_Sandbox;ds-1a454e05-7963-4ca3-915d-e72ff26b12a2;Couche IGN_Sandbox-16;off-3f403b2e-de4c-41ce-af76-fd1710b9de1b;Diffusion;ep-e6937e46-9757-4da9-a1b4-69114ade8316;WFS;2026-08-23T00:00:00.000Z;2026-09-22T00:00:00.000Z;30;complete_coverage;1;2026-08-23T00:00:00.000Z;2026-08-23T23:59:59.000Z;17;2431
producer;offering;Couche IGN_Sandbox-16 · IGN_Sandbox;;;IGN_Sandbox;ds-1a454e05-7963-4ca3-915d-e72ff26b12a2;Couche IGN_Sandbox-16;off-3f403b2e-de4c-41ce-af76-fd1710b9de1b;Diffusion;ep-e6937e46-9757-4da9-a1b4-69114ade8316;WFS;2026-08-23T00:00:00.000Z;2026-09-22T00:00:00.000Z;30;complete_coverage;2;2026-08-24T00:00:00.000Z;2026-08-24T23:59:59.000Z;15;1905
producer;offering;Couche IGN_Sandbox-16 · IGN_Sandbox;;;IGN_Sandbox;ds-1a454e05-7963-4ca3-915d-e72ff26b12a2;Couche IGN_Sandbox-16;off-3f403b2e-de4c-41ce-af76-fd1710b9de1b;Diffusion;ep-e6937e46-9757-4da9-a1b4-69114ade8316;WFS;2026-08-23T00:00:00.000Z;2026-09-22T00:00:00.000Z;30;complete_coverage;3;2026-08-25T00:00:00.000Z;2026-08-25T23:59:59.000Z;9;1359
producer;offering;Couche IGN_Sandbox-16 · IGN_Sandbox;;;IGN_Sandbox;ds-1a454e05-7963-4ca3-915d-e72ff26b12a2;Couche IGN_Sandbox-16;off-3f403b2e-de4c-41ce-af76-fd1710b9de1b;Diffusion;ep-e6937e46-9757-4da9-a1b4-69114ade8316;WFS;2026-08-23T00:00:00.000Z;2026-09-22T00:00:00.000Z;30;complete_coverage;4;2026-08-26T00:00:00.000Z;2026-08-26T23:59:59.000Z;9;2223
producer;offering;Couche IGN_Sandbox-16 · IGN_Sandbox;;;IGN_Sandbox;ds-1a454e05-7963-4ca3-915d-e72ff26b12a2;Couche IGN_Sandbox-16;off-3f403b2e-de4c-41ce-af76-fd1710b9de1b;Diffusion;ep-e6937e46-9757-4da9-a1b4-69114ade8316;WFS;2026-08-23T00:00:00.000Z;2026-09-22T00:00:00.000Z;30;complete_coverage;5;2026-08-27T00:00:00.000Z;2026-08-27T23:59:59.000Z;9;1836
producer;offering;Couche IGN_Sandbox-16 · IGN_Sandbox;;;IGN_Sandbox;ds-1a454e05-7963-4ca3-915d-e72ff26b12a2;Couche IGN_Sandbox-16;off-3f403b2e-de4c-41ce-af76-fd1710b9de1b;Diffusion;ep-e6937e46-9757-4da9-a1b4-69114ade8316;WFS;2026-08-23T00:00:00.000Z;2026-09-22T00:00:00.000Z;30;complete_coverage;6;2026-08-28T00:00:00.000Z;2026-08-28T23:59:59.000Z;16;1328
producer;offering;Couche IGN_Sandbox-16 · IGN_Sandbox;;;IGN_Sandbox;ds-1a454e05-7963-4ca3-915d-e72ff26b12a2;Couche IGN_Sandbox-16;off-3f403b2e-de4c-41ce-af76-fd1710b9de1b;Diffusion;ep-e6937e46-9757-4da9-a1b4-69114ade8316;WFS;2026-08-23T00:00:00.000Z;2026-09-22T00:00:00.000Z;30;complete_coverage;7;2026-08-29T00:00:00.000Z;2026-08-29T23:59:59.000Z;18;5436
producer;offering;Couche IGN_Sandbox-16 · IGN_Sandbox;;;IGN_Sandbox;ds-1a454e05-7963-4ca3-915d-e72ff26b12a2;Couche IGN_Sandbox-16;off-3f403b2e-de4c-41ce-af76-fd1710b9de1b;Diffusion;ep-e6937e46-9757-4da9-a1b4-69114ade8316;WFS;2026-08-23T00:00:00.000Z;2026-09-22T00:00:00.000Z;30;complete_coverage;8;2026-08-30T00:00:00.000Z;2026-08-30T23:59:59.000Z;14;3024
producer;offering;Couche IGN_Sandbox-16 · IGN_Sandbox;;;IGN_Sandbox;ds-1a454e05-7963-4ca3-915d-e72ff26b12a2;Couche IGN_Sandbox-16;off-3f403b2e-de4c-41ce-af76-fd1710b9de1b;Diffusion;ep-e6937e46-9757-4da9-a1b4-69114ade8316;WFS;2026-08-23T00:00:00.000Z;2026-09-22T00:00:00.000Z;30;complete_coverage;9;2026-08-31T00:00:00.000Z;2026-08-31T23:59:59.000Z;13;1235
producer;offering;Couche IGN_Sandbox-16 · IGN_Sandbox;;;IGN_Sandbox;ds-1a454e05-7963-4ca3-915d-e72ff26b12a2;Couche IGN_Sandbox-16;off-3f403b2e-de4c-41ce-af76-fd1710b9de1b;Diffusion;ep-e6937e46-9757-4da9-a1b4-69114ade8316;WFS;2026-08-23T00:00:00.000Z;2026-09-22T00:00:00.000Z;30;complete_coverage;10;2026-09-01T00:00:00.000Z;2026-09-01T23:59:59.000Z;15;2955
producer;offering;Couche IGN_Sandbox-16 · IGN_Sandbox;;;IGN_Sandbox;ds-1a454e05-7963-4ca3-915d-e72ff26b12a2;Couche IGN_Sandbox-16;off-3f403b2e-de4c-41ce-af76-fd1710b9de1b;Diffusion;ep-e6937e46-9757-4da9-a1b4-69114ade8316;WFS;2026-08-23T00:00:00.000Z;2026-09-22T00:00:00.000Z;30;complete_coverage;11;2026-09-02T00:00:00.000Z;2026-09-02T23:59:59.000Z;18;6570
producer;offering;Couche IGN_Sandbox-16 · IGN_Sandbox;;;IGN_Sandbox;ds-1a454e05-7963-4ca3-915d-e72ff26b12a2;Couche IGN_Sandbox-16;off-3f403b2e-de4c-41ce-af76-fd1710b9de1b;Diffusion;ep-e6937e46-9757-4da9-a1b4-69114ade8316;WFS;2026-08-23T00:00:00.000Z;2026-09-22T00:00:00.000Z;30;complete_coverage;12;2026-09-03T00:00:00.000Z;2026-09-03T23:59:59.000Z;11;3069
producer;offering;Couche IGN_Sandbox-16 · IGN_Sandbox;;;IGN_Sandbox;ds-1a454e05-7963-4ca3-915d-e72ff26b12a2;Couche IGN_Sandbox-16;off-3f403b2e-de4c-41ce-af76-fd1710b9de1b;Diffusion;ep-e6937e46-9757-4da9-a1b4-69114ade8316;WFS;2026-08-23T00:00:00.000Z;2026-09-22T00:00:00.000Z;30;complete_coverage;13;2026-09-04T00:00:00.000Z;2026-09-04T23:59:59.000Z;9;1737
producer;offering;Couche IGN_Sandbox-16 · IGN_Sandbox;;;IGN_Sandbox;ds-1a454e05-7963-4ca3-915d-e72ff26b12a2;Couche IGN_Sandbox-16;off-3f403b2e-de4c-41ce-af76-fd1710b9de1b;Diffusion;ep-e6937e46-9757-4da9-a1b4-69114ade8316;WFS;2026-08-23T00:00:00.000Z;2026-09-22T00:00:00.000Z;30;complete_coverage;14;2026-09-05T00:00:00.000Z;2026-09-05T23:59:59.000Z;16;2112
producer;offering;Couche IGN_Sandbox-16 · IGN_Sandbox;;;IGN_Sandbox;ds-1a454e05-7963-4ca3-915d-e72ff26b12a2;Couche IGN_Sandbox-16;off-3f403b2e-de4c-41ce-af76-fd1710b9de1b;Diffusion;ep-e6937e46-9757-4da9-a1b4-69114ade8316;WFS;2026-08-23T00:00:00.000Z;2026-09-22T00:00:00.000Z;30;complete_coverage;15;2026-09-06T00:00:00.000Z;2026-09-06T23:59:59.000Z;14;4228
producer;offering;Couche IGN_Sandbox-16 · IGN_Sandbox;;;IGN_Sandbox;ds-1a454e05-7963-4ca3-915d-e72ff26b12a2;Couche IGN_Sandbox-16;off-3f403b2e-de4c-41ce-af76-fd1710b9de1b;Diffusion;ep-e6937e46-9757-4da9-a1b4-69114ade8316;WFS;2026-08-23T00:00:00.000Z;2026-09-22T00:00:00.000Z;30;complete_coverage;16;2026-09-07T00:00:00.000Z;2026-09-07T23:59:59.000Z;9;2727
producer;offering;Couche IGN_Sandbox-16 · IGN_Sandbox;;;IGN_Sandbox;ds-1a454e05-7963-4ca3-915d-e72ff26b12a2;Couche IGN_Sandbox-16;off-3f403b2e-de4c-41ce-af76-fd1710b9de1b;Diffusion;ep-e6937e46-9757-4da9-a1b4-69114ade8316;WFS;2026-08-23T00:00:00.000Z;2026-09-22T00:00:00.000Z;30;complete_coverage;17;2026-09-08T00:00:00.000Z;2026-09-08T23:59:59.000Z;11;1914
producer;offering;Couche IGN_Sandbox-16 · IGN_Sandbox;;;IGN_Sandbox;ds-1a454e05-7963-4ca3-915d-e72ff26b12a2;Couche IGN_Sandbox-16;off-3f403b2e-de4c-41ce-af76-fd1710b9de1b;Diffusion;ep-e6937e46-9757-4da9-a1b4-69114ade8316;WFS;2026-08-23T00:00:00.000Z;2026-09-22T00:00:00.000Z;30;complete_coverage;18;2026-09-09T00:00:00.000Z;2026-09-09T23:59:59.000Z;18;4266
producer;offering;Couche IGN_Sandbox-16 · IGN_Sandbox;;;IGN_Sandbox;ds-1a454e05-7963-4ca3-915d-e72ff26b12a2;Couche IGN_Sandbox-16;off-3f403b2e-de4c-41ce-af76-fd1710b9de1b;Diffusion;ep-e6937e46-9757-4da9-a1b4-69114ade8316;WFS;2026-08-23T00:00:00.000Z;2026-09-22T00:00:00.000Z;30;complete_coverage;19;2026-09-10T00:00:00.000Z;2026-09-10T23:59:59.000Z;18;2070
producer;offering;Couche IGN_Sandbox-16 · IGN_Sandbox;;;IGN_Sandbox;ds-1a454e05-7963-4ca3-915d-e72ff26b12a2;Couche IGN_Sandbox-16;off-3f403b2e-de4c-41ce-af76-fd1710b9de1b;Diffusion;ep-e6937e46-9757-4da9-a1b4-69114ade8316;WFS;2026-08-23T00:00:00.000Z;2026-09-22T00:00:00.000Z;30;complete_coverage;20;2026-09-11T00:00:00.000Z;2026-09-11T23:59:59.000Z;9;2979
producer;offering;Couche IGN_Sandbox-16 · IGN_Sandbox;;;IGN_Sandbox;ds-1a454e05-7963-4ca3-915d-e72ff26b12a2;Couche IGN_Sandbox-16;off-3f403b2e-de4c-41ce-af76-fd1710b9de1b;Diffusion;ep-e6937e46-9757-4da9-a1b4-69114ade8316;WFS;2026-08-23T00:00:00.000Z;2026-09-22T00:00:00.000Z;30;complete_coverage;21;2026-09-12T00:00:00.000Z;2026-09-12T23:59:59.000Z;14;4438
producer;offering;Couche IGN_Sandbox-16 · IGN_Sandbox;;;IGN_Sandbox;ds-1a454e05-7963-4ca3-915d-e72ff26b12a2;Couche IGN_Sandbox-16;off-3f403b2e-de4c-41ce-af76-fd1710b9de1b;Diffusion;ep-e6937e46-9757-4da9-a1b4-69114ade8316;WFS;2026-08-23T00:00:00.000Z;2026-09-22T00:00:00.000Z;30;complete_coverage;22;2026-09-13T00:00:00.000Z;2026-09-13T23:59:59.000Z;9;2718
producer;offering;Couche IGN_Sandbox-16 · IGN_Sandbox;;;IGN_Sandbox;ds-1a454e05-7963-4ca3-915d-e72ff26b12a2;Couche IGN_Sandbox-16;off-3f403b2e-de4c-41ce-af76-fd1710b9de1b;Diffusion;ep-e6937e46-9757-4da9-a1b4-69114ade8316;WFS;2026-08-23T00:00:00.000Z;2026-09-22T00:00:00.000Z;30;complete_coverage;23;2026-09-14T00:00:00.000Z;2026-09-14T23:59:59.000Z;12;3936
producer;offering;Couche IGN_Sandbox-16 · IGN_Sandbox;;;IGN_Sandbox;ds-1a454e05-7963-4ca3-915d-e72ff26b12a2;Couche IGN_Sandbox-16;off-3f403b2e-de4c-41ce-af76-fd1710b9de1b;Diffusion;ep-e6937e46-9757-4da9-a1b4-69114ade8316;WFS;2026-08-23T00:00:00.000Z;2026-09-22T00:00:00.000Z;30;complete_coverage;24;2026-09-15T00:00:00.000Z;2026-09-15T23:59:59.000Z;18;2124
producer;offering;Couche IGN_Sandbox-16 · IGN_Sandbox;;;IGN_Sandbox;ds-1a454e05-7963-4ca3-915d-e72ff26b12a2;Couche IGN_Sandbox-16;off-3f403b2e-de4c-41ce-af76-fd1710b9de1b;Diffusion;ep-e6937e46-9757-4da9-a1b4-69114ade8316;WFS;2026-08-23T00:00:00.000Z;2026-09-22T00:00:00.000Z;30;complete_coverage;25;2026-09-16T00:00:00.000Z;2026-09-16T23:59:59.000Z;14;4634
producer;offering;Couche IGN_Sandbox-16 · IGN_Sandbox;;;IGN_Sandbox;ds-1a454e05-7963-4ca3-915d-e72ff26b12a2;Couche IGN_Sandbox-16;off-3f403b2e-de4c-41ce-af76-fd1710b9de1b;Diffusion;ep-e6937e46-9757-4da9-a1b4-69114ade8316;WFS;2026-08-23T00:00:00.000Z;2026-09-22T00:00:00.000Z;30;complete_coverage;26;2026-09-17T00:00:00.000Z;2026-09-17T23:59:59.000Z;18;3960
producer;offering;Couche IGN_Sandbox-16 · IGN_Sandbox;;;IGN_Sandbox;ds-1a454e05-7963-4ca3-915d-e72ff26b12a2;Couche IGN_Sandbox-16;off-3f403b2e-de4c-41ce-af76-fd1710b9de1b;Diffusion;ep-e6937e46-9757-4da9-a1b4-69114ade8316;WFS;2026-08-23T00:00:00.000Z;2026-09-22T00:00:00.000Z;30;complete_coverage;27;2026-09-18T00:00:00.000Z;2026-09-18T23:59:59.000Z;14;4522
producer;offering;Couche IGN_Sandbox-16 · IGN_Sandbox;;;IGN_Sandbox;ds-1a454e05-7963-4ca3-915d-e72ff26b12a2;Couche IGN_Sandbox-16;off-3f403b2e-de4c-41ce-af76-fd1710b9de1b;Diffusion;ep-e6937e46-9757-4da9-a1b4-69114ade8316;WFS;2026-08-23T00:00:00.000Z;2026-09-22T00:00:00.000Z;30;complete_coverage;28;2026-09-19T00:00:00.000Z;2026-09-19T23:59:59.000Z;13;1534
producer;offering;Couche IGN_Sandbox-16 · IGN_Sandbox;;;IGN_Sandbox;ds-1a454e05-7963-4ca3-915d-e72ff26b12a2;Couche IGN_Sandbox-16;off-3f403b2e-de4c-41ce-af76-fd1710b9de1b;Diffusion;ep-e6937e46-9757-4da9-a1b4-69114ade8316;WFS;2026-08-23T00:00:00.000Z;2026-09-22T00:00:00.000Z;30;complete_coverage;29;2026-09-20T00:00:00.000Z;2026-09-20T23:59:59.000Z;15;1335
producer;offering;Couche IGN_Sandbox-16 · IGN_Sandbox;;;IGN_Sandbox;ds-1a454e05-7963-4ca3-915d-e72ff26b12a2;Couche IGN_Sandbox-16;off-3f403b2e-de4c-41ce-af76-fd1710b9de1b;Diffusion;ep-e6937e46-9757-4da9-a1b4-69114ade8316;WFS;2026-08-23T00:00:00.000Z;2026-09-22T00:00:00.000Z;30;complete_coverage;30;2026-09-21T00:00:00.000Z;2026-09-21T23:59:59.000Z;10;1430
producer;producer_permission;Couche IGN_Sandbox-14 + Couche IGN_Sandbox-11 + Couche IGN_Sandbox-12 · IGN_Sandbox;Couche IGN_Sandbox-14 + Couche IGN_Sandbox-11 + Couche IGN_Sandbox-12;perm-9eeb2189-7567-4628-9a72-a5f5df6a0d49;IGN_Sandbox;ds-1a454e05-7963-4ca3-915d-e72ff26b12a2;;;;;;2026-08-23T00:00:00.000Z;2026-09-22T00:00:00.000Z;30;complete_coverage;1;2026-08-23T00:00:00.000Z;2026-08-23T23:59:59.000Z;5;1555
producer;producer_permission;Couche IGN_Sandbox-14 + Couche IGN_Sandbox-11 + Couche IGN_Sandbox-12 · IGN_Sandbox;Couche IGN_Sandbox-14 + Couche IGN_Sandbox-11 + Couche IGN_Sandbox-12;perm-9eeb2189-7567-4628-9a72-a5f5df6a0d49;IGN_Sandbox;ds-1a454e05-7963-4ca3-915d-e72ff26b12a2;;;;;;2026-08-23T00:00:00.000Z;2026-09-22T00:00:00.000Z;30;complete_coverage;2;2026-08-24T00:00:00.000Z;2026-08-24T23:59:59.000Z;12;1500
producer;producer_permission;Couche IGN_Sandbox-14 + Couche IGN_Sandbox-11 + Couche IGN_Sandbox-12 · IGN_Sandbox;Couche IGN_Sandbox-14 + Couche IGN_Sandbox-11 + Couche IGN_Sandbox-12;perm-9eeb2189-7567-4628-9a72-a5f5df6a0d49;IGN_Sandbox;ds-1a454e05-7963-4ca3-915d-e72ff26b12a2;;;;;;2026-08-23T00:00:00.000Z;2026-09-22T00:00:00.000Z;30;complete_coverage;3;2026-08-25T00:00:00.000Z;2026-08-25T23:59:59.000Z;11;2002
producer;producer_permission;Couche IGN_Sandbox-14 + Couche IGN_Sandbox-11 + Couche IGN_Sandbox-12 · IGN_Sandbox;Couche IGN_Sandbox-14 + Couche IGN_Sandbox-11 + Couche IGN_Sandbox-12;perm-9eeb2189-7567-4628-9a72-a5f5df6a0d49;IGN_Sandbox;ds-1a454e05-7963-4ca3-915d-e72ff26b12a2;;;;;;2026-08-23T00:00:00.000Z;2026-09-22T00:00:00.000Z;30;complete_coverage;4;2026-08-26T00:00:00.000Z;2026-08-26T23:59:59.000Z;6;1374
producer;producer_permission;Couche IGN_Sandbox-14 + Couche IGN_Sandbox-11 + Couche IGN_Sandbox-12 · IGN_Sandbox;Couche IGN_Sandbox-14 + Couche IGN_Sandbox-11 + Couche IGN_Sandbox-12;perm-9eeb2189-7567-4628-9a72-a5f5df6a0d49;IGN_Sandbox;ds-1a454e05-7963-4ca3-915d-e72ff26b12a2;;;;;;2026-08-23T00:00:00.000Z;2026-09-22T00:00:00.000Z;30;complete_coverage;5;2026-08-27T00:00:00.000Z;2026-08-27T23:59:59.000Z;8;648
producer;producer_permission;Couche IGN_Sandbox-14 + Couche IGN_Sandbox-11 + Couche IGN_Sandbox-12 · IGN_Sandbox;Couche IGN_Sandbox-14 + Couche IGN_Sandbox-11 + Couche IGN_Sandbox-12;perm-9eeb2189-7567-4628-9a72-a5f5df6a0d49;IGN_Sandbox;ds-1a454e05-7963-4ca3-915d-e72ff26b12a2;;;;;;2026-08-23T00:00:00.000Z;2026-09-22T00:00:00.000Z;30;complete_coverage;6;2026-08-28T00:00:00.000Z;2026-08-28T23:59:59.000Z;8;1096
producer;producer_permission;Couche IGN_Sandbox-14 + Couche IGN_Sandbox-11 + Couche IGN_Sandbox-12 · IGN_Sandbox;Couche IGN_Sandbox-14 + Couche IGN_Sandbox-11 + Couche IGN_Sandbox-12;perm-9eeb2189-7567-4628-9a72-a5f5df6a0d49;IGN_Sandbox;ds-1a454e05-7963-4ca3-915d-e72ff26b12a2;;;;;;2026-08-23T00:00:00.000Z;2026-09-22T00:00:00.000Z;30;complete_coverage;7;2026-08-29T00:00:00.000Z;2026-08-29T23:59:59.000Z;9;3069
producer;producer_permission;Couche IGN_Sandbox-14 + Couche IGN_Sandbox-11 + Couche IGN_Sandbox-12 · IGN_Sandbox;Couche IGN_Sandbox-14 + Couche IGN_Sandbox-11 + Couche IGN_Sandbox-12;perm-9eeb2189-7567-4628-9a72-a5f5df6a0d49;IGN_Sandbox;ds-1a454e05-7963-4ca3-915d-e72ff26b12a2;;;;;;2026-08-23T00:00:00.000Z;2026-09-22T00:00:00.000Z;30;complete_coverage;8;2026-08-30T00:00:00.000Z;2026-08-30T23:59:59.000Z;11;3091
producer;producer_permission;Couche IGN_Sandbox-14 + Couche IGN_Sandbox-11 + Couche IGN_Sandbox-12 · IGN_Sandbox;Couche IGN_Sandbox-14 + Couche IGN_Sandbox-11 + Couche IGN_Sandbox-12;perm-9eeb2189-7567-4628-9a72-a5f5df6a0d49;IGN_Sandbox;ds-1a454e05-7963-4ca3-915d-e72ff26b12a2;;;;;;2026-08-23T00:00:00.000Z;2026-09-22T00:00:00.000Z;30;complete_coverage;9;2026-08-31T00:00:00.000Z;2026-08-31T23:59:59.000Z;5;405
producer;producer_permission;Couche IGN_Sandbox-14 + Couche IGN_Sandbox-11 + Couche IGN_Sandbox-12 · IGN_Sandbox;Couche IGN_Sandbox-14 + Couche IGN_Sandbox-11 + Couche IGN_Sandbox-12;perm-9eeb2189-7567-4628-9a72-a5f5df6a0d49;IGN_Sandbox;ds-1a454e05-7963-4ca3-915d-e72ff26b12a2;;;;;;2026-08-23T00:00:00.000Z;2026-09-22T00:00:00.000Z;30;complete_coverage;10;2026-09-01T00:00:00.000Z;2026-09-01T23:59:59.000Z;8;672
producer;producer_permission;Couche IGN_Sandbox-14 + Couche IGN_Sandbox-11 + Couche IGN_Sandbox-12 · IGN_Sandbox;Couche IGN_Sandbox-14 + Couche IGN_Sandbox-11 + Couche IGN_Sandbox-12;perm-9eeb2189-7567-4628-9a72-a5f5df6a0d49;IGN_Sandbox;ds-1a454e05-7963-4ca3-915d-e72ff26b12a2;;;;;;2026-08-23T00:00:00.000Z;2026-09-22T00:00:00.000Z;30;complete_coverage;11;2026-09-02T00:00:00.000Z;2026-09-02T23:59:59.000Z;4;1084
producer;producer_permission;Couche IGN_Sandbox-14 + Couche IGN_Sandbox-11 + Couche IGN_Sandbox-12 · IGN_Sandbox;Couche IGN_Sandbox-14 + Couche IGN_Sandbox-11 + Couche IGN_Sandbox-12;perm-9eeb2189-7567-4628-9a72-a5f5df6a0d49;IGN_Sandbox;ds-1a454e05-7963-4ca3-915d-e72ff26b12a2;;;;;;2026-08-23T00:00:00.000Z;2026-09-22T00:00:00.000Z;30;complete_coverage;12;2026-09-03T00:00:00.000Z;2026-09-03T23:59:59.000Z;3;696
producer;producer_permission;Couche IGN_Sandbox-14 + Couche IGN_Sandbox-11 + Couche IGN_Sandbox-12 · IGN_Sandbox;Couche IGN_Sandbox-14 + Couche IGN_Sandbox-11 + Couche IGN_Sandbox-12;perm-9eeb2189-7567-4628-9a72-a5f5df6a0d49;IGN_Sandbox;ds-1a454e05-7963-4ca3-915d-e72ff26b12a2;;;;;;2026-08-23T00:00:00.000Z;2026-09-22T00:00:00.000Z;30;complete_coverage;13;2026-09-04T00:00:00.000Z;2026-09-04T23:59:59.000Z;3;558
producer;producer_permission;Couche IGN_Sandbox-14 + Couche IGN_Sandbox-11 + Couche IGN_Sandbox-12 · IGN_Sandbox;Couche IGN_Sandbox-14 + Couche IGN_Sandbox-11 + Couche IGN_Sandbox-12;perm-9eeb2189-7567-4628-9a72-a5f5df6a0d49;IGN_Sandbox;ds-1a454e05-7963-4ca3-915d-e72ff26b12a2;;;;;;2026-08-23T00:00:00.000Z;2026-09-22T00:00:00.000Z;30;complete_coverage;14;2026-09-05T00:00:00.000Z;2026-09-05T23:59:59.000Z;7;1435
producer;producer_permission;Couche IGN_Sandbox-14 + Couche IGN_Sandbox-11 + Couche IGN_Sandbox-12 · IGN_Sandbox;Couche IGN_Sandbox-14 + Couche IGN_Sandbox-11 + Couche IGN_Sandbox-12;perm-9eeb2189-7567-4628-9a72-a5f5df6a0d49;IGN_Sandbox;ds-1a454e05-7963-4ca3-915d-e72ff26b12a2;;;;;;2026-08-23T00:00:00.000Z;2026-09-22T00:00:00.000Z;30;complete_coverage;15;2026-09-06T00:00:00.000Z;2026-09-06T23:59:59.000Z;4;1176
producer;producer_permission;Couche IGN_Sandbox-14 + Couche IGN_Sandbox-11 + Couche IGN_Sandbox-12 · IGN_Sandbox;Couche IGN_Sandbox-14 + Couche IGN_Sandbox-11 + Couche IGN_Sandbox-12;perm-9eeb2189-7567-4628-9a72-a5f5df6a0d49;IGN_Sandbox;ds-1a454e05-7963-4ca3-915d-e72ff26b12a2;;;;;;2026-08-23T00:00:00.000Z;2026-09-22T00:00:00.000Z;30;complete_coverage;16;2026-09-07T00:00:00.000Z;2026-09-07T23:59:59.000Z;9;2637
producer;producer_permission;Couche IGN_Sandbox-14 + Couche IGN_Sandbox-11 + Couche IGN_Sandbox-12 · IGN_Sandbox;Couche IGN_Sandbox-14 + Couche IGN_Sandbox-11 + Couche IGN_Sandbox-12;perm-9eeb2189-7567-4628-9a72-a5f5df6a0d49;IGN_Sandbox;ds-1a454e05-7963-4ca3-915d-e72ff26b12a2;;;;;;2026-08-23T00:00:00.000Z;2026-09-22T00:00:00.000Z;30;complete_coverage;17;2026-09-08T00:00:00.000Z;2026-09-08T23:59:59.000Z;5;1615
producer;producer_permission;Couche IGN_Sandbox-14 + Couche IGN_Sandbox-11 + Couche IGN_Sandbox-12 · IGN_Sandbox;Couche IGN_Sandbox-14 + Couche IGN_Sandbox-11 + Couche IGN_Sandbox-12;perm-9eeb2189-7567-4628-9a72-a5f5df6a0d49;IGN_Sandbox;ds-1a454e05-7963-4ca3-915d-e72ff26b12a2;;;;;;2026-08-23T00:00:00.000Z;2026-09-22T00:00:00.000Z;30;complete_coverage;18;2026-09-09T00:00:00.000Z;2026-09-09T23:59:59.000Z;12;2232
producer;producer_permission;Couche IGN_Sandbox-14 + Couche IGN_Sandbox-11 + Couche IGN_Sandbox-12 · IGN_Sandbox;Couche IGN_Sandbox-14 + Couche IGN_Sandbox-11 + Couche IGN_Sandbox-12;perm-9eeb2189-7567-4628-9a72-a5f5df6a0d49;IGN_Sandbox;ds-1a454e05-7963-4ca3-915d-e72ff26b12a2;;;;;;2026-08-23T00:00:00.000Z;2026-09-22T00:00:00.000Z;30;complete_coverage;19;2026-09-10T00:00:00.000Z;2026-09-10T23:59:59.000Z;5;1000
producer;producer_permission;Couche IGN_Sandbox-14 + Couche IGN_Sandbox-11 + Couche IGN_Sandbox-12 · IGN_Sandbox;Couche IGN_Sandbox-14 + Couche IGN_Sandbox-11 + Couche IGN_Sandbox-12;perm-9eeb2189-7567-4628-9a72-a5f5df6a0d49;IGN_Sandbox;ds-1a454e05-7963-4ca3-915d-e72ff26b12a2;;;;;;2026-08-23T00:00:00.000Z;2026-09-22T00:00:00.000Z;30;complete_coverage;20;2026-09-11T00:00:00.000Z;2026-09-11T23:59:59.000Z;6;2022
producer;producer_permission;Couche IGN_Sandbox-14 + Couche IGN_Sandbox-11 + Couche IGN_Sandbox-12 · IGN_Sandbox;Couche IGN_Sandbox-14 + Couche IGN_Sandbox-11 + Couche IGN_Sandbox-12;perm-9eeb2189-7567-4628-9a72-a5f5df6a0d49;IGN_Sandbox;ds-1a454e05-7963-4ca3-915d-e72ff26b12a2;;;;;;2026-08-23T00:00:00.000Z;2026-09-22T00:00:00.000Z;30;complete_coverage;21;2026-09-12T00:00:00.000Z;2026-09-12T23:59:59.000Z;6;2340
producer;producer_permission;Couche IGN_Sandbox-14 + Couche IGN_Sandbox-11 + Couche IGN_Sandbox-12 · IGN_Sandbox;Couche IGN_Sandbox-14 + Couche IGN_Sandbox-11 + Couche IGN_Sandbox-12;perm-9eeb2189-7567-4628-9a72-a5f5df6a0d49;IGN_Sandbox;ds-1a454e05-7963-4ca3-915d-e72ff26b12a2;;;;;;2026-08-23T00:00:00.000Z;2026-09-22T00:00:00.000Z;30;complete_coverage;22;2026-09-13T00:00:00.000Z;2026-09-13T23:59:59.000Z;9;999
producer;producer_permission;Couche IGN_Sandbox-14 + Couche IGN_Sandbox-11 + Couche IGN_Sandbox-12 · IGN_Sandbox;Couche IGN_Sandbox-14 + Couche IGN_Sandbox-11 + Couche IGN_Sandbox-12;perm-9eeb2189-7567-4628-9a72-a5f5df6a0d49;IGN_Sandbox;ds-1a454e05-7963-4ca3-915d-e72ff26b12a2;;;;;;2026-08-23T00:00:00.000Z;2026-09-22T00:00:00.000Z;30;complete_coverage;23;2026-09-14T00:00:00.000Z;2026-09-14T23:59:59.000Z;9;1008
producer;producer_permission;Couche IGN_Sandbox-14 + Couche IGN_Sandbox-11 + Couche IGN_Sandbox-12 · IGN_Sandbox;Couche IGN_Sandbox-14 + Couche IGN_Sandbox-11 + Couche IGN_Sandbox-12;perm-9eeb2189-7567-4628-9a72-a5f5df6a0d49;IGN_Sandbox;ds-1a454e05-7963-4ca3-915d-e72ff26b12a2;;;;;;2026-08-23T00:00:00.000Z;2026-09-22T00:00:00.000Z;30;complete_coverage;24;2026-09-15T00:00:00.000Z;2026-09-15T23:59:59.000Z;6;1344
producer;producer_permission;Couche IGN_Sandbox-14 + Couche IGN_Sandbox-11 + Couche IGN_Sandbox-12 · IGN_Sandbox;Couche IGN_Sandbox-14 + Couche IGN_Sandbox-11 + Couche IGN_Sandbox-12;perm-9eeb2189-7567-4628-9a72-a5f5df6a0d49;IGN_Sandbox;ds-1a454e05-7963-4ca3-915d-e72ff26b12a2;;;;;;2026-08-23T00:00:00.000Z;2026-09-22T00:00:00.000Z;30;complete_coverage;25;2026-09-16T00:00:00.000Z;2026-09-16T23:59:59.000Z;11;3212
producer;producer_permission;Couche IGN_Sandbox-14 + Couche IGN_Sandbox-11 + Couche IGN_Sandbox-12 · IGN_Sandbox;Couche IGN_Sandbox-14 + Couche IGN_Sandbox-11 + Couche IGN_Sandbox-12;perm-9eeb2189-7567-4628-9a72-a5f5df6a0d49;IGN_Sandbox;ds-1a454e05-7963-4ca3-915d-e72ff26b12a2;;;;;;2026-08-23T00:00:00.000Z;2026-09-22T00:00:00.000Z;30;complete_coverage;26;2026-09-17T00:00:00.000Z;2026-09-17T23:59:59.000Z;5;1890
producer;producer_permission;Couche IGN_Sandbox-14 + Couche IGN_Sandbox-11 + Couche IGN_Sandbox-12 · IGN_Sandbox;Couche IGN_Sandbox-14 + Couche IGN_Sandbox-11 + Couche IGN_Sandbox-12;perm-9eeb2189-7567-4628-9a72-a5f5df6a0d49;IGN_Sandbox;ds-1a454e05-7963-4ca3-915d-e72ff26b12a2;;;;;;2026-08-23T00:00:00.000Z;2026-09-22T00:00:00.000Z;30;complete_coverage;27;2026-09-18T00:00:00.000Z;2026-09-18T23:59:59.000Z;3;321
producer;producer_permission;Couche IGN_Sandbox-14 + Couche IGN_Sandbox-11 + Couche IGN_Sandbox-12 · IGN_Sandbox;Couche IGN_Sandbox-14 + Couche IGN_Sandbox-11 + Couche IGN_Sandbox-12;perm-9eeb2189-7567-4628-9a72-a5f5df6a0d49;IGN_Sandbox;ds-1a454e05-7963-4ca3-915d-e72ff26b12a2;;;;;;2026-08-23T00:00:00.000Z;2026-09-22T00:00:00.000Z;30;complete_coverage;28;2026-09-19T00:00:00.000Z;2026-09-19T23:59:59.000Z;8;1672
producer;producer_permission;Couche IGN_Sandbox-14 + Couche IGN_Sandbox-11 + Couche IGN_Sandbox-12 · IGN_Sandbox;Couche IGN_Sandbox-14 + Couche IGN_Sandbox-11 + Couche IGN_Sandbox-12;perm-9eeb2189-7567-4628-9a72-a5f5df6a0d49;IGN_Sandbox;ds-1a454e05-7963-4ca3-915d-e72ff26b12a2;;;;;;2026-08-23T00:00:00.000Z;2026-09-22T00:00:00.000Z;30;complete_coverage;29;2026-09-20T00:00:00.000Z;2026-09-20T23:59:59.000Z;7;616
producer;producer_permission;Couche IGN_Sandbox-14 + Couche IGN_Sandbox-11 + Couche IGN_Sandbox-12 · IGN_Sandbox;Couche IGN_Sandbox-14 + Couche IGN_Sandbox-11 + Couche IGN_Sandbox-12;perm-9eeb2189-7567-4628-9a72-a5f5df6a0d49;IGN_Sandbox;ds-1a454e05-7963-4ca3-915d-e72ff26b12a2;;;;;;2026-08-23T00:00:00.000Z;2026-09-22T00:00:00.000Z;30;complete_coverage;30;2026-09-21T00:00:00.000Z;2026-09-21T23:59:59.000Z;11;1749
producer;producer_permission;Couche IGN_Sandbox-14 + Couche IGN_Sandbox-11 + Couche IGN_Sandbox-16 · IGN_Sandbox;Couche IGN_Sandbox-14 + Couche IGN_Sandbox-11 + Couche IGN_Sandbox-16;perm-f9f48417-4fd1-4948-a0d4-046242586fc6;IGN_Sandbox;ds-1a454e05-7963-4ca3-915d-e72ff26b12a2;;;;;;2026-08-23T00:00:00.000Z;2026-09-22T00:00:00.000Z;30;complete_coverage;1;2026-08-23T00:00:00.000Z;2026-08-23T23:59:59.000Z;7;1939
producer;producer_permission;Couche IGN_Sandbox-14 + Couche IGN_Sandbox-11 + Couche IGN_Sandbox-16 · IGN_Sandbox;Couche IGN_Sandbox-14 + Couche IGN_Sandbox-11 + Couche IGN_Sandbox-16;perm-f9f48417-4fd1-4948-a0d4-046242586fc6;IGN_Sandbox;ds-1a454e05-7963-4ca3-915d-e72ff26b12a2;;;;;;2026-08-23T00:00:00.000Z;2026-09-22T00:00:00.000Z;30;complete_coverage;2;2026-08-24T00:00:00.000Z;2026-08-24T23:59:59.000Z;6;1968
producer;producer_permission;Couche IGN_Sandbox-14 + Couche IGN_Sandbox-11 + Couche IGN_Sandbox-16 · IGN_Sandbox;Couche IGN_Sandbox-14 + Couche IGN_Sandbox-11 + Couche IGN_Sandbox-16;perm-f9f48417-4fd1-4948-a0d4-046242586fc6;IGN_Sandbox;ds-1a454e05-7963-4ca3-915d-e72ff26b12a2;;;;;;2026-08-23T00:00:00.000Z;2026-09-22T00:00:00.000Z;30;complete_coverage;3;2026-08-25T00:00:00.000Z;2026-08-25T23:59:59.000Z;2;208
producer;producer_permission;Couche IGN_Sandbox-14 + Couche IGN_Sandbox-11 + Couche IGN_Sandbox-16 · IGN_Sandbox;Couche IGN_Sandbox-14 + Couche IGN_Sandbox-11 + Couche IGN_Sandbox-16;perm-f9f48417-4fd1-4948-a0d4-046242586fc6;IGN_Sandbox;ds-1a454e05-7963-4ca3-915d-e72ff26b12a2;;;;;;2026-08-23T00:00:00.000Z;2026-09-22T00:00:00.000Z;30;complete_coverage;4;2026-08-26T00:00:00.000Z;2026-08-26T23:59:59.000Z;8;2144
producer;producer_permission;Couche IGN_Sandbox-14 + Couche IGN_Sandbox-11 + Couche IGN_Sandbox-16 · IGN_Sandbox;Couche IGN_Sandbox-14 + Couche IGN_Sandbox-11 + Couche IGN_Sandbox-16;perm-f9f48417-4fd1-4948-a0d4-046242586fc6;IGN_Sandbox;ds-1a454e05-7963-4ca3-915d-e72ff26b12a2;;;;;;2026-08-23T00:00:00.000Z;2026-09-22T00:00:00.000Z;30;complete_coverage;5;2026-08-27T00:00:00.000Z;2026-08-27T23:59:59.000Z;7;2338
producer;producer_permission;Couche IGN_Sandbox-14 + Couche IGN_Sandbox-11 + Couche IGN_Sandbox-16 · IGN_Sandbox;Couche IGN_Sandbox-14 + Couche IGN_Sandbox-11 + Couche IGN_Sandbox-16;perm-f9f48417-4fd1-4948-a0d4-046242586fc6;IGN_Sandbox;ds-1a454e05-7963-4ca3-915d-e72ff26b12a2;;;;;;2026-08-23T00:00:00.000Z;2026-09-22T00:00:00.000Z;30;complete_coverage;6;2026-08-28T00:00:00.000Z;2026-08-28T23:59:59.000Z;7;756
producer;producer_permission;Couche IGN_Sandbox-14 + Couche IGN_Sandbox-11 + Couche IGN_Sandbox-16 · IGN_Sandbox;Couche IGN_Sandbox-14 + Couche IGN_Sandbox-11 + Couche IGN_Sandbox-16;perm-f9f48417-4fd1-4948-a0d4-046242586fc6;IGN_Sandbox;ds-1a454e05-7963-4ca3-915d-e72ff26b12a2;;;;;;2026-08-23T00:00:00.000Z;2026-09-22T00:00:00.000Z;30;complete_coverage;7;2026-08-29T00:00:00.000Z;2026-08-29T23:59:59.000Z;7;2338
producer;producer_permission;Couche IGN_Sandbox-14 + Couche IGN_Sandbox-11 + Couche IGN_Sandbox-16 · IGN_Sandbox;Couche IGN_Sandbox-14 + Couche IGN_Sandbox-11 + Couche IGN_Sandbox-16;perm-f9f48417-4fd1-4948-a0d4-046242586fc6;IGN_Sandbox;ds-1a454e05-7963-4ca3-915d-e72ff26b12a2;;;;;;2026-08-23T00:00:00.000Z;2026-09-22T00:00:00.000Z;30;complete_coverage;8;2026-08-30T00:00:00.000Z;2026-08-30T23:59:59.000Z;4;1308
producer;producer_permission;Couche IGN_Sandbox-14 + Couche IGN_Sandbox-11 + Couche IGN_Sandbox-16 · IGN_Sandbox;Couche IGN_Sandbox-14 + Couche IGN_Sandbox-11 + Couche IGN_Sandbox-16;perm-f9f48417-4fd1-4948-a0d4-046242586fc6;IGN_Sandbox;ds-1a454e05-7963-4ca3-915d-e72ff26b12a2;;;;;;2026-08-23T00:00:00.000Z;2026-09-22T00:00:00.000Z;30;complete_coverage;9;2026-08-31T00:00:00.000Z;2026-08-31T23:59:59.000Z;1;203
producer;producer_permission;Couche IGN_Sandbox-14 + Couche IGN_Sandbox-11 + Couche IGN_Sandbox-16 · IGN_Sandbox;Couche IGN_Sandbox-14 + Couche IGN_Sandbox-11 + Couche IGN_Sandbox-16;perm-f9f48417-4fd1-4948-a0d4-046242586fc6;IGN_Sandbox;ds-1a454e05-7963-4ca3-915d-e72ff26b12a2;;;;;;2026-08-23T00:00:00.000Z;2026-09-22T00:00:00.000Z;30;complete_coverage;10;2026-09-02T00:00:00.000Z;2026-09-02T23:59:59.000Z;2;216
producer;producer_permission;Couche IGN_Sandbox-14 + Couche IGN_Sandbox-11 + Couche IGN_Sandbox-16 · IGN_Sandbox;Couche IGN_Sandbox-14 + Couche IGN_Sandbox-11 + Couche IGN_Sandbox-16;perm-f9f48417-4fd1-4948-a0d4-046242586fc6;IGN_Sandbox;ds-1a454e05-7963-4ca3-915d-e72ff26b12a2;;;;;;2026-08-23T00:00:00.000Z;2026-09-22T00:00:00.000Z;30;complete_coverage;11;2026-09-03T00:00:00.000Z;2026-09-03T23:59:59.000Z;2;792
producer;producer_permission;Couche IGN_Sandbox-14 + Couche IGN_Sandbox-11 + Couche IGN_Sandbox-16 · IGN_Sandbox;Couche IGN_Sandbox-14 + Couche IGN_Sandbox-11 + Couche IGN_Sandbox-16;perm-f9f48417-4fd1-4948-a0d4-046242586fc6;IGN_Sandbox;ds-1a454e05-7963-4ca3-915d-e72ff26b12a2;;;;;;2026-08-23T00:00:00.000Z;2026-09-22T00:00:00.000Z;30;complete_coverage;12;2026-09-04T00:00:00.000Z;2026-09-04T23:59:59.000Z;8;2528
producer;producer_permission;Couche IGN_Sandbox-14 + Couche IGN_Sandbox-11 + Couche IGN_Sandbox-16 · IGN_Sandbox;Couche IGN_Sandbox-14 + Couche IGN_Sandbox-11 + Couche IGN_Sandbox-16;perm-f9f48417-4fd1-4948-a0d4-046242586fc6;IGN_Sandbox;ds-1a454e05-7963-4ca3-915d-e72ff26b12a2;;;;;;2026-08-23T00:00:00.000Z;2026-09-22T00:00:00.000Z;30;complete_coverage;13;2026-09-05T00:00:00.000Z;2026-09-05T23:59:59.000Z;7;2492
producer;producer_permission;Couche IGN_Sandbox-14 + Couche IGN_Sandbox-11 + Couche IGN_Sandbox-16 · IGN_Sandbox;Couche IGN_Sandbox-14 + Couche IGN_Sandbox-11 + Couche IGN_Sandbox-16;perm-f9f48417-4fd1-4948-a0d4-046242586fc6;IGN_Sandbox;ds-1a454e05-7963-4ca3-915d-e72ff26b12a2;;;;;;2026-08-23T00:00:00.000Z;2026-09-22T00:00:00.000Z;30;complete_coverage;14;2026-09-06T00:00:00.000Z;2026-09-06T23:59:59.000Z;7;1911
producer;producer_permission;Couche IGN_Sandbox-14 + Couche IGN_Sandbox-11 + Couche IGN_Sandbox-16 · IGN_Sandbox;Couche IGN_Sandbox-14 + Couche IGN_Sandbox-11 + Couche IGN_Sandbox-16;perm-f9f48417-4fd1-4948-a0d4-046242586fc6;IGN_Sandbox;ds-1a454e05-7963-4ca3-915d-e72ff26b12a2;;;;;;2026-08-23T00:00:00.000Z;2026-09-22T00:00:00.000Z;30;complete_coverage;15;2026-09-07T00:00:00.000Z;2026-09-07T23:59:59.000Z;8;2112
producer;producer_permission;Couche IGN_Sandbox-14 + Couche IGN_Sandbox-11 + Couche IGN_Sandbox-16 · IGN_Sandbox;Couche IGN_Sandbox-14 + Couche IGN_Sandbox-11 + Couche IGN_Sandbox-16;perm-f9f48417-4fd1-4948-a0d4-046242586fc6;IGN_Sandbox;ds-1a454e05-7963-4ca3-915d-e72ff26b12a2;;;;;;2026-08-23T00:00:00.000Z;2026-09-22T00:00:00.000Z;30;complete_coverage;16;2026-09-08T00:00:00.000Z;2026-09-08T23:59:59.000Z;7;1708
producer;producer_permission;Couche IGN_Sandbox-14 + Couche IGN_Sandbox-11 + Couche IGN_Sandbox-16 · IGN_Sandbox;Couche IGN_Sandbox-14 + Couche IGN_Sandbox-11 + Couche IGN_Sandbox-16;perm-f9f48417-4fd1-4948-a0d4-046242586fc6;IGN_Sandbox;ds-1a454e05-7963-4ca3-915d-e72ff26b12a2;;;;;;2026-08-23T00:00:00.000Z;2026-09-22T00:00:00.000Z;30;complete_coverage;17;2026-09-09T00:00:00.000Z;2026-09-09T23:59:59.000Z;1;118
producer;producer_permission;Couche IGN_Sandbox-14 + Couche IGN_Sandbox-11 + Couche IGN_Sandbox-16 · IGN_Sandbox;Couche IGN_Sandbox-14 + Couche IGN_Sandbox-11 + Couche IGN_Sandbox-16;perm-f9f48417-4fd1-4948-a0d4-046242586fc6;IGN_Sandbox;ds-1a454e05-7963-4ca3-915d-e72ff26b12a2;;;;;;2026-08-23T00:00:00.000Z;2026-09-22T00:00:00.000Z;30;complete_coverage;18;2026-09-12T00:00:00.000Z;2026-09-12T23:59:59.000Z;3;639
producer;producer_permission;Couche IGN_Sandbox-14 + Couche IGN_Sandbox-11 + Couche IGN_Sandbox-16 · IGN_Sandbox;Couche IGN_Sandbox-14 + Couche IGN_Sandbox-11 + Couche IGN_Sandbox-16;perm-f9f48417-4fd1-4948-a0d4-046242586fc6;IGN_Sandbox;ds-1a454e05-7963-4ca3-915d-e72ff26b12a2;;;;;;2026-08-23T00:00:00.000Z;2026-09-22T00:00:00.000Z;30;complete_coverage;19;2026-09-13T00:00:00.000Z;2026-09-13T23:59:59.000Z;5;1435
producer;producer_permission;Couche IGN_Sandbox-14 + Couche IGN_Sandbox-11 + Couche IGN_Sandbox-16 · IGN_Sandbox;Couche IGN_Sandbox-14 + Couche IGN_Sandbox-11 + Couche IGN_Sandbox-16;perm-f9f48417-4fd1-4948-a0d4-046242586fc6;IGN_Sandbox;ds-1a454e05-7963-4ca3-915d-e72ff26b12a2;;;;;;2026-08-23T00:00:00.000Z;2026-09-22T00:00:00.000Z;30;complete_coverage;20;2026-09-14T00:00:00.000Z;2026-09-14T23:59:59.000Z;8;1072
producer;producer_permission;Couche IGN_Sandbox-14 + Couche IGN_Sandbox-11 + Couche IGN_Sandbox-16 · IGN_Sandbox;Couche IGN_Sandbox-14 + Couche IGN_Sandbox-11 + Couche IGN_Sandbox-16;perm-f9f48417-4fd1-4948-a0d4-046242586fc6;IGN_Sandbox;ds-1a454e05-7963-4ca3-915d-e72ff26b12a2;;;;;;2026-08-23T00:00:00.000Z;2026-09-22T00:00:00.000Z;30;complete_coverage;21;2026-09-15T00:00:00.000Z;2026-09-15T23:59:59.000Z;7;658
producer;producer_permission;Couche IGN_Sandbox-14 + Couche IGN_Sandbox-11 + Couche IGN_Sandbox-16 · IGN_Sandbox;Couche IGN_Sandbox-14 + Couche IGN_Sandbox-11 + Couche IGN_Sandbox-16;perm-f9f48417-4fd1-4948-a0d4-046242586fc6;IGN_Sandbox;ds-1a454e05-7963-4ca3-915d-e72ff26b12a2;;;;;;2026-08-23T00:00:00.000Z;2026-09-22T00:00:00.000Z;30;complete_coverage;22;2026-09-16T00:00:00.000Z;2026-09-16T23:59:59.000Z;2;534
producer;producer_permission;Couche IGN_Sandbox-14 + Couche IGN_Sandbox-11 + Couche IGN_Sandbox-16 · IGN_Sandbox;Couche IGN_Sandbox-14 + Couche IGN_Sandbox-11 + Couche IGN_Sandbox-16;perm-f9f48417-4fd1-4948-a0d4-046242586fc6;IGN_Sandbox;ds-1a454e05-7963-4ca3-915d-e72ff26b12a2;;;;;;2026-08-23T00:00:00.000Z;2026-09-22T00:00:00.000Z;30;complete_coverage;23;2026-09-17T00:00:00.000Z;2026-09-17T23:59:59.000Z;7;1498
producer;producer_permission;Couche IGN_Sandbox-14 + Couche IGN_Sandbox-11 + Couche IGN_Sandbox-16 · IGN_Sandbox;Couche IGN_Sandbox-14 + Couche IGN_Sandbox-11 + Couche IGN_Sandbox-16;perm-f9f48417-4fd1-4948-a0d4-046242586fc6;IGN_Sandbox;ds-1a454e05-7963-4ca3-915d-e72ff26b12a2;;;;;;2026-08-23T00:00:00.000Z;2026-09-22T00:00:00.000Z;30;complete_coverage;24;2026-09-18T00:00:00.000Z;2026-09-18T23:59:59.000Z;2;604
producer;producer_permission;Couche IGN_Sandbox-14 + Couche IGN_Sandbox-11 + Couche IGN_Sandbox-16 · IGN_Sandbox;Couche IGN_Sandbox-14 + Couche IGN_Sandbox-11 + Couche IGN_Sandbox-16;perm-f9f48417-4fd1-4948-a0d4-046242586fc6;IGN_Sandbox;ds-1a454e05-7963-4ca3-915d-e72ff26b12a2;;;;;;2026-08-23T00:00:00.000Z;2026-09-22T00:00:00.000Z;30;complete_coverage;25;2026-09-19T00:00:00.000Z;2026-09-19T23:59:59.000Z;8;1536
producer;producer_permission;Couche IGN_Sandbox-14 + Couche IGN_Sandbox-11 + Couche IGN_Sandbox-16 · IGN_Sandbox;Couche IGN_Sandbox-14 + Couche IGN_Sandbox-11 + Couche IGN_Sandbox-16;perm-f9f48417-4fd1-4948-a0d4-046242586fc6;IGN_Sandbox;ds-1a454e05-7963-4ca3-915d-e72ff26b12a2;;;;;;2026-08-23T00:00:00.000Z;2026-09-22T00:00:00.000Z;30;complete_coverage;26;2026-09-20T00:00:00.000Z;2026-09-20T23:59:59.000Z;6;1356
producer;producer_permission;Couche IGN_Sandbox-14 + Couche IGN_Sandbox-11 + Couche IGN_Sandbox-16 · IGN_Sandbox;Couche IGN_Sandbox-14 + Couche IGN_Sandbox-11 + Couche IGN_Sandbox-16;perm-f9f48417-4fd1-4948-a0d4-046242586fc6;IGN_Sandbox;ds-1a454e05-7963-4ca3-915d-e72ff26b12a2;;;;;;2026-08-23T00:00:00.000Z;2026-09-22T00:00:00.000Z;30;complete_coverage;27;2026-09-21T00:00:00.000Z;2026-09-21T23:59:59.000Z;7;707
producer;producer_permission;Couche IGN_Sandbox-15 + Couche IGN_Sandbox-13 + Couche IGN_Sandbox-9 · IGN_Sandbox;Couche IGN_Sandbox-15 + Couche IGN_Sandbox-13 + Couche IGN_Sandbox-9;perm-e227ee42-b704-4400-8ffe-ad897b1bd078;IGN_Sandbox;ds-1a454e05-7963-4ca3-915d-e72ff26b12a2;;;;;;2026-08-23T00:00:00.000Z;2026-09-22T00:00:00.000Z;30;complete_coverage;1;2026-08-23T00:00:00.000Z;2026-08-23T23:59:59.000Z;4;988
producer;producer_permission;Couche IGN_Sandbox-15 + Couche IGN_Sandbox-13 + Couche IGN_Sandbox-9 · IGN_Sandbox;Couche IGN_Sandbox-15 + Couche IGN_Sandbox-13 + Couche IGN_Sandbox-9;perm-e227ee42-b704-4400-8ffe-ad897b1bd078;IGN_Sandbox;ds-1a454e05-7963-4ca3-915d-e72ff26b12a2;;;;;;2026-08-23T00:00:00.000Z;2026-09-22T00:00:00.000Z;30;complete_coverage;2;2026-08-24T00:00:00.000Z;2026-08-24T23:59:59.000Z;10;800
producer;producer_permission;Couche IGN_Sandbox-15 + Couche IGN_Sandbox-13 + Couche IGN_Sandbox-9 · IGN_Sandbox;Couche IGN_Sandbox-15 + Couche IGN_Sandbox-13 + Couche IGN_Sandbox-9;perm-e227ee42-b704-4400-8ffe-ad897b1bd078;IGN_Sandbox;ds-1a454e05-7963-4ca3-915d-e72ff26b12a2;;;;;;2026-08-23T00:00:00.000Z;2026-09-22T00:00:00.000Z;30;complete_coverage;3;2026-08-25T00:00:00.000Z;2026-08-25T23:59:59.000Z;9;1296
producer;producer_permission;Couche IGN_Sandbox-15 + Couche IGN_Sandbox-13 + Couche IGN_Sandbox-9 · IGN_Sandbox;Couche IGN_Sandbox-15 + Couche IGN_Sandbox-13 + Couche IGN_Sandbox-9;perm-e227ee42-b704-4400-8ffe-ad897b1bd078;IGN_Sandbox;ds-1a454e05-7963-4ca3-915d-e72ff26b12a2;;;;;;2026-08-23T00:00:00.000Z;2026-09-22T00:00:00.000Z;30;complete_coverage;4;2026-08-26T00:00:00.000Z;2026-08-26T23:59:59.000Z;8;1472
producer;producer_permission;Couche IGN_Sandbox-15 + Couche IGN_Sandbox-13 + Couche IGN_Sandbox-9 · IGN_Sandbox;Couche IGN_Sandbox-15 + Couche IGN_Sandbox-13 + Couche IGN_Sandbox-9;perm-e227ee42-b704-4400-8ffe-ad897b1bd078;IGN_Sandbox;ds-1a454e05-7963-4ca3-915d-e72ff26b12a2;;;;;;2026-08-23T00:00:00.000Z;2026-09-22T00:00:00.000Z;30;complete_coverage;5;2026-08-27T00:00:00.000Z;2026-08-27T23:59:59.000Z;2;248
producer;producer_permission;Couche IGN_Sandbox-15 + Couche IGN_Sandbox-13 + Couche IGN_Sandbox-9 · IGN_Sandbox;Couche IGN_Sandbox-15 + Couche IGN_Sandbox-13 + Couche IGN_Sandbox-9;perm-e227ee42-b704-4400-8ffe-ad897b1bd078;IGN_Sandbox;ds-1a454e05-7963-4ca3-915d-e72ff26b12a2;;;;;;2026-08-23T00:00:00.000Z;2026-09-22T00:00:00.000Z;30;complete_coverage;6;2026-08-28T00:00:00.000Z;2026-08-28T23:59:59.000Z;2;722
producer;producer_permission;Couche IGN_Sandbox-15 + Couche IGN_Sandbox-13 + Couche IGN_Sandbox-9 · IGN_Sandbox;Couche IGN_Sandbox-15 + Couche IGN_Sandbox-13 + Couche IGN_Sandbox-9;perm-e227ee42-b704-4400-8ffe-ad897b1bd078;IGN_Sandbox;ds-1a454e05-7963-4ca3-915d-e72ff26b12a2;;;;;;2026-08-23T00:00:00.000Z;2026-09-22T00:00:00.000Z;30;complete_coverage;7;2026-08-29T00:00:00.000Z;2026-08-29T23:59:59.000Z;7;749
producer;producer_permission;Couche IGN_Sandbox-15 + Couche IGN_Sandbox-13 + Couche IGN_Sandbox-9 · IGN_Sandbox;Couche IGN_Sandbox-15 + Couche IGN_Sandbox-13 + Couche IGN_Sandbox-9;perm-e227ee42-b704-4400-8ffe-ad897b1bd078;IGN_Sandbox;ds-1a454e05-7963-4ca3-915d-e72ff26b12a2;;;;;;2026-08-23T00:00:00.000Z;2026-09-22T00:00:00.000Z;30;complete_coverage;8;2026-08-30T00:00:00.000Z;2026-08-30T23:59:59.000Z;9;963
producer;producer_permission;Couche IGN_Sandbox-15 + Couche IGN_Sandbox-13 + Couche IGN_Sandbox-9 · IGN_Sandbox;Couche IGN_Sandbox-15 + Couche IGN_Sandbox-13 + Couche IGN_Sandbox-9;perm-e227ee42-b704-4400-8ffe-ad897b1bd078;IGN_Sandbox;ds-1a454e05-7963-4ca3-915d-e72ff26b12a2;;;;;;2026-08-23T00:00:00.000Z;2026-09-22T00:00:00.000Z;30;complete_coverage;9;2026-08-31T00:00:00.000Z;2026-08-31T23:59:59.000Z;2;658
producer;producer_permission;Couche IGN_Sandbox-15 + Couche IGN_Sandbox-13 + Couche IGN_Sandbox-9 · IGN_Sandbox;Couche IGN_Sandbox-15 + Couche IGN_Sandbox-13 + Couche IGN_Sandbox-9;perm-e227ee42-b704-4400-8ffe-ad897b1bd078;IGN_Sandbox;ds-1a454e05-7963-4ca3-915d-e72ff26b12a2;;;;;;2026-08-23T00:00:00.000Z;2026-09-22T00:00:00.000Z;30;complete_coverage;10;2026-09-01T00:00:00.000Z;2026-09-01T23:59:59.000Z;3;510
producer;producer_permission;Couche IGN_Sandbox-15 + Couche IGN_Sandbox-13 + Couche IGN_Sandbox-9 · IGN_Sandbox;Couche IGN_Sandbox-15 + Couche IGN_Sandbox-13 + Couche IGN_Sandbox-9;perm-e227ee42-b704-4400-8ffe-ad897b1bd078;IGN_Sandbox;ds-1a454e05-7963-4ca3-915d-e72ff26b12a2;;;;;;2026-08-23T00:00:00.000Z;2026-09-22T00:00:00.000Z;30;complete_coverage;11;2026-09-02T00:00:00.000Z;2026-09-02T23:59:59.000Z;2;724
producer;producer_permission;Couche IGN_Sandbox-15 + Couche IGN_Sandbox-13 + Couche IGN_Sandbox-9 · IGN_Sandbox;Couche IGN_Sandbox-15 + Couche IGN_Sandbox-13 + Couche IGN_Sandbox-9;perm-e227ee42-b704-4400-8ffe-ad897b1bd078;IGN_Sandbox;ds-1a454e05-7963-4ca3-915d-e72ff26b12a2;;;;;;2026-08-23T00:00:00.000Z;2026-09-22T00:00:00.000Z;30;complete_coverage;12;2026-09-03T00:00:00.000Z;2026-09-03T23:59:59.000Z;5;1415
producer;producer_permission;Couche IGN_Sandbox-15 + Couche IGN_Sandbox-13 + Couche IGN_Sandbox-9 · IGN_Sandbox;Couche IGN_Sandbox-15 + Couche IGN_Sandbox-13 + Couche IGN_Sandbox-9;perm-e227ee42-b704-4400-8ffe-ad897b1bd078;IGN_Sandbox;ds-1a454e05-7963-4ca3-915d-e72ff26b12a2;;;;;;2026-08-23T00:00:00.000Z;2026-09-22T00:00:00.000Z;30;complete_coverage;13;2026-09-04T00:00:00.000Z;2026-09-04T23:59:59.000Z;5;1510
producer;producer_permission;Couche IGN_Sandbox-15 + Couche IGN_Sandbox-13 + Couche IGN_Sandbox-9 · IGN_Sandbox;Couche IGN_Sandbox-15 + Couche IGN_Sandbox-13 + Couche IGN_Sandbox-9;perm-e227ee42-b704-4400-8ffe-ad897b1bd078;IGN_Sandbox;ds-1a454e05-7963-4ca3-915d-e72ff26b12a2;;;;;;2026-08-23T00:00:00.000Z;2026-09-22T00:00:00.000Z;30;complete_coverage;14;2026-09-05T00:00:00.000Z;2026-09-05T23:59:59.000Z;4;1360
producer;producer_permission;Couche IGN_Sandbox-15 + Couche IGN_Sandbox-13 + Couche IGN_Sandbox-9 · IGN_Sandbox;Couche IGN_Sandbox-15 + Couche IGN_Sandbox-13 + Couche IGN_Sandbox-9;perm-e227ee42-b704-4400-8ffe-ad897b1bd078;IGN_Sandbox;ds-1a454e05-7963-4ca3-915d-e72ff26b12a2;;;;;;2026-08-23T00:00:00.000Z;2026-09-22T00:00:00.000Z;30;complete_coverage;15;2026-09-06T00:00:00.000Z;2026-09-06T23:59:59.000Z;5;1285
producer;producer_permission;Couche IGN_Sandbox-15 + Couche IGN_Sandbox-13 + Couche IGN_Sandbox-9 · IGN_Sandbox;Couche IGN_Sandbox-15 + Couche IGN_Sandbox-13 + Couche IGN_Sandbox-9;perm-e227ee42-b704-4400-8ffe-ad897b1bd078;IGN_Sandbox;ds-1a454e05-7963-4ca3-915d-e72ff26b12a2;;;;;;2026-08-23T00:00:00.000Z;2026-09-22T00:00:00.000Z;30;complete_coverage;16;2026-09-07T00:00:00.000Z;2026-09-07T23:59:59.000Z;1;157
producer;producer_permission;Couche IGN_Sandbox-15 + Couche IGN_Sandbox-13 + Couche IGN_Sandbox-9 · IGN_Sandbox;Couche IGN_Sandbox-15 + Couche IGN_Sandbox-13 + Couche IGN_Sandbox-9;perm-e227ee42-b704-4400-8ffe-ad897b1bd078;IGN_Sandbox;ds-1a454e05-7963-4ca3-915d-e72ff26b12a2;;;;;;2026-08-23T00:00:00.000Z;2026-09-22T00:00:00.000Z;30;complete_coverage;17;2026-09-08T00:00:00.000Z;2026-09-08T23:59:59.000Z;6;858
producer;producer_permission;Couche IGN_Sandbox-15 + Couche IGN_Sandbox-13 + Couche IGN_Sandbox-9 · IGN_Sandbox;Couche IGN_Sandbox-15 + Couche IGN_Sandbox-13 + Couche IGN_Sandbox-9;perm-e227ee42-b704-4400-8ffe-ad897b1bd078;IGN_Sandbox;ds-1a454e05-7963-4ca3-915d-e72ff26b12a2;;;;;;2026-08-23T00:00:00.000Z;2026-09-22T00:00:00.000Z;30;complete_coverage;18;2026-09-09T00:00:00.000Z;2026-09-09T23:59:59.000Z;4;1508
producer;producer_permission;Couche IGN_Sandbox-15 + Couche IGN_Sandbox-13 + Couche IGN_Sandbox-9 · IGN_Sandbox;Couche IGN_Sandbox-15 + Couche IGN_Sandbox-13 + Couche IGN_Sandbox-9;perm-e227ee42-b704-4400-8ffe-ad897b1bd078;IGN_Sandbox;ds-1a454e05-7963-4ca3-915d-e72ff26b12a2;;;;;;2026-08-23T00:00:00.000Z;2026-09-22T00:00:00.000Z;30;complete_coverage;19;2026-09-10T00:00:00.000Z;2026-09-10T23:59:59.000Z;2;244
producer;producer_permission;Couche IGN_Sandbox-15 + Couche IGN_Sandbox-13 + Couche IGN_Sandbox-9 · IGN_Sandbox;Couche IGN_Sandbox-15 + Couche IGN_Sandbox-13 + Couche IGN_Sandbox-9;perm-e227ee42-b704-4400-8ffe-ad897b1bd078;IGN_Sandbox;ds-1a454e05-7963-4ca3-915d-e72ff26b12a2;;;;;;2026-08-23T00:00:00.000Z;2026-09-22T00:00:00.000Z;30;complete_coverage;20;2026-09-11T00:00:00.000Z;2026-09-11T23:59:59.000Z;3;474
producer;producer_permission;Couche IGN_Sandbox-15 + Couche IGN_Sandbox-13 + Couche IGN_Sandbox-9 · IGN_Sandbox;Couche IGN_Sandbox-15 + Couche IGN_Sandbox-13 + Couche IGN_Sandbox-9;perm-e227ee42-b704-4400-8ffe-ad897b1bd078;IGN_Sandbox;ds-1a454e05-7963-4ca3-915d-e72ff26b12a2;;;;;;2026-08-23T00:00:00.000Z;2026-09-22T00:00:00.000Z;30;complete_coverage;21;2026-09-12T00:00:00.000Z;2026-09-12T23:59:59.000Z;7;1512
producer;producer_permission;Couche IGN_Sandbox-15 + Couche IGN_Sandbox-13 + Couche IGN_Sandbox-9 · IGN_Sandbox;Couche IGN_Sandbox-15 + Couche IGN_Sandbox-13 + Couche IGN_Sandbox-9;perm-e227ee42-b704-4400-8ffe-ad897b1bd078;IGN_Sandbox;ds-1a454e05-7963-4ca3-915d-e72ff26b12a2;;;;;;2026-08-23T00:00:00.000Z;2026-09-22T00:00:00.000Z;30;complete_coverage;22;2026-09-13T00:00:00.000Z;2026-09-13T23:59:59.000Z;3;1095
producer;producer_permission;Couche IGN_Sandbox-15 + Couche IGN_Sandbox-13 + Couche IGN_Sandbox-9 · IGN_Sandbox;Couche IGN_Sandbox-15 + Couche IGN_Sandbox-13 + Couche IGN_Sandbox-9;perm-e227ee42-b704-4400-8ffe-ad897b1bd078;IGN_Sandbox;ds-1a454e05-7963-4ca3-915d-e72ff26b12a2;;;;;;2026-08-23T00:00:00.000Z;2026-09-22T00:00:00.000Z;30;complete_coverage;23;2026-09-14T00:00:00.000Z;2026-09-14T23:59:59.000Z;2;670
producer;producer_permission;Couche IGN_Sandbox-15 + Couche IGN_Sandbox-13 + Couche IGN_Sandbox-9 · IGN_Sandbox;Couche IGN_Sandbox-15 + Couche IGN_Sandbox-13 + Couche IGN_Sandbox-9;perm-e227ee42-b704-4400-8ffe-ad897b1bd078;IGN_Sandbox;ds-1a454e05-7963-4ca3-915d-e72ff26b12a2;;;;;;2026-08-23T00:00:00.000Z;2026-09-22T00:00:00.000Z;30;complete_coverage;24;2026-09-15T00:00:00.000Z;2026-09-15T23:59:59.000Z;1;379
producer;producer_permission;Couche IGN_Sandbox-15 + Couche IGN_Sandbox-13 + Couche IGN_Sandbox-9 · IGN_Sandbox;Couche IGN_Sandbox-15 + Couche IGN_Sandbox-13 + Couche IGN_Sandbox-9;perm-e227ee42-b704-4400-8ffe-ad897b1bd078;IGN_Sandbox;ds-1a454e05-7963-4ca3-915d-e72ff26b12a2;;;;;;2026-08-23T00:00:00.000Z;2026-09-22T00:00:00.000Z;30;complete_coverage;25;2026-09-16T00:00:00.000Z;2026-09-16T23:59:59.000Z;9;1953
producer;producer_permission;Couche IGN_Sandbox-15 + Couche IGN_Sandbox-13 + Couche IGN_Sandbox-9 · IGN_Sandbox;Couche IGN_Sandbox-15 + Couche IGN_Sandbox-13 + Couche IGN_Sandbox-9;perm-e227ee42-b704-4400-8ffe-ad897b1bd078;IGN_Sandbox;ds-1a454e05-7963-4ca3-915d-e72ff26b12a2;;;;;;2026-08-23T00:00:00.000Z;2026-09-22T00:00:00.000Z;30;complete_coverage;26;2026-09-17T00:00:00.000Z;2026-09-17T23:59:59.000Z;9;1530
producer;producer_permission;Couche IGN_Sandbox-15 + Couche IGN_Sandbox-13 + Couche IGN_Sandbox-9 · IGN_Sandbox;Couche IGN_Sandbox-15 + Couche IGN_Sandbox-13 + Couche IGN_Sandbox-9;perm-e227ee42-b704-4400-8ffe-ad897b1bd078;IGN_Sandbox;ds-1a454e05-7963-4ca3-915d-e72ff26b12a2;;;;;;2026-08-23T00:00:00.000Z;2026-09-22T00:00:00.000Z;30;complete_coverage;27;2026-09-18T00:00:00.000Z;2026-09-18T23:59:59.000Z;4;668
producer;producer_permission;Couche IGN_Sandbox-15 + Couche IGN_Sandbox-13 + Couche IGN_Sandbox-9 · IGN_Sandbox;Couche IGN_Sandbox-15 + Couche IGN_Sandbox-13 + Couche IGN_Sandbox-9;perm-e227ee42-b704-4400-8ffe-ad897b1bd078;IGN_Sandbox;ds-1a454e05-7963-4ca3-915d-e72ff26b12a2;;;;;;2026-08-23T00:00:00.000Z;2026-09-22T00:00:00.000Z;30;complete_coverage;28;2026-09-19T00:00:00.000Z;2026-09-19T23:59:59.000Z;3;372
producer;producer_permission;Couche IGN_Sandbox-15 + Couche IGN_Sandbox-13 + Couche IGN_Sandbox-9 · IGN_Sandbox;Couche IGN_Sandbox-15 + Couche IGN_Sandbox-13 + Couche IGN_Sandbox-9;perm-e227ee42-b704-4400-8ffe-ad897b1bd078;IGN_Sandbox;ds-1a454e05-7963-4ca3-915d-e72ff26b12a2;;;;;;2026-08-23T00:00:00.000Z;2026-09-22T00:00:00.000Z;30;complete_coverage;29;2026-09-20T00:00:00.000Z;2026-09-20T23:59:59.000Z;2;476
producer;producer_permission;Couche IGN_Sandbox-15 + Couche IGN_Sandbox-13 + Couche IGN_Sandbox-9 · IGN_Sandbox;Couche IGN_Sandbox-15 + Couche IGN_Sandbox-13 + Couche IGN_Sandbox-9;perm-e227ee42-b704-4400-8ffe-ad897b1bd078;IGN_Sandbox;ds-1a454e05-7963-4ca3-915d-e72ff26b12a2;;;;;;2026-08-23T00:00:00.000Z;2026-09-22T00:00:00.000Z;30;complete_coverage;30;2026-09-21T00:00:00.000Z;2026-09-21T23:59:59.000Z;1;120
consumer;consumer_permission;Couche IGN_Prod-12 + Couche IGN_Prod-14 + Couche IGN_Sandbox-3 + Couche IGN_Recette-11;Couche IGN_Prod-12 + Couche IGN_Prod-14 + Couche IGN_Sandbox-3 + Couche IGN_Recette-11;perm-34edcb54-76ac-49b5-9769-2cbc92286903;;;;;;;WMTS-TMS;2026-08-23T00:00:00.000Z;2026-09-22T00:00:00.000Z;30;complete_coverage;1;2026-08-23T00:00:00.000Z;2026-08-23T23:59:59.000Z;3;537
consumer;consumer_permission;Couche IGN_Prod-12 + Couche IGN_Prod-14 + Couche IGN_Sandbox-3 + Couche IGN_Recette-11;Couche IGN_Prod-12 + Couche IGN_Prod-14 + Couche IGN_Sandbox-3 + Couche IGN_Recette-11;perm-34edcb54-76ac-49b5-9769-2cbc92286903;;;;;;;WMTS-TMS;2026-08-23T00:00:00.000Z;2026-09-22T00:00:00.000Z;30;complete_coverage;2;2026-08-24T00:00:00.000Z;2026-08-24T23:59:59.000Z;3;516
consumer;consumer_permission;Couche IGN_Prod-12 + Couche IGN_Prod-14 + Couche IGN_Sandbox-3 + Couche IGN_Recette-11;Couche IGN_Prod-12 + Couche IGN_Prod-14 + Couche IGN_Sandbox-3 + Couche IGN_Recette-11;perm-34edcb54-76ac-49b5-9769-2cbc92286903;;;;;;;WMTS-TMS;2026-08-23T00:00:00.000Z;2026-09-22T00:00:00.000Z;30;complete_coverage;3;2026-08-25T00:00:00.000Z;2026-08-25T23:59:59.000Z;11;2992
consumer;consumer_permission;Couche IGN_Prod-12 + Couche IGN_Prod-14 + Couche IGN_Sandbox-3 + Couche IGN_Recette-11;Couche IGN_Prod-12 + Couche IGN_Prod-14 + Couche IGN_Sandbox-3 + Couche IGN_Recette-11;perm-34edcb54-76ac-49b5-9769-2cbc92286903;;;;;;;WMTS-TMS;2026-08-23T00:00:00.000Z;2026-09-22T00:00:00.000Z;30;complete_coverage;4;2026-08-26T00:00:00.000Z;2026-08-26T23:59:59.000Z;6;600
consumer;consumer_permission;Couche IGN_Prod-12 + Couche IGN_Prod-14 + Couche IGN_Sandbox-3 + Couche IGN_Recette-11;Couche IGN_Prod-12 + Couche IGN_Prod-14 + Couche IGN_Sandbox-3 + Couche IGN_Recette-11;perm-34edcb54-76ac-49b5-9769-2cbc92286903;;;;;;;WMTS-TMS;2026-08-23T00:00:00.000Z;2026-09-22T00:00:00.000Z;30;complete_coverage;5;2026-08-27T00:00:00.000Z;2026-08-27T23:59:59.000Z;4;548
consumer;consumer_permission;Couche IGN_Prod-12 + Couche IGN_Prod-14 + Couche IGN_Sandbox-3 + Couche IGN_Recette-11;Couche IGN_Prod-12 + Couche IGN_Prod-14 + Couche IGN_Sandbox-3 + Couche IGN_Recette-11;perm-34edcb54-76ac-49b5-9769-2cbc92286903;;;;;;;WMTS-TMS;2026-08-23T00:00:00.000Z;2026-09-22T00:00:00.000Z;30;complete_coverage;6;2026-08-28T00:00:00.000Z;2026-08-28T23:59:59.000Z;3;879
consumer;consumer_permission;Couche IGN_Prod-12 + Couche IGN_Prod-14 + Couche IGN_Sandbox-3 + Couche IGN_Recette-11;Couche IGN_Prod-12 + Couche IGN_Prod-14 + Couche IGN_Sandbox-3 + Couche IGN_Recette-11;perm-34edcb54-76ac-49b5-9769-2cbc92286903;;;;;;;WMTS-TMS;2026-08-23T00:00:00.000Z;2026-09-22T00:00:00.000Z;30;complete_coverage;7;2026-08-29T00:00:00.000Z;2026-08-29T23:59:59.000Z;11;4158
consumer;consumer_permission;Couche IGN_Prod-12 + Couche IGN_Prod-14 + Couche IGN_Sandbox-3 + Couche IGN_Recette-11;Couche IGN_Prod-12 + Couche IGN_Prod-14 + Couche IGN_Sandbox-3 + Couche IGN_Recette-11;perm-34edcb54-76ac-49b5-9769-2cbc92286903;;;;;;;WMTS-TMS;2026-08-23T00:00:00.000Z;2026-09-22T00:00:00.000Z;30;complete_coverage;8;2026-08-30T00:00:00.000Z;2026-08-30T23:59:59.000Z;9;1395
consumer;consumer_permission;Couche IGN_Prod-12 + Couche IGN_Prod-14 + Couche IGN_Sandbox-3 + Couche IGN_Recette-11;Couche IGN_Prod-12 + Couche IGN_Prod-14 + Couche IGN_Sandbox-3 + Couche IGN_Recette-11;perm-34edcb54-76ac-49b5-9769-2cbc92286903;;;;;;;WMTS-TMS;2026-08-23T00:00:00.000Z;2026-09-22T00:00:00.000Z;30;complete_coverage;9;2026-08-31T00:00:00.000Z;2026-08-31T23:59:59.000Z;6;480
consumer;consumer_permission;Couche IGN_Prod-12 + Couche IGN_Prod-14 + Couche IGN_Sandbox-3 + Couche IGN_Recette-11;Couche IGN_Prod-12 + Couche IGN_Prod-14 + Couche IGN_Sandbox-3 + Couche IGN_Recette-11;perm-34edcb54-76ac-49b5-9769-2cbc92286903;;;;;;;WMTS-TMS;2026-08-23T00:00:00.000Z;2026-09-22T00:00:00.000Z;30;complete_coverage;10;2026-09-01T00:00:00.000Z;2026-09-01T23:59:59.000Z;12;3360
consumer;consumer_permission;Couche IGN_Prod-12 + Couche IGN_Prod-14 + Couche IGN_Sandbox-3 + Couche IGN_Recette-11;Couche IGN_Prod-12 + Couche IGN_Prod-14 + Couche IGN_Sandbox-3 + Couche IGN_Recette-11;perm-34edcb54-76ac-49b5-9769-2cbc92286903;;;;;;;WMTS-TMS;2026-08-23T00:00:00.000Z;2026-09-22T00:00:00.000Z;30;complete_coverage;11;2026-09-02T00:00:00.000Z;2026-09-02T23:59:59.000Z;4;404
consumer;consumer_permission;Couche IGN_Prod-12 + Couche IGN_Prod-14 + Couche IGN_Sandbox-3 + Couche IGN_Recette-11;Couche IGN_Prod-12 + Couche IGN_Prod-14 + Couche IGN_Sandbox-3 + Couche IGN_Recette-11;perm-34edcb54-76ac-49b5-9769-2cbc92286903;;;;;;;WMTS-TMS;2026-08-23T00:00:00.000Z;2026-09-22T00:00:00.000Z;30;complete_coverage;12;2026-09-03T00:00:00.000Z;2026-09-03T23:59:59.000Z;7;2198
consumer;consumer_permission;Couche IGN_Prod-12 + Couche IGN_Prod-14 + Couche IGN_Sandbox-3 + Couche IGN_Recette-11;Couche IGN_Prod-12 + Couche IGN_Prod-14 + Couche IGN_Sandbox-3 + Couche IGN_Recette-11;perm-34edcb54-76ac-49b5-9769-2cbc92286903;;;;;;;WMTS-TMS;2026-08-23T00:00:00.000Z;2026-09-22T00:00:00.000Z;30;complete_coverage;13;2026-09-04T00:00:00.000Z;2026-09-04T23:59:59.000Z;12;4272
consumer;consumer_permission;Couche IGN_Prod-12 + Couche IGN_Prod-14 + Couche IGN_Sandbox-3 + Couche IGN_Recette-11;Couche IGN_Prod-12 + Couche IGN_Prod-14 + Couche IGN_Sandbox-3 + Couche IGN_Recette-11;perm-34edcb54-76ac-49b5-9769-2cbc92286903;;;;;;;WMTS-TMS;2026-08-23T00:00:00.000Z;2026-09-22T00:00:00.000Z;30;complete_coverage;14;2026-09-05T00:00:00.000Z;2026-09-05T23:59:59.000Z;4;1524
consumer;consumer_permission;Couche IGN_Prod-12 + Couche IGN_Prod-14 + Couche IGN_Sandbox-3 + Couche IGN_Recette-11;Couche IGN_Prod-12 + Couche IGN_Prod-14 + Couche IGN_Sandbox-3 + Couche IGN_Recette-11;perm-34edcb54-76ac-49b5-9769-2cbc92286903;;;;;;;WMTS-TMS;2026-08-23T00:00:00.000Z;2026-09-22T00:00:00.000Z;30;complete_coverage;15;2026-09-06T00:00:00.000Z;2026-09-06T23:59:59.000Z;12;2292
consumer;consumer_permission;Couche IGN_Prod-12 + Couche IGN_Prod-14 + Couche IGN_Sandbox-3 + Couche IGN_Recette-11;Couche IGN_Prod-12 + Couche IGN_Prod-14 + Couche IGN_Sandbox-3 + Couche IGN_Recette-11;perm-34edcb54-76ac-49b5-9769-2cbc92286903;;;;;;;WMTS-TMS;2026-08-23T00:00:00.000Z;2026-09-22T00:00:00.000Z;30;complete_coverage;16;2026-09-07T00:00:00.000Z;2026-09-07T23:59:59.000Z;4;1136
consumer;consumer_permission;Couche IGN_Prod-12 + Couche IGN_Prod-14 + Couche IGN_Sandbox-3 + Couche IGN_Recette-11;Couche IGN_Prod-12 + Couche IGN_Prod-14 + Couche IGN_Sandbox-3 + Couche IGN_Recette-11;perm-34edcb54-76ac-49b5-9769-2cbc92286903;;;;;;;WMTS-TMS;2026-08-23T00:00:00.000Z;2026-09-22T00:00:00.000Z;30;complete_coverage;17;2026-09-08T00:00:00.000Z;2026-09-08T23:59:59.000Z;10;3370
consumer;consumer_permission;Couche IGN_Prod-12 + Couche IGN_Prod-14 + Couche IGN_Sandbox-3 + Couche IGN_Recette-11;Couche IGN_Prod-12 + Couche IGN_Prod-14 + Couche IGN_Sandbox-3 + Couche IGN_Recette-11;perm-34edcb54-76ac-49b5-9769-2cbc92286903;;;;;;;WMTS-TMS;2026-08-23T00:00:00.000Z;2026-09-22T00:00:00.000Z;30;complete_coverage;18;2026-09-09T00:00:00.000Z;2026-09-09T23:59:59.000Z;9;2358
consumer;consumer_permission;Couche IGN_Prod-12 + Couche IGN_Prod-14 + Couche IGN_Sandbox-3 + Couche IGN_Recette-11;Couche IGN_Prod-12 + Couche IGN_Prod-14 + Couche IGN_Sandbox-3 + Couche IGN_Recette-11;perm-34edcb54-76ac-49b5-9769-2cbc92286903;;;;;;;WMTS-TMS;2026-08-23T00:00:00.000Z;2026-09-22T00:00:00.000Z;30;complete_coverage;19;2026-09-10T00:00:00.000Z;2026-09-10T23:59:59.000Z;11;2376
consumer;consumer_permission;Couche IGN_Prod-12 + Couche IGN_Prod-14 + Couche IGN_Sandbox-3 + Couche IGN_Recette-11;Couche IGN_Prod-12 + Couche IGN_Prod-14 + Couche IGN_Sandbox-3 + Couche IGN_Recette-11;perm-34edcb54-76ac-49b5-9769-2cbc92286903;;;;;;;WMTS-TMS;2026-08-23T00:00:00.000Z;2026-09-22T00:00:00.000Z;30;complete_coverage;20;2026-09-11T00:00:00.000Z;2026-09-11T23:59:59.000Z;3;312
consumer;consumer_permission;Couche IGN_Prod-12 + Couche IGN_Prod-14 + Couche IGN_Sandbox-3 + Couche IGN_Recette-11;Couche IGN_Prod-12 + Couche IGN_Prod-14 + Couche IGN_Sandbox-3 + Couche IGN_Recette-11;perm-34edcb54-76ac-49b5-9769-2cbc92286903;;;;;;;WMTS-TMS;2026-08-23T00:00:00.000Z;2026-09-22T00:00:00.000Z;30;complete_coverage;21;2026-09-12T00:00:00.000Z;2026-09-12T23:59:59.000Z;8;1216
consumer;consumer_permission;Couche IGN_Prod-12 + Couche IGN_Prod-14 + Couche IGN_Sandbox-3 + Couche IGN_Recette-11;Couche IGN_Prod-12 + Couche IGN_Prod-14 + Couche IGN_Sandbox-3 + Couche IGN_Recette-11;perm-34edcb54-76ac-49b5-9769-2cbc92286903;;;;;;;WMTS-TMS;2026-08-23T00:00:00.000Z;2026-09-22T00:00:00.000Z;30;complete_coverage;22;2026-09-13T00:00:00.000Z;2026-09-13T23:59:59.000Z;5;1130
consumer;consumer_permission;Couche IGN_Prod-12 + Couche IGN_Prod-14 + Couche IGN_Sandbox-3 + Couche IGN_Recette-11;Couche IGN_Prod-12 + Couche IGN_Prod-14 + Couche IGN_Sandbox-3 + Couche IGN_Recette-11;perm-34edcb54-76ac-49b5-9769-2cbc92286903;;;;;;;WMTS-TMS;2026-08-23T00:00:00.000Z;2026-09-22T00:00:00.000Z;30;complete_coverage;23;2026-09-14T00:00:00.000Z;2026-09-14T23:59:59.000Z;10;3950
consumer;consumer_permission;Couche IGN_Prod-12 + Couche IGN_Prod-14 + Couche IGN_Sandbox-3 + Couche IGN_Recette-11;Couche IGN_Prod-12 + Couche IGN_Prod-14 + Couche IGN_Sandbox-3 + Couche IGN_Recette-11;perm-34edcb54-76ac-49b5-9769-2cbc92286903;;;;;;;WMTS-TMS;2026-08-23T00:00:00.000Z;2026-09-22T00:00:00.000Z;30;complete_coverage;24;2026-09-15T00:00:00.000Z;2026-09-15T23:59:59.000Z;11;3773
consumer;consumer_permission;Couche IGN_Prod-12 + Couche IGN_Prod-14 + Couche IGN_Sandbox-3 + Couche IGN_Recette-11;Couche IGN_Prod-12 + Couche IGN_Prod-14 + Couche IGN_Sandbox-3 + Couche IGN_Recette-11;perm-34edcb54-76ac-49b5-9769-2cbc92286903;;;;;;;WMTS-TMS;2026-08-23T00:00:00.000Z;2026-09-22T00:00:00.000Z;30;complete_coverage;25;2026-09-16T00:00:00.000Z;2026-09-16T23:59:59.000Z;8;1064
consumer;consumer_permission;Couche IGN_Prod-12 + Couche IGN_Prod-14 + Couche IGN_Sandbox-3 + Couche IGN_Recette-11;Couche IGN_Prod-12 + Couche IGN_Prod-14 + Couche IGN_Sandbox-3 + Couche IGN_Recette-11;perm-34edcb54-76ac-49b5-9769-2cbc92286903;;;;;;;WMTS-TMS;2026-08-23T00:00:00.000Z;2026-09-22T00:00:00.000Z;30;complete_coverage;26;2026-09-17T00:00:00.000Z;2026-09-17T23:59:59.000Z;3;357
consumer;consumer_permission;Couche IGN_Prod-12 + Couche IGN_Prod-14 + Couche IGN_Sandbox-3 + Couche IGN_Recette-11;Couche IGN_Prod-12 + Couche IGN_Prod-14 + Couche IGN_Sandbox-3 + Couche IGN_Recette-11;perm-34edcb54-76ac-49b5-9769-2cbc92286903;;;;;;;WMTS-TMS;2026-08-23T00:00:00.000Z;2026-09-22T00:00:00.000Z;30;complete_coverage;27;2026-09-18T00:00:00.000Z;2026-09-18T23:59:59.000Z;11;1045
consumer;consumer_permission;Couche IGN_Prod-12 + Couche IGN_Prod-14 + Couche IGN_Sandbox-3 + Couche IGN_Recette-11;Couche IGN_Prod-12 + Couche IGN_Prod-14 + Couche IGN_Sandbox-3 + Couche IGN_Recette-11;perm-34edcb54-76ac-49b5-9769-2cbc92286903;;;;;;;WMTS-TMS;2026-08-23T00:00:00.000Z;2026-09-22T00:00:00.000Z;30;complete_coverage;28;2026-09-19T00:00:00.000Z;2026-09-19T23:59:59.000Z;10;1200
consumer;consumer_permission;Couche IGN_Prod-12 + Couche IGN_Prod-14 + Couche IGN_Sandbox-3 + Couche IGN_Recette-11;Couche IGN_Prod-12 + Couche IGN_Prod-14 + Couche IGN_Sandbox-3 + Couche IGN_Recette-11;perm-34edcb54-76ac-49b5-9769-2cbc92286903;;;;;;;WMTS-TMS;2026-08-23T00:00:00.000Z;2026-09-22T00:00:00.000Z;30;complete_coverage;29;2026-09-20T00:00:00.000Z;2026-09-20T23:59:59.000Z;9;2232
consumer;consumer_permission;Couche IGN_Prod-12 + Couche IGN_Prod-14 + Couche IGN_Sandbox-3 + Couche IGN_Recette-11;Couche IGN_Prod-12 + Couche IGN_Prod-14 + Couche IGN_Sandbox-3 + Couche IGN_Recette-11;perm-34edcb54-76ac-49b5-9769-2cbc92286903;;;;;;;WMTS-TMS;2026-08-23T00:00:00.000Z;2026-09-22T00:00:00.000Z;30;complete_coverage;30;2026-09-21T00:00:00.000Z;2026-09-21T23:59:59.000Z;3;510
consumer;consumer_permission;Couche IGN_Sandbox-11 + Couche IGN_Sandbox-14 + Couche IGN_Sandbox-13 + Couche IGN_Prod-22;Couche IGN_Sandbox-11 + Couche IGN_Sandbox-14 + Couche IGN_Sandbox-13 + Couche IGN_Prod-22;perm-e2c1da02-3163-4b4a-85e0-b501ce25e65b;;;;;;;WMS-VECTOR;2026-08-23T00:00:00.000Z;2026-09-22T00:00:00.000Z;30;partial_coverage;1;2026-08-23T00:00:00.000Z;2026-08-23T23:59:59.000Z;9;2745
consumer;consumer_permission;Couche IGN_Sandbox-11 + Couche IGN_Sandbox-14 + Couche IGN_Sandbox-13 + Couche IGN_Prod-22;Couche IGN_Sandbox-11 + Couche IGN_Sandbox-14 + Couche IGN_Sandbox-13 + Couche IGN_Prod-22;perm-e2c1da02-3163-4b4a-85e0-b501ce25e65b;;;;;;;WMS-VECTOR;2026-08-23T00:00:00.000Z;2026-09-22T00:00:00.000Z;30;partial_coverage;2;2026-08-25T00:00:00.000Z;2026-08-25T23:59:59.000Z;8;1512
consumer;consumer_permission;Couche IGN_Sandbox-11 + Couche IGN_Sandbox-14 + Couche IGN_Sandbox-13 + Couche IGN_Prod-22;Couche IGN_Sandbox-11 + Couche IGN_Sandbox-14 + Couche IGN_Sandbox-13 + Couche IGN_Prod-22;perm-e2c1da02-3163-4b4a-85e0-b501ce25e65b;;;;;;;WMS-VECTOR;2026-08-23T00:00:00.000Z;2026-09-22T00:00:00.000Z;30;partial_coverage;3;2026-08-27T00:00:00.000Z;2026-08-27T23:59:59.000Z;9;2808
consumer;consumer_permission;Couche IGN_Sandbox-11 + Couche IGN_Sandbox-14 + Couche IGN_Sandbox-13 + Couche IGN_Prod-22;Couche IGN_Sandbox-11 + Couche IGN_Sandbox-14 + Couche IGN_Sandbox-13 + Couche IGN_Prod-22;perm-e2c1da02-3163-4b4a-85e0-b501ce25e65b;;;;;;;WMS-VECTOR;2026-08-23T00:00:00.000Z;2026-09-22T00:00:00.000Z;30;partial_coverage;4;2026-08-28T00:00:00.000Z;2026-08-28T23:59:59.000Z;4;356
consumer;consumer_permission;Couche IGN_Sandbox-11 + Couche IGN_Sandbox-14 + Couche IGN_Sandbox-13 + Couche IGN_Prod-22;Couche IGN_Sandbox-11 + Couche IGN_Sandbox-14 + Couche IGN_Sandbox-13 + Couche IGN_Prod-22;perm-e2c1da02-3163-4b4a-85e0-b501ce25e65b;;;;;;;WMS-VECTOR;2026-08-23T00:00:00.000Z;2026-09-22T00:00:00.000Z;30;partial_coverage;5;2026-08-29T00:00:00.000Z;2026-08-29T23:59:59.000Z;5;550
consumer;consumer_permission;Couche IGN_Sandbox-11 + Couche IGN_Sandbox-14 + Couche IGN_Sandbox-13 + Couche IGN_Prod-22;Couche IGN_Sandbox-11 + Couche IGN_Sandbox-14 + Couche IGN_Sandbox-13 + Couche IGN_Prod-22;perm-e2c1da02-3163-4b4a-85e0-b501ce25e65b;;;;;;;WMS-VECTOR;2026-08-23T00:00:00.000Z;2026-09-22T00:00:00.000Z;30;partial_coverage;6;2026-08-30T00:00:00.000Z;2026-08-30T23:59:59.000Z;3;1080
consumer;consumer_permission;Couche IGN_Sandbox-11 + Couche IGN_Sandbox-14 + Couche IGN_Sandbox-13 + Couche IGN_Prod-22;Couche IGN_Sandbox-11 + Couche IGN_Sandbox-14 + Couche IGN_Sandbox-13 + Couche IGN_Prod-22;perm-e2c1da02-3163-4b4a-85e0-b501ce25e65b;;;;;;;WMS-VECTOR;2026-08-23T00:00:00.000Z;2026-09-22T00:00:00.000Z;30;partial_coverage;7;2026-09-01T00:00:00.000Z;2026-09-01T23:59:59.000Z;4;940
consumer;consumer_permission;Couche IGN_Sandbox-11 + Couche IGN_Sandbox-14 + Couche IGN_Sandbox-13 + Couche IGN_Prod-22;Couche IGN_Sandbox-11 + Couche IGN_Sandbox-14 + Couche IGN_Sandbox-13 + Couche IGN_Prod-22;perm-e2c1da02-3163-4b4a-85e0-b501ce25e65b;;;;;;;WMS-VECTOR;2026-08-23T00:00:00.000Z;2026-09-22T00:00:00.000Z;30;partial_coverage;8;2026-09-02T00:00:00.000Z;2026-09-02T23:59:59.000Z;1;290
consumer;consumer_permission;Couche IGN_Sandbox-11 + Couche IGN_Sandbox-14 + Couche IGN_Sandbox-13 + Couche IGN_Prod-22;Couche IGN_Sandbox-11 + Couche IGN_Sandbox-14 + Couche IGN_Sandbox-13 + Couche IGN_Prod-22;perm-e2c1da02-3163-4b4a-85e0-b501ce25e65b;;;;;;;WMS-VECTOR;2026-08-23T00:00:00.000Z;2026-09-22T00:00:00.000Z;30;partial_coverage;9;2026-09-03T00:00:00.000Z;2026-09-03T23:59:59.000Z;8;2840
consumer;consumer_permission;Couche IGN_Sandbox-11 + Couche IGN_Sandbox-14 + Couche IGN_Sandbox-13 + Couche IGN_Prod-22;Couche IGN_Sandbox-11 + Couche IGN_Sandbox-14 + Couche IGN_Sandbox-13 + Couche IGN_Prod-22;perm-e2c1da02-3163-4b4a-85e0-b501ce25e65b;;;;;;;WMS-VECTOR;2026-08-23T00:00:00.000Z;2026-09-22T00:00:00.000Z;30;partial_coverage;10;2026-09-04T00:00:00.000Z;2026-09-04T23:59:59.000Z;3;1089
consumer;consumer_permission;Couche IGN_Sandbox-11 + Couche IGN_Sandbox-14 + Couche IGN_Sandbox-13 + Couche IGN_Prod-22;Couche IGN_Sandbox-11 + Couche IGN_Sandbox-14 + Couche IGN_Sandbox-13 + Couche IGN_Prod-22;perm-e2c1da02-3163-4b4a-85e0-b501ce25e65b;;;;;;;WMS-VECTOR;2026-08-23T00:00:00.000Z;2026-09-22T00:00:00.000Z;30;partial_coverage;11;2026-09-05T00:00:00.000Z;2026-09-05T23:59:59.000Z;8;2864
consumer;consumer_permission;Couche IGN_Sandbox-11 + Couche IGN_Sandbox-14 + Couche IGN_Sandbox-13 + Couche IGN_Prod-22;Couche IGN_Sandbox-11 + Couche IGN_Sandbox-14 + Couche IGN_Sandbox-13 + Couche IGN_Prod-22;perm-e2c1da02-3163-4b4a-85e0-b501ce25e65b;;;;;;;WMS-VECTOR;2026-08-23T00:00:00.000Z;2026-09-22T00:00:00.000Z;30;partial_coverage;12;2026-09-06T00:00:00.000Z;2026-09-06T23:59:59.000Z;7;1799
consumer;consumer_permission;Couche IGN_Sandbox-11 + Couche IGN_Sandbox-14 + Couche IGN_Sandbox-13 + Couche IGN_Prod-22;Couche IGN_Sandbox-11 + Couche IGN_Sandbox-14 + Couche IGN_Sandbox-13 + Couche IGN_Prod-22;perm-e2c1da02-3163-4b4a-85e0-b501ce25e65b;;;;;;;WMS-VECTOR;2026-08-23T00:00:00.000Z;2026-09-22T00:00:00.000Z;30;partial_coverage;13;2026-09-07T00:00:00.000Z;2026-09-07T23:59:59.000Z;1;191
consumer;consumer_permission;Couche IGN_Sandbox-11 + Couche IGN_Sandbox-14 + Couche IGN_Sandbox-13 + Couche IGN_Prod-22;Couche IGN_Sandbox-11 + Couche IGN_Sandbox-14 + Couche IGN_Sandbox-13 + Couche IGN_Prod-22;perm-e2c1da02-3163-4b4a-85e0-b501ce25e65b;;;;;;;WMS-VECTOR;2026-08-23T00:00:00.000Z;2026-09-22T00:00:00.000Z;30;partial_coverage;14;2026-09-08T00:00:00.000Z;2026-09-08T23:59:59.000Z;3;885
consumer;consumer_permission;Couche IGN_Sandbox-11 + Couche IGN_Sandbox-14 + Couche IGN_Sandbox-13 + Couche IGN_Prod-22;Couche IGN_Sandbox-11 + Couche IGN_Sandbox-14 + Couche IGN_Sandbox-13 + Couche IGN_Prod-22;perm-e2c1da02-3163-4b4a-85e0-b501ce25e65b;;;;;;;WMS-VECTOR;2026-08-23T00:00:00.000Z;2026-09-22T00:00:00.000Z;30;partial_coverage;15;2026-09-09T00:00:00.000Z;2026-09-09T23:59:59.000Z;5;1765
consumer;consumer_permission;Couche IGN_Sandbox-11 + Couche IGN_Sandbox-14 + Couche IGN_Sandbox-13 + Couche IGN_Prod-22;Couche IGN_Sandbox-11 + Couche IGN_Sandbox-14 + Couche IGN_Sandbox-13 + Couche IGN_Prod-22;perm-e2c1da02-3163-4b4a-85e0-b501ce25e65b;;;;;;;WMS-VECTOR;2026-08-23T00:00:00.000Z;2026-09-22T00:00:00.000Z;30;partial_coverage;16;2026-09-11T00:00:00.000Z;2026-09-11T23:59:59.000Z;5;1495
consumer;consumer_permission;Couche IGN_Sandbox-11 + Couche IGN_Sandbox-14 + Couche IGN_Sandbox-13 + Couche IGN_Prod-22;Couche IGN_Sandbox-11 + Couche IGN_Sandbox-14 + Couche IGN_Sandbox-13 + Couche IGN_Prod-22;perm-e2c1da02-3163-4b4a-85e0-b501ce25e65b;;;;;;;WMS-VECTOR;2026-08-23T00:00:00.000Z;2026-09-22T00:00:00.000Z;30;partial_coverage;17;2026-09-12T00:00:00.000Z;2026-09-12T23:59:59.000Z;7;1568
consumer;consumer_permission;Couche IGN_Sandbox-11 + Couche IGN_Sandbox-14 + Couche IGN_Sandbox-13 + Couche IGN_Prod-22;Couche IGN_Sandbox-11 + Couche IGN_Sandbox-14 + Couche IGN_Sandbox-13 + Couche IGN_Prod-22;perm-e2c1da02-3163-4b4a-85e0-b501ce25e65b;;;;;;;WMS-VECTOR;2026-08-23T00:00:00.000Z;2026-09-22T00:00:00.000Z;30;partial_coverage;18;2026-09-13T00:00:00.000Z;2026-09-13T23:59:59.000Z;7;2681
consumer;consumer_permission;Couche IGN_Sandbox-11 + Couche IGN_Sandbox-14 + Couche IGN_Sandbox-13 + Couche IGN_Prod-22;Couche IGN_Sandbox-11 + Couche IGN_Sandbox-14 + Couche IGN_Sandbox-13 + Couche IGN_Prod-22;perm-e2c1da02-3163-4b4a-85e0-b501ce25e65b;;;;;;;WMS-VECTOR;2026-08-23T00:00:00.000Z;2026-09-22T00:00:00.000Z;30;partial_coverage;19;2026-09-15T00:00:00.000Z;2026-09-15T23:59:59.000Z;2;310
consumer;consumer_permission;Couche IGN_Sandbox-11 + Couche IGN_Sandbox-14 + Couche IGN_Sandbox-13 + Couche IGN_Prod-22;Couche IGN_Sandbox-11 + Couche IGN_Sandbox-14 + Couche IGN_Sandbox-13 + Couche IGN_Prod-22;perm-e2c1da02-3163-4b4a-85e0-b501ce25e65b;;;;;;;WMS-VECTOR;2026-08-23T00:00:00.000Z;2026-09-22T00:00:00.000Z;30;partial_coverage;20;2026-09-16T00:00:00.000Z;2026-09-16T23:59:59.000Z;2;412
consumer;consumer_permission;Couche IGN_Sandbox-11 + Couche IGN_Sandbox-14 + Couche IGN_Sandbox-13 + Couche IGN_Prod-22;Couche IGN_Sandbox-11 + Couche IGN_Sandbox-14 + Couche IGN_Sandbox-13 + Couche IGN_Prod-22;perm-e2c1da02-3163-4b4a-85e0-b501ce25e65b;;;;;;;WMS-VECTOR;2026-08-23T00:00:00.000Z;2026-09-22T00:00:00.000Z;30;partial_coverage;21;2026-09-17T00:00:00.000Z;2026-09-17T23:59:59.000Z;1;163
consumer;consumer_permission;Couche IGN_Sandbox-11 + Couche IGN_Sandbox-14 + Couche IGN_Sandbox-13 + Couche IGN_Prod-22;Couche IGN_Sandbox-11 + Couche IGN_Sandbox-14 + Couche IGN_Sandbox-13 + Couche IGN_Prod-22;perm-e2c1da02-3163-4b4a-85e0-b501ce25e65b;;;;;;;WMS-VECTOR;2026-08-23T00:00:00.000Z;2026-09-22T00:00:00.000Z;30;partial_coverage;22;2026-09-18T00:00:00.000Z;2026-09-18T23:59:59.000Z;3;558
consumer;consumer_permission;Couche IGN_Sandbox-11 + Couche IGN_Sandbox-14 + Couche IGN_Sandbox-13 + Couche IGN_Prod-22;Couche IGN_Sandbox-11 + Couche IGN_Sandbox-14 + Couche IGN_Sandbox-13 + Couche IGN_Prod-22;perm-e2c1da02-3163-4b4a-85e0-b501ce25e65b;;;;;;;WMS-VECTOR;2026-08-23T00:00:00.000Z;2026-09-22T00:00:00.000Z;30;partial_coverage;23;2026-09-20T00:00:00.000Z;2026-09-20T23:59:59.000Z;8;2648
consumer;consumer_permission;Couche IGN_Sandbox-15 + Couche IGN_Recette-16 + Couche IGN_Prod-0 + Couche IGN_Prod-19;Couche IGN_Sandbox-15 + Couche IGN_Recette-16 + Couche IGN_Prod-0 + Couche IGN_Prod-19;perm-a22901c5-72f8-4af8-a34d-3dc03f9c02c4;;;;;;;WMS-RASTER;2026-08-23T00:00:00.000Z;2026-09-22T00:00:00.000Z;30;complete_coverage;1;2026-08-24T00:00:00.000Z;2026-08-24T23:59:59.000Z;2;188
consumer;consumer_permission;Couche IGN_Sandbox-15 + Couche IGN_Recette-16 + Couche IGN_Prod-0 + Couche IGN_Prod-19;Couche IGN_Sandbox-15 + Couche IGN_Recette-16 + Couche IGN_Prod-0 + Couche IGN_Prod-19;perm-a22901c5-72f8-4af8-a34d-3dc03f9c02c4;;;;;;;WMS-RASTER;2026-08-23T00:00:00.000Z;2026-09-22T00:00:00.000Z;30;complete_coverage;2;2026-08-25T00:00:00.000Z;2026-08-25T23:59:59.000Z;1;391
consumer;consumer_permission;Couche IGN_Sandbox-15 + Couche IGN_Recette-16 + Couche IGN_Prod-0 + Couche IGN_Prod-19;Couche IGN_Sandbox-15 + Couche IGN_Recette-16 + Couche IGN_Prod-0 + Couche IGN_Prod-19;perm-a22901c5-72f8-4af8-a34d-3dc03f9c02c4;;;;;;;WMS-RASTER;2026-08-23T00:00:00.000Z;2026-09-22T00:00:00.000Z;30;complete_coverage;3;2026-08-26T00:00:00.000Z;2026-08-26T23:59:59.000Z;7;1547
consumer;consumer_permission;Couche IGN_Sandbox-15 + Couche IGN_Recette-16 + Couche IGN_Prod-0 + Couche IGN_Prod-19;Couche IGN_Sandbox-15 + Couche IGN_Recette-16 + Couche IGN_Prod-0 + Couche IGN_Prod-19;perm-a22901c5-72f8-4af8-a34d-3dc03f9c02c4;;;;;;;WMS-RASTER;2026-08-23T00:00:00.000Z;2026-09-22T00:00:00.000Z;30;complete_coverage;4;2026-08-27T00:00:00.000Z;2026-08-27T23:59:59.000Z;6;510
consumer;consumer_permission;Couche IGN_Sandbox-15 + Couche IGN_Recette-16 + Couche IGN_Prod-0 + Couche IGN_Prod-19;Couche IGN_Sandbox-15 + Couche IGN_Recette-16 + Couche IGN_Prod-0 + Couche IGN_Prod-19;perm-a22901c5-72f8-4af8-a34d-3dc03f9c02c4;;;;;;;WMS-RASTER;2026-08-23T00:00:00.000Z;2026-09-22T00:00:00.000Z;30;complete_coverage;5;2026-08-28T00:00:00.000Z;2026-08-28T23:59:59.000Z;4;640
consumer;consumer_permission;Couche IGN_Sandbox-15 + Couche IGN_Recette-16 + Couche IGN_Prod-0 + Couche IGN_Prod-19;Couche IGN_Sandbox-15 + Couche IGN_Recette-16 + Couche IGN_Prod-0 + Couche IGN_Prod-19;perm-a22901c5-72f8-4af8-a34d-3dc03f9c02c4;;;;;;;WMS-RASTER;2026-08-23T00:00:00.000Z;2026-09-22T00:00:00.000Z;30;complete_coverage;6;2026-08-29T00:00:00.000Z;2026-08-29T23:59:59.000Z;4;1064
consumer;consumer_permission;Couche IGN_Sandbox-15 + Couche IGN_Recette-16 + Couche IGN_Prod-0 + Couche IGN_Prod-19;Couche IGN_Sandbox-15 + Couche IGN_Recette-16 + Couche IGN_Prod-0 + Couche IGN_Prod-19;perm-a22901c5-72f8-4af8-a34d-3dc03f9c02c4;;;;;;;WMS-RASTER;2026-08-23T00:00:00.000Z;2026-09-22T00:00:00.000Z;30;complete_coverage;7;2026-08-30T00:00:00.000Z;2026-08-30T23:59:59.000Z;7;679
consumer;consumer_permission;Couche IGN_Sandbox-15 + Couche IGN_Recette-16 + Couche IGN_Prod-0 + Couche IGN_Prod-19;Couche IGN_Sandbox-15 + Couche IGN_Recette-16 + Couche IGN_Prod-0 + Couche IGN_Prod-19;perm-a22901c5-72f8-4af8-a34d-3dc03f9c02c4;;;;;;;WMS-RASTER;2026-08-23T00:00:00.000Z;2026-09-22T00:00:00.000Z;30;complete_coverage;8;2026-09-01T00:00:00.000Z;2026-09-01T23:59:59.000Z;1;133
consumer;consumer_permission;Couche IGN_Sandbox-15 + Couche IGN_Recette-16 + Couche IGN_Prod-0 + Couche IGN_Prod-19;Couche IGN_Sandbox-15 + Couche IGN_Recette-16 + Couche IGN_Prod-0 + Couche IGN_Prod-19;perm-a22901c5-72f8-4af8-a34d-3dc03f9c02c4;;;;;;;WMS-RASTER;2026-08-23T00:00:00.000Z;2026-09-22T00:00:00.000Z;30;complete_coverage;9;2026-09-02T00:00:00.000Z;2026-09-02T23:59:59.000Z;7;1596
consumer;consumer_permission;Couche IGN_Sandbox-15 + Couche IGN_Recette-16 + Couche IGN_Prod-0 + Couche IGN_Prod-19;Couche IGN_Sandbox-15 + Couche IGN_Recette-16 + Couche IGN_Prod-0 + Couche IGN_Prod-19;perm-a22901c5-72f8-4af8-a34d-3dc03f9c02c4;;;;;;;WMS-RASTER;2026-08-23T00:00:00.000Z;2026-09-22T00:00:00.000Z;30;complete_coverage;10;2026-09-03T00:00:00.000Z;2026-09-03T23:59:59.000Z;8;2528
consumer;consumer_permission;Couche IGN_Sandbox-15 + Couche IGN_Recette-16 + Couche IGN_Prod-0 + Couche IGN_Prod-19;Couche IGN_Sandbox-15 + Couche IGN_Recette-16 + Couche IGN_Prod-0 + Couche IGN_Prod-19;perm-a22901c5-72f8-4af8-a34d-3dc03f9c02c4;;;;;;;WMS-RASTER;2026-08-23T00:00:00.000Z;2026-09-22T00:00:00.000Z;30;complete_coverage;11;2026-09-04T00:00:00.000Z;2026-09-04T23:59:59.000Z;7;2709
consumer;consumer_permission;Couche IGN_Sandbox-15 + Couche IGN_Recette-16 + Couche IGN_Prod-0 + Couche IGN_Prod-19;Couche IGN_Sandbox-15 + Couche IGN_Recette-16 + Couche IGN_Prod-0 + Couche IGN_Prod-19;perm-a22901c5-72f8-4af8-a34d-3dc03f9c02c4;;;;;;;WMS-RASTER;2026-08-23T00:00:00.000Z;2026-09-22T00:00:00.000Z;30;complete_coverage;12;2026-09-05T00:00:00.000Z;2026-09-05T23:59:59.000Z;4;1520
consumer;consumer_permission;Couche IGN_Sandbox-15 + Couche IGN_Recette-16 + Couche IGN_Prod-0 + Couche IGN_Prod-19;Couche IGN_Sandbox-15 + Couche IGN_Recette-16 + Couche IGN_Prod-0 + Couche IGN_Prod-19;perm-a22901c5-72f8-4af8-a34d-3dc03f9c02c4;;;;;;;WMS-RASTER;2026-08-23T00:00:00.000Z;2026-09-22T00:00:00.000Z;30;complete_coverage;13;2026-09-06T00:00:00.000Z;2026-09-06T23:59:59.000Z;3;1008
consumer;consumer_permission;Couche IGN_Sandbox-15 + Couche IGN_Recette-16 + Couche IGN_Prod-0 + Couche IGN_Prod-19;Couche IGN_Sandbox-15 + Couche IGN_Recette-16 + Couche IGN_Prod-0 + Couche IGN_Prod-19;perm-a22901c5-72f8-4af8-a34d-3dc03f9c02c4;;;;;;;WMS-RASTER;2026-08-23T00:00:00.000Z;2026-09-22T00:00:00.000Z;30;complete_coverage;14;2026-09-07T00:00:00.000Z;2026-09-07T23:59:59.000Z;6;498
consumer;consumer_permission;Couche IGN_Sandbox-15 + Couche IGN_Recette-16 + Couche IGN_Prod-0 + Couche IGN_Prod-19;Couche IGN_Sandbox-15 + Couche IGN_Recette-16 + Couche IGN_Prod-0 + Couche IGN_Prod-19;perm-a22901c5-72f8-4af8-a34d-3dc03f9c02c4;;;;;;;WMS-RASTER;2026-08-23T00:00:00.000Z;2026-09-22T00:00:00.000Z;30;complete_coverage;15;2026-09-08T00:00:00.000Z;2026-09-08T23:59:59.000Z;8;1040
consumer;consumer_permission;Couche IGN_Sandbox-15 + Couche IGN_Recette-16 + Couche IGN_Prod-0 + Couche IGN_Prod-19;Couche IGN_Sandbox-15 + Couche IGN_Recette-16 + Couche IGN_Prod-0 + Couche IGN_Prod-19;perm-a22901c5-72f8-4af8-a34d-3dc03f9c02c4;;;;;;;WMS-RASTER;2026-08-23T00:00:00.000Z;2026-09-22T00:00:00.000Z;30;complete_coverage;16;2026-09-09T00:00:00.000Z;2026-09-09T23:59:59.000Z;1;142
consumer;consumer_permission;Couche IGN_Sandbox-15 + Couche IGN_Recette-16 + Couche IGN_Prod-0 + Couche IGN_Prod-19;Couche IGN_Sandbox-15 + Couche IGN_Recette-16 + Couche IGN_Prod-0 + Couche IGN_Prod-19;perm-a22901c5-72f8-4af8-a34d-3dc03f9c02c4;;;;;;;WMS-RASTER;2026-08-23T00:00:00.000Z;2026-09-22T00:00:00.000Z;30;complete_coverage;17;2026-09-10T00:00:00.000Z;2026-09-10T23:59:59.000Z;3;1002
consumer;consumer_permission;Couche IGN_Sandbox-15 + Couche IGN_Recette-16 + Couche IGN_Prod-0 + Couche IGN_Prod-19;Couche IGN_Sandbox-15 + Couche IGN_Recette-16 + Couche IGN_Prod-0 + Couche IGN_Prod-19;perm-a22901c5-72f8-4af8-a34d-3dc03f9c02c4;;;;;;;WMS-RASTER;2026-08-23T00:00:00.000Z;2026-09-22T00:00:00.000Z;30;complete_coverage;18;2026-09-11T00:00:00.000Z;2026-09-11T23:59:59.000Z;4;412
consumer;consumer_permission;Couche IGN_Sandbox-15 + Couche IGN_Recette-16 + Couche IGN_Prod-0 + Couche IGN_Prod-19;Couche IGN_Sandbox-15 + Couche IGN_Recette-16 + Couche IGN_Prod-0 + Couche IGN_Prod-19;perm-a22901c5-72f8-4af8-a34d-3dc03f9c02c4;;;;;;;WMS-RASTER;2026-08-23T00:00:00.000Z;2026-09-22T00:00:00.000Z;30;complete_coverage;19;2026-09-12T00:00:00.000Z;2026-09-12T23:59:59.000Z;4;1596
consumer;consumer_permission;Couche IGN_Sandbox-15 + Couche IGN_Recette-16 + Couche IGN_Prod-0 + Couche IGN_Prod-19;Couche IGN_Sandbox-15 + Couche IGN_Recette-16 + Couche IGN_Prod-0 + Couche IGN_Prod-19;perm-a22901c5-72f8-4af8-a34d-3dc03f9c02c4;;;;;;;WMS-RASTER;2026-08-23T00:00:00.000Z;2026-09-22T00:00:00.000Z;30;complete_coverage;20;2026-09-13T00:00:00.000Z;2026-09-13T23:59:59.000Z;5;790
consumer;consumer_permission;Couche IGN_Sandbox-15 + Couche IGN_Recette-16 + Couche IGN_Prod-0 + Couche IGN_Prod-19;Couche IGN_Sandbox-15 + Couche IGN_Recette-16 + Couche IGN_Prod-0 + Couche IGN_Prod-19;perm-a22901c5-72f8-4af8-a34d-3dc03f9c02c4;;;;;;;WMS-RASTER;2026-08-23T00:00:00.000Z;2026-09-22T00:00:00.000Z;30;complete_coverage;21;2026-09-14T00:00:00.000Z;2026-09-14T23:59:59.000Z;8;2216
consumer;consumer_permission;Couche IGN_Sandbox-15 + Couche IGN_Recette-16 + Couche IGN_Prod-0 + Couche IGN_Prod-19;Couche IGN_Sandbox-15 + Couche IGN_Recette-16 + Couche IGN_Prod-0 + Couche IGN_Prod-19;perm-a22901c5-72f8-4af8-a34d-3dc03f9c02c4;;;;;;;WMS-RASTER;2026-08-23T00:00:00.000Z;2026-09-22T00:00:00.000Z;30;complete_coverage;22;2026-09-16T00:00:00.000Z;2026-09-16T23:59:59.000Z;7;2513
consumer;consumer_permission;Couche IGN_Sandbox-15 + Couche IGN_Recette-16 + Couche IGN_Prod-0 + Couche IGN_Prod-19;Couche IGN_Sandbox-15 + Couche IGN_Recette-16 + Couche IGN_Prod-0 + Couche IGN_Prod-19;perm-a22901c5-72f8-4af8-a34d-3dc03f9c02c4;;;;;;;WMS-RASTER;2026-08-23T00:00:00.000Z;2026-09-22T00:00:00.000Z;30;complete_coverage;23;2026-09-17T00:00:00.000Z;2026-09-17T23:59:59.000Z;1;294
consumer;consumer_permission;Couche IGN_Sandbox-15 + Couche IGN_Recette-16 + Couche IGN_Prod-0 + Couche IGN_Prod-19;Couche IGN_Sandbox-15 + Couche IGN_Recette-16 + Couche IGN_Prod-0 + Couche IGN_Prod-19;perm-a22901c5-72f8-4af8-a34d-3dc03f9c02c4;;;;;;;WMS-RASTER;2026-08-23T00:00:00.000Z;2026-09-22T00:00:00.000Z;30;complete_coverage;24;2026-09-18T00:00:00.000Z;2026-09-18T23:59:59.000Z;7;1911
consumer;consumer_permission;Couche IGN_Sandbox-15 + Couche IGN_Recette-16 + Couche IGN_Prod-0 + Couche IGN_Prod-19;Couche IGN_Sandbox-15 + Couche IGN_Recette-16 + Couche IGN_Prod-0 + Couche IGN_Prod-19;perm-a22901c5-72f8-4af8-a34d-3dc03f9c02c4;;;;;;;WMS-RASTER;2026-08-23T00:00:00.000Z;2026-09-22T00:00:00.000Z;30;complete_coverage;25;2026-09-19T00:00:00.000Z;2026-09-19T23:59:59.000Z;1;360
consumer;consumer_permission;Couche IGN_Sandbox-15 + Couche IGN_Recette-16 + Couche IGN_Prod-0 + Couche IGN_Prod-19;Couche IGN_Sandbox-15 + Couche IGN_Recette-16 + Couche IGN_Prod-0 + Couche IGN_Prod-19;perm-a22901c5-72f8-4af8-a34d-3dc03f9c02c4;;;;;;;WMS-RASTER;2026-08-23T00:00:00.000Z;2026-09-22T00:00:00.000Z;30;complete_coverage;26;2026-09-20T00:00:00.000Z;2026-09-20T23:59:59.000Z;6;1458
consumer;consumer_permission;Couche IGN_Sandbox-15 + Couche IGN_Recette-16 + Couche IGN_Prod-0 + Couche IGN_Prod-19;Couche IGN_Sandbox-15 + Couche IGN_Recette-16 + Couche IGN_Prod-0 + Couche IGN_Prod-19;perm-a22901c5-72f8-4af8-a34d-3dc03f9c02c4;;;;;;;WMS-RASTER;2026-08-23T00:00:00.000Z;2026-09-22T00:00:00.000Z;30;complete_coverage;27;2026-09-21T00:00:00.000Z;2026-09-21T23:59:59.000Z;4;832
consumer;consumer_permission;Couche IGN_Prod-1 + Couche IGN_Recette-4 + Couche IGN_Sandbox-12 + Couche IGN_Sandbox-2;Couche IGN_Prod-1 + Couche IGN_Recette-4 + Couche IGN_Sandbox-12 + Couche IGN_Sandbox-2;perm-eb389b39-6ead-46e2-8117-cae4a474325d;;;;;;;WFS;2026-08-23T00:00:00.000Z;2026-09-22T00:00:00.000Z;30;complete_coverage;1;2026-08-23T00:00:00.000Z;2026-08-23T23:59:59.000Z;2;230
consumer;consumer_permission;Couche IGN_Prod-1 + Couche IGN_Recette-4 + Couche IGN_Sandbox-12 + Couche IGN_Sandbox-2;Couche IGN_Prod-1 + Couche IGN_Recette-4 + Couche IGN_Sandbox-12 + Couche IGN_Sandbox-2;perm-eb389b39-6ead-46e2-8117-cae4a474325d;;;;;;;WFS;2026-08-23T00:00:00.000Z;2026-09-22T00:00:00.000Z;30;complete_coverage;2;2026-08-24T00:00:00.000Z;2026-08-24T23:59:59.000Z;10;3030
consumer;consumer_permission;Couche IGN_Prod-1 + Couche IGN_Recette-4 + Couche IGN_Sandbox-12 + Couche IGN_Sandbox-2;Couche IGN_Prod-1 + Couche IGN_Recette-4 + Couche IGN_Sandbox-12 + Couche IGN_Sandbox-2;perm-eb389b39-6ead-46e2-8117-cae4a474325d;;;;;;;WFS;2026-08-23T00:00:00.000Z;2026-09-22T00:00:00.000Z;30;complete_coverage;3;2026-08-25T00:00:00.000Z;2026-08-25T23:59:59.000Z;5;1470
consumer;consumer_permission;Couche IGN_Prod-1 + Couche IGN_Recette-4 + Couche IGN_Sandbox-12 + Couche IGN_Sandbox-2;Couche IGN_Prod-1 + Couche IGN_Recette-4 + Couche IGN_Sandbox-12 + Couche IGN_Sandbox-2;perm-eb389b39-6ead-46e2-8117-cae4a474325d;;;;;;;WFS;2026-08-23T00:00:00.000Z;2026-09-22T00:00:00.000Z;30;complete_coverage;4;2026-08-26T00:00:00.000Z;2026-08-26T23:59:59.000Z;1;149
consumer;consumer_permission;Couche IGN_Prod-1 + Couche IGN_Recette-4 + Couche IGN_Sandbox-12 + Couche IGN_Sandbox-2;Couche IGN_Prod-1 + Couche IGN_Recette-4 + Couche IGN_Sandbox-12 + Couche IGN_Sandbox-2;perm-eb389b39-6ead-46e2-8117-cae4a474325d;;;;;;;WFS;2026-08-23T00:00:00.000Z;2026-09-22T00:00:00.000Z;30;complete_coverage;5;2026-08-27T00:00:00.000Z;2026-08-27T23:59:59.000Z;1;378
consumer;consumer_permission;Couche IGN_Prod-1 + Couche IGN_Recette-4 + Couche IGN_Sandbox-12 + Couche IGN_Sandbox-2;Couche IGN_Prod-1 + Couche IGN_Recette-4 + Couche IGN_Sandbox-12 + Couche IGN_Sandbox-2;perm-eb389b39-6ead-46e2-8117-cae4a474325d;;;;;;;WFS;2026-08-23T00:00:00.000Z;2026-09-22T00:00:00.000Z;30;complete_coverage;6;2026-08-28T00:00:00.000Z;2026-08-28T23:59:59.000Z;3;1026
consumer;consumer_permission;Couche IGN_Prod-1 + Couche IGN_Recette-4 + Couche IGN_Sandbox-12 + Couche IGN_Sandbox-2;Couche IGN_Prod-1 + Couche IGN_Recette-4 + Couche IGN_Sandbox-12 + Couche IGN_Sandbox-2;perm-eb389b39-6ead-46e2-8117-cae4a474325d;;;;;;;WFS;2026-08-23T00:00:00.000Z;2026-09-22T00:00:00.000Z;30;complete_coverage;7;2026-08-29T00:00:00.000Z;2026-08-29T23:59:59.000Z;6;834
consumer;consumer_permission;Couche IGN_Prod-1 + Couche IGN_Recette-4 + Couche IGN_Sandbox-12 + Couche IGN_Sandbox-2;Couche IGN_Prod-1 + Couche IGN_Recette-4 + Couche IGN_Sandbox-12 + Couche IGN_Sandbox-2;perm-eb389b39-6ead-46e2-8117-cae4a474325d;;;;;;;WFS;2026-08-23T00:00:00.000Z;2026-09-22T00:00:00.000Z;30;complete_coverage;8;2026-08-30T00:00:00.000Z;2026-08-30T23:59:59.000Z;9;2439
consumer;consumer_permission;Couche IGN_Prod-1 + Couche IGN_Recette-4 + Couche IGN_Sandbox-12 + Couche IGN_Sandbox-2;Couche IGN_Prod-1 + Couche IGN_Recette-4 + Couche IGN_Sandbox-12 + Couche IGN_Sandbox-2;perm-eb389b39-6ead-46e2-8117-cae4a474325d;;;;;;;WFS;2026-08-23T00:00:00.000Z;2026-09-22T00:00:00.000Z;30;complete_coverage;9;2026-08-31T00:00:00.000Z;2026-08-31T23:59:59.000Z;3;453
consumer;consumer_permission;Couche IGN_Prod-1 + Couche IGN_Recette-4 + Couche IGN_Sandbox-12 + Couche IGN_Sandbox-2;Couche IGN_Prod-1 + Couche IGN_Recette-4 + Couche IGN_Sandbox-12 + Couche IGN_Sandbox-2;perm-eb389b39-6ead-46e2-8117-cae4a474325d;;;;;;;WFS;2026-08-23T00:00:00.000Z;2026-09-22T00:00:00.000Z;30;complete_coverage;10;2026-09-01T00:00:00.000Z;2026-09-01T23:59:59.000Z;1;293
consumer;consumer_permission;Couche IGN_Prod-1 + Couche IGN_Recette-4 + Couche IGN_Sandbox-12 + Couche IGN_Sandbox-2;Couche IGN_Prod-1 + Couche IGN_Recette-4 + Couche IGN_Sandbox-12 + Couche IGN_Sandbox-2;perm-eb389b39-6ead-46e2-8117-cae4a474325d;;;;;;;WFS;2026-08-23T00:00:00.000Z;2026-09-22T00:00:00.000Z;30;complete_coverage;11;2026-09-02T00:00:00.000Z;2026-09-02T23:59:59.000Z;2;394
consumer;consumer_permission;Couche IGN_Prod-1 + Couche IGN_Recette-4 + Couche IGN_Sandbox-12 + Couche IGN_Sandbox-2;Couche IGN_Prod-1 + Couche IGN_Recette-4 + Couche IGN_Sandbox-12 + Couche IGN_Sandbox-2;perm-eb389b39-6ead-46e2-8117-cae4a474325d;;;;;;;WFS;2026-08-23T00:00:00.000Z;2026-09-22T00:00:00.000Z;30;complete_coverage;12;2026-09-03T00:00:00.000Z;2026-09-03T23:59:59.000Z;7;1554
consumer;consumer_permission;Couche IGN_Prod-1 + Couche IGN_Recette-4 + Couche IGN_Sandbox-12 + Couche IGN_Sandbox-2;Couche IGN_Prod-1 + Couche IGN_Recette-4 + Couche IGN_Sandbox-12 + Couche IGN_Sandbox-2;perm-eb389b39-6ead-46e2-8117-cae4a474325d;;;;;;;WFS;2026-08-23T00:00:00.000Z;2026-09-22T00:00:00.000Z;30;complete_coverage;13;2026-09-04T00:00:00.000Z;2026-09-04T23:59:59.000Z;6;1128
consumer;consumer_permission;Couche IGN_Prod-1 + Couche IGN_Recette-4 + Couche IGN_Sandbox-12 + Couche IGN_Sandbox-2;Couche IGN_Prod-1 + Couche IGN_Recette-4 + Couche IGN_Sandbox-12 + Couche IGN_Sandbox-2;perm-eb389b39-6ead-46e2-8117-cae4a474325d;;;;;;;WFS;2026-08-23T00:00:00.000Z;2026-09-22T00:00:00.000Z;30;complete_coverage;14;2026-09-05T00:00:00.000Z;2026-09-05T23:59:59.000Z;8;1168
consumer;consumer_permission;Couche IGN_Prod-1 + Couche IGN_Recette-4 + Couche IGN_Sandbox-12 + Couche IGN_Sandbox-2;Couche IGN_Prod-1 + Couche IGN_Recette-4 + Couche IGN_Sandbox-12 + Couche IGN_Sandbox-2;perm-eb389b39-6ead-46e2-8117-cae4a474325d;;;;;;;WFS;2026-08-23T00:00:00.000Z;2026-09-22T00:00:00.000Z;30;complete_coverage;15;2026-09-06T00:00:00.000Z;2026-09-06T23:59:59.000Z;5;1235
consumer;consumer_permission;Couche IGN_Prod-1 + Couche IGN_Recette-4 + Couche IGN_Sandbox-12 + Couche IGN_Sandbox-2;Couche IGN_Prod-1 + Couche IGN_Recette-4 + Couche IGN_Sandbox-12 + Couche IGN_Sandbox-2;perm-eb389b39-6ead-46e2-8117-cae4a474325d;;;;;;;WFS;2026-08-23T00:00:00.000Z;2026-09-22T00:00:00.000Z;30;complete_coverage;16;2026-09-07T00:00:00.000Z;2026-09-07T23:59:59.000Z;7;1491
consumer;consumer_permission;Couche IGN_Prod-1 + Couche IGN_Recette-4 + Couche IGN_Sandbox-12 + Couche IGN_Sandbox-2;Couche IGN_Prod-1 + Couche IGN_Recette-4 + Couche IGN_Sandbox-12 + Couche IGN_Sandbox-2;perm-eb389b39-6ead-46e2-8117-cae4a474325d;;;;;;;WFS;2026-08-23T00:00:00.000Z;2026-09-22T00:00:00.000Z;30;complete_coverage;17;2026-09-08T00:00:00.000Z;2026-09-08T23:59:59.000Z;8;2440
consumer;consumer_permission;Couche IGN_Prod-1 + Couche IGN_Recette-4 + Couche IGN_Sandbox-12 + Couche IGN_Sandbox-2;Couche IGN_Prod-1 + Couche IGN_Recette-4 + Couche IGN_Sandbox-12 + Couche IGN_Sandbox-2;perm-eb389b39-6ead-46e2-8117-cae4a474325d;;;;;;;WFS;2026-08-23T00:00:00.000Z;2026-09-22T00:00:00.000Z;30;complete_coverage;18;2026-09-09T00:00:00.000Z;2026-09-09T23:59:59.000Z;2;212
consumer;consumer_permission;Couche IGN_Prod-1 + Couche IGN_Recette-4 + Couche IGN_Sandbox-12 + Couche IGN_Sandbox-2;Couche IGN_Prod-1 + Couche IGN_Recette-4 + Couche IGN_Sandbox-12 + Couche IGN_Sandbox-2;perm-eb389b39-6ead-46e2-8117-cae4a474325d;;;;;;;WFS;2026-08-23T00:00:00.000Z;2026-09-22T00:00:00.000Z;30;complete_coverage;19;2026-09-10T00:00:00.000Z;2026-09-10T23:59:59.000Z;4;720
consumer;consumer_permission;Couche IGN_Prod-1 + Couche IGN_Recette-4 + Couche IGN_Sandbox-12 + Couche IGN_Sandbox-2;Couche IGN_Prod-1 + Couche IGN_Recette-4 + Couche IGN_Sandbox-12 + Couche IGN_Sandbox-2;perm-eb389b39-6ead-46e2-8117-cae4a474325d;;;;;;;WFS;2026-08-23T00:00:00.000Z;2026-09-22T00:00:00.000Z;30;complete_coverage;20;2026-09-11T00:00:00.000Z;2026-09-11T23:59:59.000Z;7;2625
consumer;consumer_permission;Couche IGN_Prod-1 + Couche IGN_Recette-4 + Couche IGN_Sandbox-12 + Couche IGN_Sandbox-2;Couche IGN_Prod-1 + Couche IGN_Recette-4 + Couche IGN_Sandbox-12 + Couche IGN_Sandbox-2;perm-eb389b39-6ead-46e2-8117-cae4a474325d;;;;;;;WFS;2026-08-23T00:00:00.000Z;2026-09-22T00:00:00.000Z;30;complete_coverage;21;2026-09-12T00:00:00.000Z;2026-09-12T23:59:59.000Z;10;1470
consumer;consumer_permission;Couche IGN_Prod-1 + Couche IGN_Recette-4 + Couche IGN_Sandbox-12 + Couche IGN_Sandbox-2;Couche IGN_Prod-1 + Couche IGN_Recette-4 + Couche IGN_Sandbox-12 + Couche IGN_Sandbox-2;perm-eb389b39-6ead-46e2-8117-cae4a474325d;;;;;;;WFS;2026-08-23T00:00:00.000Z;2026-09-22T00:00:00.000Z;30;complete_coverage;22;2026-09-13T00:00:00.000Z;2026-09-13T23:59:59.000Z;7;840
consumer;consumer_permission;Couche IGN_Prod-1 + Couche IGN_Recette-4 + Couche IGN_Sandbox-12 + Couche IGN_Sandbox-2;Couche IGN_Prod-1 + Couche IGN_Recette-4 + Couche IGN_Sandbox-12 + Couche IGN_Sandbox-2;perm-eb389b39-6ead-46e2-8117-cae4a474325d;;;;;;;WFS;2026-08-23T00:00:00.000Z;2026-09-22T00:00:00.000Z;30;complete_coverage;23;2026-09-14T00:00:00.000Z;2026-09-14T23:59:59.000Z;1;392
consumer;consumer_permission;Couche IGN_Prod-1 + Couche IGN_Recette-4 + Couche IGN_Sandbox-12 + Couche IGN_Sandbox-2;Couche IGN_Prod-1 + Couche IGN_Recette-4 + Couche IGN_Sandbox-12 + Couche IGN_Sandbox-2;perm-eb389b39-6ead-46e2-8117-cae4a474325d;;;;;;;WFS;2026-08-23T00:00:00.000Z;2026-09-22T00:00:00.000Z;30;complete_coverage;24;2026-09-15T00:00:00.000Z;2026-09-15T23:59:59.000Z;3;369
consumer;consumer_permission;Couche IGN_Prod-1 + Couche IGN_Recette-4 + Couche IGN_Sandbox-12 + Couche IGN_Sandbox-2;Couche IGN_Prod-1 + Couche IGN_Recette-4 + Couche IGN_Sandbox-12 + Couche IGN_Sandbox-2;perm-eb389b39-6ead-46e2-8117-cae4a474325d;;;;;;;WFS;2026-08-23T00:00:00.000Z;2026-09-22T00:00:00.000Z;30;complete_coverage;25;2026-09-16T00:00:00.000Z;2026-09-16T23:59:59.000Z;2;472
consumer;consumer_permission;Couche IGN_Prod-1 + Couche IGN_Recette-4 + Couche IGN_Sandbox-12 + Couche IGN_Sandbox-2;Couche IGN_Prod-1 + Couche IGN_Recette-4 + Couche IGN_Sandbox-12 + Couche IGN_Sandbox-2;perm-eb389b39-6ead-46e2-8117-cae4a474325d;;;;;;;WFS;2026-08-23T00:00:00.000Z;2026-09-22T00:00:00.000Z;30;complete_coverage;26;2026-09-17T00:00:00.000Z;2026-09-17T23:59:59.000Z;9;2646
consumer;consumer_permission;Couche IGN_Prod-1 + Couche IGN_Recette-4 + Couche IGN_Sandbox-12 + Couche IGN_Sandbox-2;Couche IGN_Prod-1 + Couche IGN_Recette-4 + Couche IGN_Sandbox-12 + Couche IGN_Sandbox-2;perm-eb389b39-6ead-46e2-8117-cae4a474325d;;;;;;;WFS;2026-08-23T00:00:00.000Z;2026-09-22T00:00:00.000Z;30;complete_coverage;27;2026-09-18T00:00:00.000Z;2026-09-18T23:59:59.000Z;6;726
consumer;consumer_permission;Couche IGN_Prod-1 + Couche IGN_Recette-4 + Couche IGN_Sandbox-12 + Couche IGN_Sandbox-2;Couche IGN_Prod-1 + Couche IGN_Recette-4 + Couche IGN_Sandbox-12 + Couche IGN_Sandbox-2;perm-eb389b39-6ead-46e2-8117-cae4a474325d;;;;;;;WFS;2026-08-23T00:00:00.000Z;2026-09-22T00:00:00.000Z;30;complete_coverage;28;2026-09-19T00:00:00.000Z;2026-09-19T23:59:59.000Z;8;2600
consumer;consumer_permission;Couche IGN_Prod-1 + Couche IGN_Recette-4 + Couche IGN_Sandbox-12 + Couche IGN_Sandbox-2;Couche IGN_Prod-1 + Couche IGN_Recette-4 + Couche IGN_Sandbox-12 + Couche IGN_Sandbox-2;perm-eb389b39-6ead-46e2-8117-cae4a474325d;;;;;;;WFS;2026-08-23T00:00:00.000Z;2026-09-22T00:00:00.000Z;30;complete_coverage;29;2026-09-20T00:00:00.000Z;2026-09-20T23:59:59.000Z;8;2248
consumer;consumer_permission;Couche IGN_Prod-1 + Couche IGN_Recette-4 + Couche IGN_Sandbox-12 + Couche IGN_Sandbox-2;Couche IGN_Prod-1 + Couche IGN_Recette-4 + Couche IGN_Sandbox-12 + Couche IGN_Sandbox-2;perm-eb389b39-6ead-46e2-8117-cae4a474325d;;;;;;;WFS;2026-08-23T00:00:00.000Z;2026-09-22T00:00:00.000Z;30;complete_coverage;30;2026-09-21T00:00:00.000Z;2026-09-21T23:59:59.000Z;1;225
