series_level;series_key;label;datastore_name;datastore_id;service_type;period_key;analysis_grain;hits;data_transfer;contributor_count;incomplete
endpoint;ds-79361f7e-71dd-4b77-952f-4047eeade1b0:ep-68f1bc04-4bdb-4f4b-a16c-48bca70841b7;Diffusion ep-68f1b · IGN_Recette;IGN_Recette;ds-79361f7e-71dd-4b77-952f-4047eeade1b0;WMS-VECTOR;2026-08-23;day;16;1328;1;False
endpoint;ds-79361f7e-71dd-4b77-952f-4047eeade1b0:ep-68f1bc04-4bdb-4f4b-a16c-48bca70841b7;Diffusion ep-68f1b · IGN_Recette;IGN_Recette;ds-79361f7e-71dd-4b77-952f-4047eeade1b0;WMS-VECTOR;2026-08-24;day;16;1888;1;False
endpoint;ds-79361f7e-71dd-4b77-952f-4047eeade1b0:ep-68f1bc04-4bdb-4f4b-a16c-48bca70841b7;Diffusion ep-68f1b · IGN_Recette;IGN_Recette;ds-79361f7e-71dd-4b77-952f-4047eeade1b0;WMS-VECTOR;2026-08-25;day;16;5520;1;False
endpoint;ds-79361f7e-71dd-4b77-952f-4047eeade1b0:ep-68f1bc04-4bdb-4f4b-a16c-48bca70841b7;Diffusion ep-68f1b · IGN_Recette;IGN_Recette;ds-79361f7e-71dd-4b77-952f-4047eeade1b0;WMS-VECTOR;2026-08-26;day;8;904;1;False
endpoint;ds-79361f7e-71dd-4b77-952f-4047eeade1b0:ep-68f1bc04-4bdb-4f4b-a16c-48bca70841b7;Diffusion ep-68f1b · IGN_Recette;IGN_Recette;ds-79361f7e-71dd-4b77-952f-4047eeade1b0;WMS-VECTOR;2026-08-27;day;17;5338;1;False
endpoint;ds-79361f7e-71dd-4b77-952f-4047eeade1b0:ep-68f1bc04-4bdb-4f4b-a16c-48bca70841b7;Diffusion ep-68f1b · IGN_Recette;IGN_Recette;ds-79361f7e-71dd-4b77-952f-4047eeade1b0;WMS-VECTOR;2026-08-28;day;14;1540;1;False
endpoint;ds-79361f7e-71dd-4b77-952f-4047eeade1b0:ep-68f1bc04-4bdb-4f4b-a16c-48bca70841b7;Diffusion ep-68f1b · IGN_Recette;IGN_Recette;ds-79361f7e-71dd-4b77-952f-4047eeade1b0;WMS-VECTOR;2026-08-29;day;16;6176;1;False
endpoint;ds-79361f7e-71dd-4b77-952f-4047eeade1b0:ep-68f1bc04-4bdb-4f4b-a16c-48bca70841b7;Diffusion ep-68f1b · IGN_Recette;IGN_Recette;ds-79361f7e-71dd-4b77-952f-4047eeade1b0;WMS-VECTOR;2026-08-30;day;11;1727;1;False
endpoint;ds-79361f7e-71dd-4b77-952f-4047eeade1b0:ep-68f1bc04-4bdb-4f4b-a16c-48bca70841b7;Diffusion ep-68f1b · IGN_Recette;IGN_Recette;ds-79361f7e-71dd-4b77-952f-4047eeade1b0;WMS-VECTOR;2026-08-31;day;16;5552;1;False
endpoint;ds-79361f7e-71dd-4b77-952f-4047eeade1b0:ep-68f1bc04-4bdb-4f4b-a16c-48bca70841b7;Diffusion ep-68f1b · IGN_Recette;IGN_Recette;ds-79361f7e-71dd-4b77-952f-4047eeade1b0;WMS-VECTOR;2026-09-01;day;9;3204;1;False
endpoint;ds-79361f7e-71dd-4b77-952f-4047eeade1b0:ep-68f1bc04-4bdb-4f4b-a16c-48bca70841b7;Diffusion ep-68f1b · IGN_Recette;IGN_Recette;ds-79361f7e-71dd-4b77-952f-4047eeade1b0;WMS-VECTOR;2026-09-02;day;11;3058;1;False
endpoint;ds-79361f7e-71dd-4b77-952f-4047eeade1b0:ep-68f1bc04-4bdb-4f4b-a16c-48bca70841b7;Diffusion ep-68f1b · IGN_Recette;IGN_Recette;ds-79361f7e-71dd-4b77-952f-4047eeade1b0;WMS-VECTOR;2026-09-03;day;10;2280;1;False
endpoint;ds-79361f7e-71dd-4b77-952f-4047eeade1b0:ep-68f1bc04-4bdb-4f4b-a16c-48bca70841b7;Diffusion ep-68f1b · IGN_Recette;IGN_Recette;ds-79361f7e-71dd-4b77-952f-4047eeade1b0;WMS-VECTOR;2026-09-04;day;12;2868;1;False
endpoint;ds-79361f7e-71dd-4b77-952f-4047eeade1b0:ep-68f1bc04-4bdb-4f4b-a16c-48bca70841b7;Diffusion ep-68f1b · IGN_Recette;IGN_Recette;ds-79361f7e-71dd-4b77-952f-4047eeade1b0;WMS-VECTOR;2026-09-05;day;9;2520;1;False
endpoint;ds-79361f7e-71dd-4b77-952f-4047eeade1b0:ep-68f1bc04-4bdb-4f4b-a16c-48bca70841b7;Diffusion ep-68f1b · IGN_Recette;IGN_Recette;ds-79361f7e-71dd-4b77-952f-4047eeade1b0;WMS-VECTOR;2026-09-06;day;13;1456;1;False
endpoint;ds-79361f7e-71dd-4b77-952f-4047eeade1b0:ep-68f1bc04-4bdb-4f4b-a16c-48bca70841b7;Diffusion ep-68f1b · IGN_Recette;IGN_Recette;ds-79361f7e-71dd-4b77-952f-4047eeade1b0;WMS-VECTOR;2026-09-07;day;9;1260;1;False
endpoint;ds-79361f7e-71dd-4b77-952f-4047eeade1b0:ep-68f1bc04-4bdb-4f4b-a16c-48bca70841b7;Diffusion ep-68f1b · IGN_Recette;IGN_Recette;ds-79361f7e-71dd-4b77-952f-4047eeade1b0;WMS-VECTOR;2026-09-08;day;14;3346;1;False
endpoint;ds-79361f7e-71dd-4b77-952f-4047eeade1b0:ep-68f1bc04-4bdb-4f4b-a16c-48bca70841b7;Diffusion ep-68f1b · IGN_Recette;IGN_Recette;ds-79361f7e-71dd-4b77-952f-4047eeade1b0;WMS-VECTOR;2026-09-09;day;15;2775;1;False
endpoint;ds-79361f7e-71dd-4b77-952f-4047eeade1b0:ep-68f1bc04-4bdb-4f4b-a16c-48bca70841b7;Diffusion ep-68f1b · IGN_Recette;IGN_Recette;ds-79361f7e-71dd-4b77-952f-4047eeade1b0;WMS-VECTOR;2026-09-10;day;11;1265;1;False
endpoint;ds-79361f7e-71dd-4b77-952f-4047eeade1b0:ep-68f1bc04-4bdb-4f4b-a16c-48bca70841b7;Diffusion ep-68f1b · IGN_Recette;IGN_Recette;ds-79361f7e-71dd-4b77-952f-4047eeade1b0;WMS-VECTOR;2026-09-11;day;13;2899;1;False
endpoint;ds-79361f7e-71dd-4b77-952f-4047eeade1b0:ep-68f1bc04-4bdb-4f4b-a16c-48bca70841b7;Diffusion ep-68f1b · IGN_Recette;IGN_Recette;ds-79361f7e-71dd-4b77-952f-4047eeade1b0;WMS-VECTOR;2026-09-12;day;8;1384;1;False
endpoint;ds-79361f7e-71dd-4b77-952f-4047eeade1b0:ep-68f1bc04-4bdb-4f4b-a16c-48bca70841b7;Diffusion ep-68f1b · IGN_Recette;IGN_Recette;ds-79361f7e-71dd-4b77-952f-4047eeade1b0;WMS-VECTOR;2026-09-13;day;10;3870;1;False
endpoint;ds-79361f7e-71dd-4b77-952f-4047eeade1b0:ep-68f1bc04-4bdb-4f4b-a16c-48bca70841b7;Diffusion ep-68f1b · IGN_Recette;IGN_Recette;ds-79361f7e-71dd-4b77-952f-4047eeade1b0;WMS-VECTOR;2026-09-14;day;16;1440;1;False
endpoint;ds-79361f7e-71dd-4b77-952f-4047eeade1b0:ep-68f1bc04-4bdb-4f4b-a16c-48bca70841b7;Diffusion ep-68f1b · IGN_Recette;IGN_Recette;ds-79361f7e-71dd-4b77-952f-4047eeade1b0;WMS-VECTOR;2026-09-15;day;10;1490;1;False
endpoint;ds-79361f7e-71dd-4b77-952f-4047eeade1b0:ep-68f1bc04-4bdb-4f4b-a16c-48bca70841b7;Diffusion ep-68f1b · IGN_Recette;IGN_Recette;ds-79361f7e-71dd-4b77-952f-4047eeade1b0;WMS-VECTOR;2026-09-16;day;8;3200;1;False
endpoint;ds-79361f7e-71dd-4b77-952f-4047eeade1b0:ep-68f1bc04-4bdb-4f4b-a16c-48bca70841b7;Diffusion ep-68f1b · IGN_Recette;IGN_Recette;ds-79361f7e-71dd-4b77-952f-4047eeade1b0;WMS-VECTOR;2026-09-17;day;10;1530;1;False
endpoint;ds-79361f7e-71dd-4b77-952f-4047eeade1b0:ep-68f1bc04-4bdb-4f4b-a16c-48bca70841b7;Diffusion ep-68f1b · IGN_Recette;IGN_Recette;ds-79361f7e-71dd-4b77-952f-4047eeade1b0;WMS-VECTOR;2026-09-18;day;11;4125;1;False
endpoint;ds-79361f7e-71dd-4b77-952f-4047eeade1b0:ep-68f1bc04-4bdb-4f4b-a16c-48bca70841b7;Diffusion ep-68f1b · IGN_Recette;IGN_Recette;ds-79361f7e-71dd-4b77-952f-4047eeade1b0;WMS-VECTOR;2026-09-19;day;11;1001;1;False
endpoint;ds-79361f7e-71dd-4b77-952f-4047eeade1b0:ep-68f1bc04-4bdb-4f4b-a16c-48bca70841b7;Diffusion ep-68f1b · IGN_Recette;IGN_Recette;ds-79361f7e-71dd-4b77-952f-4047eeade1b0;WMS-VECTOR;2026-09-20;day;12;1560;1;False
endpoint;ds-79361f7e-71dd-4b77-952f-4047eeade1b0:ep-68f1bc04-4bdb-4f4b-a16c-48bca70841b7;Diffusion ep-68f1b · IGN_Recette;IGN_Recette;ds-79361f7e-71dd-4b77-952f-4047eeade1b0;WMS-VECTOR;2026-09-21;day;16;5152;1;False
endpoint;ds-79361f7e-71dd-4b77-952f-4047eeade1b0:ep-16826d6d-5e8d-4d8c-9e55-20f435fc9286;Diffusion ep-16826 · IGN_Recette;IGN_Recette;ds-79361f7e-71dd-4b77-952f-4047eeade1b0;WMS-VECTOR;2026-08-23;day;25;2650;1;False
endpoint;ds-79361f7e-71dd-4b77-952f-4047eeade1b0:ep-16826d6d-5e8d-4d8c-9e55-20f435fc9286;Diffusion ep-16826 · IGN_Recette;IGN_Recette;ds-79361f7e-71dd-4b77-952f-4047eeade1b0;WMS-VECTOR;2026-08-24;day;29;10121;1;False
endpoint;ds-79361f7e-71dd-4b77-952f-4047eeade1b0:ep-16826d6d-5e8d-4d8c-9e55-20f435fc9286;Diffusion ep-16826 · IGN_Recette;IGN_Recette;ds-79361f7e-71dd-4b77-952f-4047eeade1b0;WMS-VECTOR;2026-08-25;day;29;6148;1;False
endpoint;ds-79361f7e-71dd-4b77-952f-4047eeade1b0:ep-16826d6d-5e8d-4d8c-9e55-20f435fc9286;Diffusion ep-16826 · IGN_Recette;IGN_Recette;ds-79361f7e-71dd-4b77-952f-4047eeade1b0;WMS-VECTOR;2026-08-26;day;25;4725;1;False
endpoint;ds-79361f7e-71dd-4b77-952f-4047eeade1b0:ep-16826d6d-5e8d-4d8c-9e55-20f435fc9286;Diffusion ep-16826 · IGN_Recette;IGN_Recette;ds-79361f7e-71dd-4b77-952f-4047eeade1b0;WMS-VECTOR;2026-08-27;day;33;12177;1;False
endpoint;ds-79361f7e-71dd-4b77-952f-4047eeade1b0:ep-16826d6d-5e8d-4d8c-9e55-20f435fc9286;Diffusion ep-16826 · IGN_Recette;IGN_Recette;ds-79361f7e-71dd-4b77-952f-4047eeade1b0;WMS-VECTOR;2026-08-28;day;29;2436;1;False
endpoint;ds-79361f7e-71dd-4b77-952f-4047eeade1b0:ep-16826d6d-5e8d-4d8c-9e55-20f435fc9286;Diffusion ep-16826 · IGN_Recette;IGN_Recette;ds-79361f7e-71dd-4b77-952f-4047eeade1b0;WMS-VECTOR;2026-08-29;day;26;9932;1;False
endpoint;ds-79361f7e-71dd-4b77-952f-4047eeade1b0:ep-16826d6d-5e8d-4d8c-9e55-20f435fc9286;Diffusion ep-16826 · IGN_Recette;IGN_Recette;ds-79361f7e-71dd-4b77-952f-4047eeade1b0;WMS-VECTOR;2026-08-30;day;32;12480;1;False
endpoint;ds-79361f7e-71dd-4b77-952f-4047eeade1b0:ep-16826d6d-5e8d-4d8c-9e55-20f435fc9286;Diffusion ep-16826 · IGN_Recette;IGN_Recette;ds-79361f7e-71dd-4b77-952f-4047eeade1b0;WMS-VECTOR;2026-08-31;day;27;3429;1;False
endpoint;ds-79361f7e-71dd-4b77-952f-4047eeade1b0:ep-16826d6d-5e8d-4d8c-9e55-20f435fc9286;Diffusion ep-16826 · IGN_Recette;IGN_Recette;ds-79361f7e-71dd-4b77-952f-4047eeade1b0;WMS-VECTOR;2026-09-01;day;29;4756;1;False
endpoint;ds-79361f7e-71dd-4b77-952f-4047eeade1b0:ep-16826d6d-5e8d-4d8c-9e55-20f435fc9286;Diffusion ep-16826 · IGN_Recette;IGN_Recette;ds-79361f7e-71dd-4b77-952f-4047eeade1b0;WMS-VECTOR;2026-09-02;day;32;6784;1;False
endpoint;ds-79361f7e-71dd-4b77-952f-4047eeade1b0:ep-16826d6d-5e8d-4d8c-9e55-20f435fc9286;Diffusion ep-16826 · IGN_Recette;IGN_Recette;ds-79361f7e-71dd-4b77-952f-4047eeade1b0;WMS-VECTOR;2026-09-03;day;27;7479;1;False
endpoint;ds-79361f7e-71dd-4b77-952f-4047eeade1b0:ep-16826d6d-5e8d-4d8c-9e55-20f435fc9286;Diffusion ep-16826 · IGN_Recette;IGN_Recette;ds-79361f7e-71dd-4b77-952f-4047eeade1b0;WMS-VECTOR;2026-09-04;day;24;9168;1;False
endpoint;ds-79361f7e-71dd-4b77-952f-4047eeade1b0:ep-16826d6d-5e8d-4d8c-9e55-20f435fc9286;Diffusion ep-16826 · IGN_Recette;IGN_Recette;ds-79361f7e-71dd-4b77-952f-4047eeade1b0;WMS-VECTOR;2026-09-05;day;25;2450;1;False
endpoint;ds-79361f7e-71dd-4b77-952f-4047eeade1b0:ep-16826d6d-5e8d-4d8c-9e55-20f435fc9286;Diffusion ep-16826 · IGN_Recette;IGN_Recette;ds-79361f7e-71dd-4b77-952f-4047eeade1b0;WMS-VECTOR;2026-09-06;day;33;10593;1;False
endpoint;ds-79361f7e-71dd-4b77-952f-4047eeade1b0:ep-16826d6d-5e8d-4d8c-9e55-20f435fc9286;Diffusion ep-16826 · IGN_Recette;IGN_Recette;ds-79361f7e-71dd-4b77-952f-4047eeade1b0;WMS-VECTOR;2026-09-07;day;33;11286;1;False
endpoint;ds-79361f7e-71dd-4b77-952f-4047eeade1b0:ep-16826d6d-5e8d-4d8c-9e55-20f435fc9286;Diffusion ep-16826 · IGN_Recette;IGN_Recette;ds-79361f7e-71dd-4b77-952f-4047eeade1b0;WMS-VECTOR;2026-09-08;day;24;6264;1;False
endpoint;ds-79361f7e-71dd-4b77-952f-4047eeade1b0:ep-16826d6d-5e8d-4d8c-9e55-20f435fc9286;Diffusion ep-16826 · IGN_Recette;IGN_Recette;ds-79361f7e-71dd-4b77-952f-4047eeade1b0;WMS-VECTOR;2026-09-09;day;33;4422;1;False
endpoint;ds-79361f7e-71dd-4b77-952f-4047eeade1b0:ep-16826d6d-5e8d-4d8c-9e55-20f435fc9286;Diffusion ep-16826 · IGN_Recette;IGN_Recette;ds-79361f7e-71dd-4b77-952f-4047eeade1b0;WMS-VECTOR;2026-09-10;day;25;8950;1;False
endpoint;ds-79361f7e-71dd-4b77-952f-4047eeade1b0:ep-16826d6d-5e8d-4d8c-9e55-20f435fc9286;Diffusion ep-16826 · IGN_Recette;IGN_Recette;ds-79361f7e-71dd-4b77-952f-4047eeade1b0;WMS-VECTOR;2026-09-11;day;26;5642;1;False
endpoint;ds-79361f7e-71dd-4b77-952f-4047eeade1b0:ep-16826d6d-5e8d-4d8c-9e55-20f435fc9286;Diffusion ep-16826 · IGN_Recette;IGN_Recette;ds-79361f7e-71dd-4b77-952f-4047eeade1b0;WMS-VECTOR;2026-09-12;day;29;7482;1;False
endpoint;ds-79361f7e-71dd-4b77-952f-4047eeade1b0:ep-16826d6d-5e8d-4d8c-9e55-20f435fc9286;Diffusion ep-16826 · IGN_Recette;IGN_Recette;ds-79361f7e-71dd-4b77-952f-4047eeade1b0;WMS-VECTOR;2026-09-13;day;29;2842;1;False
endpoint;ds-79361f7e-71dd-4b77-952f-4047eeade1b0:ep-16826d6d-5e8d-4d8c-9e55-20f435fc9286;Diffusion ep-16826 · IGN_Recette;IGN_Recette;ds-79361f7e-71dd-4b77-952f-4047eeade1b0;WMS-VECTOR;2026-09-14;day;30;10710;1;False
endpoint;ds-79361f7e-71dd-4b77-952f-4047eeade1b0:ep-16826d6d-5e8d-4d8c-9e55-20f435fc9286;Diffusion ep-16826 · IGN_Recette;IGN_Recette;ds-79361f7e-71dd-4b77-952f-4047eeade1b0;WMS-VECTOR;2026-09-15;day;25;2425;1;False
endpoint;ds-79361f7e-71dd-4b77-952f-4047eeade1b0:ep-16826d6d-5e8d-4d8c-9e55-20f435fc9286;Diffusion ep-16826 · IGN_Recette;IGN_Recette;ds-79361f7e-71dd-4b77-952f-4047eeade1b0;WMS-VECTOR;2026-09-16;day;32;4672;1;False
endpoint;ds-79361f7e-71dd-4b77-952f-4047eeade1b0:ep-16826d6d-5e8d-4d8c-9e55-20f435fc9286;Diffusion ep-16826 · IGN_Recette;IGN_Recette;ds-79361f7e-71dd-4b77-952f-4047eeade1b0;WMS-VECTOR;2026-09-17;day;24;5160;1;False
endpoint;ds-79361f7e-71dd-4b77-952f-4047eeade1b0:ep-16826d6d-5e8d-4d8c-9e55-20f435fc9286;Diffusion ep-16826 · IGN_Recette;IGN_Recette;ds-79361f7e-71dd-4b77-952f-4047eeade1b0;WMS-VECTOR;2026-09-18;day;26;7982;1;False
endpoint;ds-79361f7e-71dd-4b77-952f-4047eeade1b0:ep-16826d6d-5e8d-4d8c-9e55-20f435fc9286;Diffusion ep-16826 · IGN_Recette;IGN_Recette;ds-79361f7e-71dd-4b77-952f-4047eeade1b0;WMS-VECTOR;2026-09-19;day;25;2200;1;False
endpoint;ds-79361f7e-71dd-4b77-952f-4047eeade1b0:ep-16826d6d-5e8d-4d8c-9e55-20f435fc9286;Diffusion ep-16826 · IGN_Recette;IGN_Recette;ds-79361f7e-71dd-4b77-952f-4047eeade1b0;WMS-VECTOR;2026-09-20;day;25;7425;1;False
endpoint;ds-79361f7e-71dd-4b77-952f-4047eeade1b0:ep-16826d6d-5e8d-4d8c-9e55-20f435fc9286;Diffusion ep-16826 · IGN_Recette;IGN_Recette;ds-79361f7e-71dd-4b77-952f-4047eeade1b0;WMS-VECTOR;2026-09-21;day;31;8587;1;False
offering;off-20bbade0-3194-4709-a27c-3be57c72c8b1;Couche IGN_Recette-4 · IGN_Recette;IGN_Recette;ds-79361f7e-71dd-4b77-952f-4047eeade1b0;WMTS-TMS;2026-09-05;day;2;712;1;False
offering;off-20bbade0-3194-4709-a27c-3be57c72c8b1;Couche IGN_Recette-4 · IGN_Recette;IGN_Recette;ds-79361f7e-71dd-4b77-952f-4047eeade1b0;WMTS-TMS;2026-09-06;day;6;1176;1;False
offering;off-20bbade0-3194-4709-a27c-3be57c72c8b1;Couche IGN_Recette-4 · IGN_Recette;IGN_Recette;ds-79361f7e-71dd-4b77-952f-4047eeade1b0;WMTS-TMS;2026-09-07;day;7;1337;1;False
offering;off-08a7ecbb-9164-41e9-81f9-4daef34b1f2f;Couche IGN_Recette-7 · IGN_Recette;IGN_Recette;ds-79361f7e-71dd-4b77-952f-4047eeade1b0;WMS-RASTER;2026-09-04;day;14;3318;1;False
offering;off-08a7ecbb-9164-41e9-81f9-4daef34b1f2f;Couche IGN_Recette-7 · IGN_Recette;IGN_Recette;ds-79361f7e-71dd-4b77-952f-4047eeade1b0;WMS-RASTER;2026-09-05;day;15;3555;1;False
offering;off-08a7ecbb-9164-41e9-81f9-4daef34b1f2f;Couche IGN_Recette-7 · IGN_Recette;IGN_Recette;ds-79361f7e-71dd-4b77-952f-4047eeade1b0;WMS-RASTER;2026-09-06;day;15;4725;1;False
offering;off-08a7ecbb-9164-41e9-81f9-4daef34b1f2f;Couche IGN_Recette-7 · IGN_Recette;IGN_Recette;ds-79361f7e-71dd-4b77-952f-4047eeade1b0;WMS-RASTER;2026-09-07;day;15;4590;1;False
offering;off-08a7ecbb-9164-41e9-81f9-4daef34b1f2f;Couche IGN_Recette-7 · IGN_Recette;IGN_Recette;ds-79361f7e-71dd-4b77-952f-4047eeade1b0;WMS-RASTER;2026-09-08;day;14;2954;1;False
offering;off-9f8fea34-2c1d-497f-8680-0bac50c60d09;Couche IGN_Recette-8 · IGN_Recette;IGN_Recette;ds-79361f7e-71dd-4b77-952f-4047eeade1b0;WMS-RASTER;2026-08-23;day;6;984;1;False
offering;off-9f8fea34-2c1d-497f-8680-0bac50c60d09;Couche IGN_Recette-8 · IGN_Recette;IGN_Recette;ds-79361f7e-71dd-4b77-952f-4047eeade1b0;WMS-RASTER;2026-08-24;day;5;1175;1;False
offering;off-9f8fea34-2c1d-497f-8680-0bac50c60d09;Couche IGN_Recette-8 · IGN_Recette;IGN_Recette;ds-79361f7e-71dd-4b77-952f-4047eeade1b0;WMS-RASTER;2026-08-25;day;5;910;1;False
offering;off-9f8fea34-2c1d-497f-8680-0bac50c60d09;Couche IGN_Recette-8 · IGN_Recette;IGN_Recette;ds-79361f7e-71dd-4b77-952f-4047eeade1b0;WMS-RASTER;2026-08-26;day;8;1624;1;False
offering;off-9f8fea34-2c1d-497f-8680-0bac50c60d09;Couche IGN_Recette-8 · IGN_Recette;IGN_Recette;ds-79361f7e-71dd-4b77-952f-4047eeade1b0;WMS-RASTER;2026-08-27;day;8;1776;1;False
offering;off-9f8fea34-2c1d-497f-8680-0bac50c60d09;Couche IGN_Recette-8 · IGN_Recette;IGN_Recette;ds-79361f7e-71dd-4b77-952f-4047eeade1b0;WMS-RASTER;2026-08-28;day;9;2727;1;False
offering;off-9f8fea34-2c1d-497f-8680-0bac50c60d09;Couche IGN_Recette-8 · IGN_Recette;IGN_Recette;ds-79361f7e-71dd-4b77-952f-4047eeade1b0;WMS-RASTER;2026-08-29;day;7;1792;1;False
offering;off-9f8fea34-2c1d-497f-8680-0bac50c60d09;Couche IGN_Recette-8 · IGN_Recette;IGN_Recette;ds-79361f7e-71dd-4b77-952f-4047eeade1b0;WMS-RASTER;2026-08-30;day;9;3510;1;False
offering;off-9f8fea34-2c1d-497f-8680-0bac50c60d09;Couche IGN_Recette-8 · IGN_Recette;IGN_Recette;ds-79361f7e-71dd-4b77-952f-4047eeade1b0;WMS-RASTER;2026-08-31;day;8;2776;1;False
offering;off-9f8fea34-2c1d-497f-8680-0bac50c60d09;Couche IGN_Recette-8 · IGN_Recette;IGN_Recette;ds-79361f7e-71dd-4b77-952f-4047eeade1b0;WMS-RASTER;2026-09-01;day;4;864;1;False
offering;off-9f8fea34-2c1d-497f-8680-0bac50c60d09;Couche IGN_Recette-8 · IGN_Recette;IGN_Recette;ds-79361f7e-71dd-4b77-952f-4047eeade1b0;WMS-RASTER;2026-09-02;day;5;1385;1;False
offering;off-9f8fea34-2c1d-497f-8680-0bac50c60d09;Couche IGN_Recette-8 · IGN_Recette;IGN_Recette;ds-79361f7e-71dd-4b77-952f-4047eeade1b0;WMS-RASTER;2026-09-03;day;4;848;1;False
offering;off-9f8fea34-2c1d-497f-8680-0bac50c60d09;Couche IGN_Recette-8 · IGN_Recette;IGN_Recette;ds-79361f7e-71dd-4b77-952f-4047eeade1b0;WMS-RASTER;2026-09-04;day;5;1190;1;False
offering;off-9f8fea34-2c1d-497f-8680-0bac50c60d09;Couche IGN_Recette-8 · IGN_Recette;IGN_Recette;ds-79361f7e-71dd-4b77-952f-4047eeade1b0;WMS-RASTER;2026-09-05;day;8;2904;1;False
offering;off-9f8fea34-2c1d-497f-8680-0bac50c60d09;Couche IGN_Recette-8 · IGN_Recette;IGN_Recette;ds-79361f7e-71dd-4b77-952f-4047eeade1b0;WMS-RASTER;2026-09-06;day;8;1368;1;False
offering;off-9f8fea34-2c1d-497f-8680-0bac50c60d09;Couche IGN_Recette-8 · IGN_Recette;IGN_Recette;ds-79361f7e-71dd-4b77-952f-4047eeade1b0;WMS-RASTER;2026-09-07;day;7;1043;1;False
offering;off-9f8fea34-2c1d-497f-8680-0bac50c60d09;Couche IGN_Recette-8 · IGN_Recette;IGN_Recette;ds-79361f7e-71dd-4b77-952f-4047eeade1b0;WMS-RASTER;2026-09-08;day;8;1632;1;False
offering;off-9f8fea34-2c1d-497f-8680-0bac50c60d09;Couche IGN_Recette-8 · IGN_Recette;IGN_Recette;ds-79361f7e-71dd-4b77-952f-4047eeade1b0;WMS-RASTER;2026-09-09;day;6;510;1;False
offering;off-9f8fea34-2c1d-497f-8680-0bac50c60d09;Couche IGN_Recette-8 · IGN_Recette;IGN_Recette;ds-79361f7e-71dd-4b77-952f-4047eeade1b0;WMS-RASTER;2026-09-10;day;7;1274;1;False
offering;off-9f8fea34-2c1d-497f-8680-0bac50c60d09;Couche IGN_Recette-8 · IGN_Recette;IGN_Recette;ds-79361f7e-71dd-4b77-952f-4047eeade1b0;WMS-RASTER;2026-09-11;day;2;734;1;False
offering;off-9f8fea34-2c1d-497f-8680-0bac50c60d09;Couche IGN_Recette-8 · IGN_Recette;IGN_Recette;ds-79361f7e-71dd-4b77-952f-4047eeade1b0;WMS-RASTER;2026-09-12;day;3;1065;1;False
offering;off-9f8fea34-2c1d-497f-8680-0bac50c60d09;Couche IGN_Recette-8 · IGN_Recette;IGN_Recette;ds-79361f7e-71dd-4b77-952f-4047eeade1b0;WMS-RASTER;2026-09-13;day;6;1344;1;False
offering;off-9f8fea34-2c1d-497f-8680-0bac50c60d09;Couche IGN_Recette-8 · IGN_Recette;IGN_Recette;ds-79361f7e-71dd-4b77-952f-4047eeade1b0;WMS-RASTER;2026-09-14;day;3;639;1;False
offering;off-9f8fea34-2c1d-497f-8680-0bac50c60d09;Couche IGN_Recette-8 · IGN_Recette;IGN_Recette;ds-79361f7e-71dd-4b77-952f-4047eeade1b0;WMS-RASTER;2026-09-15;day;7;1001;1;False
offering;off-9f8fea34-2c1d-497f-8680-0bac50c60d09;Couche IGN_Recette-8 · IGN_Recette;IGN_Recette;ds-79361f7e-71dd-4b77-952f-4047eeade1b0;WMS-RASTER;2026-09-16;day;6;558;1;False
offering;off-9f8fea34-2c1d-497f-8680-0bac50c60d09;Couche IGN_Recette-8 · IGN_Recette;IGN_Recette;ds-79361f7e-71dd-4b77-952f-4047eeade1b0;WMS-RASTER;2026-09-17;day;7;1904;1;False
offering;off-9f8fea34-2c1d-497f-8680-0bac50c60d09;Couche IGN_Recette-8 · IGN_Recette;IGN_Recette;ds-79361f7e-71dd-4b77-952f-4047eeade1b0;WMS-RASTER;2026-09-18;day;9;1818;1;False
offering;off-9f8fea34-2c1d-497f-8680-0bac50c60d09;Couche IGN_Recette-8 · IGN_Recette;IGN_Recette;ds-79361f7e-71dd-4b77-952f-4047eeade1b0;WMS-RASTER;2026-09-19;day;4;908;1;False
offering;off-9f8fea34-2c1d-497f-8680-0bac50c60d09;Couche IGN_Recette-8 · IGN_Recette;IGN_Recette;ds-79361f7e-71dd-4b77-952f-4047eeade1b0;WMS-RASTER;2026-09-20;day;5;1010;1;False
offering;off-9f8fea34-2c1d-497f-8680-0bac50c60d09;Couche IGN_Recette-8 · IGN_Recette;IGN_Recette;ds-79361f7e-71dd-4b77-952f-4047eeade1b0;WMS-RASTER;2026-09-21;day;5;1035;1;False
offering;off-706a1109-c1de-49df-9e04-1c0c813ec566;Couche IGN_Recette-12 · IGN_Recette;IGN_Recette;ds-79361f7e-71dd-4b77-952f-4047eeade1b0;WMS-RASTER;2026-09-05;day;9;2232;1;False
offering;off-706a1109-c1de-49df-9e04-1c0c813ec566;Couche IGN_Recette-12 · IGN_Recette;IGN_Recette;ds-79361f7e-71dd-4b77-952f-4047eeade1b0;WMS-RASTER;2026-09-06;day;9;2520;1;False
offering;off-706a1109-c1de-49df-9e04-1c0c813ec566;Couche IGN_Recette-12 · IGN_Recette;IGN_Recette;ds-79361f7e-71dd-4b77-952f-4047eeade1b0;WMS-RASTER;2026-09-07;day;13;4030;1;False
offering;off-706a1109-c1de-49df-9e04-1c0c813ec566;Couche IGN_Recette-12 · IGN_Recette;IGN_Recette;ds-79361f7e-71dd-4b77-952f-4047eeade1b0;WMS-RASTER;2026-09-08;day;9;2106;1;False
offering;off-706a1109-c1de-49df-9e04-1c0c813ec566;Couche IGN_Recette-12 · IGN_Recette;IGN_Recette;ds-79361f7e-71dd-4b77-952f-4047eeade1b0;WMS-RASTER;2026-09-09;day;12;2112;1;False
offering;off-706a1109-c1de-49df-9e04-1c0c813ec566;Couche IGN_Recette-12 · IGN_Recette;IGN_Recette;ds-79361f7e-71dd-4b77-952f-4047eeade1b0;WMS-RASTER;2026-09-10;day;13;4329;1;False
offering;off-da8f0963-dd4d-4375-85cc-89c69f96ad6b;Couche IGN_Recette-13 · IGN_Recette;IGN_Recette;ds-79361f7e-71dd-4b77-952f-4047eeade1b0;WMS-VECTOR;2026-08-23;day;4;1532;1;False
offering;off-da8f0963-dd4d-4375-85cc-89c69f96ad6b;Couche IGN_Recette-13 · IGN_Recette;IGN_Recette;ds-79361f7e-71dd-4b77-952f-4047eeade1b0;WMS-VECTOR;2026-08-24;day;9;3321;1;False
offering;off-da8f0963-dd4d-4375-85cc-89c69f96ad6b;Couche IGN_Recette-13 · IGN_Recette;IGN_Recette;ds-79361f7e-71dd-4b77-952f-4047eeade1b0;WMS-VECTOR;2026-08-25;day;2;406;1;False
offering;off-da8f0963-dd4d-4375-85cc-89c69f96ad6b;Couche IGN_Recette-13 · IGN_Recette;IGN_Recette;ds-79361f7e-71dd-4b77-952f-4047eeade1b0;WMS-VECTOR;2026-08-27;day;3;918;1;False
offering;off-da8f0963-dd4d-4375-85cc-89c69f96ad6b;Couche IGN_Recette-13 · IGN_Recette;IGN_Recette;ds-79361f7e-71dd-4b77-952f-4047eeade1b0;WMS-VECTOR;2026-08-28;day;4;1068;1;False
offering;off-da8f0963-dd4d-4375-85cc-89c69f96ad6b;Couche IGN_Recette-13 · IGN_Recette;IGN_Recette;ds-79361f7e-71dd-4b77-952f-4047eeade1b0;WMS-VECTOR;2026-08-29;day;2;386;1;False
offering;off-da8f0963-dd4d-4375-85cc-89c69f96ad6b;Couche IGN_Recette-13 · IGN_Recette;IGN_Recette;ds-79361f7e-71dd-4b77-952f-4047eeade1b0;WMS-VECTOR;2026-08-30;day;1;298;1;False
offering;off-da8f0963-dd4d-4375-85cc-89c69f96ad6b;Couche IGN_Recette-13 · IGN_Recette;IGN_Recette;ds-79361f7e-71dd-4b77-952f-4047eeade1b0;WMS-VECTOR;2026-08-31;day;8;3072;1;False
offering;off-da8f0963-dd4d-4375-85cc-89c69f96ad6b;Couche IGN_Recette-13 · IGN_Recette;IGN_Recette;ds-79361f7e-71dd-4b77-952f-4047eeade1b0;WMS-VECTOR;2026-09-01;day;5;1880;1;False
offering;off-da8f0963-dd4d-4375-85cc-89c69f96ad6b;Couche IGN_Recette-13 · IGN_Recette;IGN_Recette;ds-79361f7e-71dd-4b77-952f-4047eeade1b0;WMS-VECTOR;2026-09-02;day;8;2784;1;False
offering;off-da8f0963-dd4d-4375-85cc-89c69f96ad6b;Couche IGN_Recette-13 · IGN_Recette;IGN_Recette;ds-79361f7e-71dd-4b77-952f-4047eeade1b0;WMS-VECTOR;2026-09-03;day;1;152;1;False
offering;off-da8f0963-dd4d-4375-85cc-89c69f96ad6b;Couche IGN_Recette-13 · IGN_Recette;IGN_Recette;ds-79361f7e-71dd-4b77-952f-4047eeade1b0;WMS-VECTOR;2026-09-04;day;5;1405;1;False
offering;off-da8f0963-dd4d-4375-85cc-89c69f96ad6b;Couche IGN_Recette-13 · IGN_Recette;IGN_Recette;ds-79361f7e-71dd-4b77-952f-4047eeade1b0;WMS-VECTOR;2026-09-05;day;4;332;1;False
offering;off-da8f0963-dd4d-4375-85cc-89c69f96ad6b;Couche IGN_Recette-13 · IGN_Recette;IGN_Recette;ds-79361f7e-71dd-4b77-952f-4047eeade1b0;WMS-VECTOR;2026-09-07;day;6;1278;1;False
offering;off-da8f0963-dd4d-4375-85cc-89c69f96ad6b;Couche IGN_Recette-13 · IGN_Recette;IGN_Recette;ds-79361f7e-71dd-4b77-952f-4047eeade1b0;WMS-VECTOR;2026-09-08;day;5;1670;1;False
offering;off-da8f0963-dd4d-4375-85cc-89c69f96ad6b;Couche IGN_Recette-13 · IGN_Recette;IGN_Recette;ds-79361f7e-71dd-4b77-952f-4047eeade1b0;WMS-VECTOR;2026-09-09;day;9;1647;1;False
offering;off-da8f0963-dd4d-4375-85cc-89c69f96ad6b;Couche IGN_Recette-13 · IGN_Recette;IGN_Recette;ds-79361f7e-71dd-4b77-952f-4047eeade1b0;WMS-VECTOR;2026-09-11;day;2;256;1;False
offering;off-da8f0963-dd4d-4375-85cc-89c69f96ad6b;Couche IGN_Recette-13 · IGN_Recette;IGN_Recette;ds-79361f7e-71dd-4b77-952f-4047eeade1b0;WMS-VECTOR;2026-09-12;day;6;684;1;False
offering;off-da8f0963-dd4d-4375-85cc-89c69f96ad6b;Couche IGN_Recette-13 · IGN_Recette;IGN_Recette;ds-79361f7e-71dd-4b77-952f-4047eeade1b0;WMS-VECTOR;2026-09-13;day;5;400;1;False
offering;off-da8f0963-dd4d-4375-85cc-89c69f96ad6b;Couche IGN_Recette-13 · IGN_Recette;IGN_Recette;ds-79361f7e-71dd-4b77-952f-4047eeade1b0;WMS-VECTOR;2026-09-14;day;9;846;1;False
offering;off-da8f0963-dd4d-4375-85cc-89c69f96ad6b;Couche IGN_Recette-13 · IGN_Recette;IGN_Recette;ds-79361f7e-71dd-4b77-952f-4047eeade1b0;WMS-VECTOR;2026-09-15;day;5;1785;1;False
offering;off-da8f0963-dd4d-4375-85cc-89c69f96ad6b;Couche IGN_Recette-13 · IGN_Recette;IGN_Recette;ds-79361f7e-71dd-4b77-952f-4047eeade1b0;WMS-VECTOR;2026-09-16;day;7;658;1;False
offering;off-da8f0963-dd4d-4375-85cc-89c69f96ad6b;Couche IGN_Recette-13 · IGN_Recette;IGN_Recette;ds-79361f7e-71dd-4b77-952f-4047eeade1b0;WMS-VECTOR;2026-09-17;day;3;252;1;False
offering;off-da8f0963-dd4d-4375-85cc-89c69f96ad6b;Couche IGN_Recette-13 · IGN_Recette;IGN_Recette;ds-79361f7e-71dd-4b77-952f-4047eeade1b0;WMS-VECTOR;2026-09-18;day;5;1480;1;False
offering;off-da8f0963-dd4d-4375-85cc-89c69f96ad6b;Couche IGN_Recette-13 · IGN_Recette;IGN_Recette;ds-79361f7e-71dd-4b77-952f-4047eeade1b0;WMS-VECTOR;2026-09-19;day;4;968;1;False
offering;off-da8f0963-dd4d-4375-85cc-89c69f96ad6b;Couche IGN_Recette-13 · IGN_Recette;IGN_Recette;ds-79361f7e-71dd-4b77-952f-4047eeade1b0;WMS-VECTOR;2026-09-20;day;7;1554;1;False
offering;off-da8f0963-dd4d-4375-85cc-89c69f96ad6b;Couche IGN_Recette-13 · IGN_Recette;IGN_Recette;ds-79361f7e-71dd-4b77-952f-4047eeade1b0;WMS-VECTOR;2026-09-21;day;7;1344;1;False
producer_permission;ds-79361f7e-71dd-4b77-952f-4047eeade1b0:perm-592dc950-7787-411b-b6a4-be09c18ee748;Couche IGN_Recette-12 + Couche IGN_Recette-15 + Couche IGN_Recette-9 · IGN_Recette;IGN_Recette;ds-79361f7e-71dd-4b77-952f-4047eeade1b0;;2026-08-23;day;4;940;1;False
producer_permission;ds-79361f7e-71dd-4b77-952f-4047eeade1b0:perm-592dc950-7787-411b-b6a4-be09c18ee748;Couche IGN_Recette-12 + Couche IGN_Recette-15 + Couche IGN_Recette-9 · IGN_Recette;IGN_Recette;ds-79361f7e-71dd-4b77-952f-4047eeade1b0;;2026-08-24;day;7;2492;1;False
producer_permission;ds-79361f7e-71dd-4b77-952f-4047eeade1b0:perm-592dc950-7787-411b-b6a4-be09c18ee748;Couche IGN_Recette-12 + Couche IGN_Recette-15 + Couche IGN_Recette-9 · IGN_Recette;IGN_Recette;ds-79361f7e-71dd-4b77-952f-4047eeade1b0;;2026-08-25;day;7;1148;1;False
producer_permission;ds-79361f7e-71dd-4b77-952f-4047eeade1b0:perm-592dc950-7787-411b-b6a4-be09c18ee748;Couche IGN_Recette-12 + Couche IGN_Recette-15 + Couche IGN_Recette-9 · IGN_Recette;IGN_Recette;ds-79361f7e-71dd-4b77-952f-4047eeade1b0;;2026-08-26;day;2;780;1;False
producer_permission;ds-79361f7e-71dd-4b77-952f-4047eeade1b0:perm-592dc950-7787-411b-b6a4-be09c18ee748;Couche IGN_Recette-12 + Couche IGN_Recette-15 + Couche IGN_Recette-9 · IGN_Recette;IGN_Recette;ds-79361f7e-71dd-4b77-952f-4047eeade1b0;;2026-08-27;day;7;2135;1;False
producer_permission;ds-79361f7e-71dd-4b77-952f-4047eeade1b0:perm-592dc950-7787-411b-b6a4-be09c18ee748;Couche IGN_Recette-12 + Couche IGN_Recette-15 + Couche IGN_Recette-9 · IGN_Recette;IGN_Recette;ds-79361f7e-71dd-4b77-952f-4047eeade1b0;;2026-08-28;day;5;825;1;False
producer_permission;ds-79361f7e-71dd-4b77-952f-4047eeade1b0:perm-592dc950-7787-411b-b6a4-be09c18ee748;Couche IGN_Recette-12 + Couche IGN_Recette-15 + Couche IGN_Recette-9 · IGN_Recette;IGN_Recette;ds-79361f7e-71dd-4b77-952f-4047eeade1b0;;2026-08-29;day;5;1005;1;False
producer_permission;ds-79361f7e-71dd-4b77-952f-4047eeade1b0:perm-592dc950-7787-411b-b6a4-be09c18ee748;Couche IGN_Recette-12 + Couche IGN_Recette-15 + Couche IGN_Recette-9 · IGN_Recette;IGN_Recette;ds-79361f7e-71dd-4b77-952f-4047eeade1b0;;2026-08-30;day;3;969;1;False
producer_permission;ds-79361f7e-71dd-4b77-952f-4047eeade1b0:perm-592dc950-7787-411b-b6a4-be09c18ee748;Couche IGN_Recette-12 + Couche IGN_Recette-15 + Couche IGN_Recette-9 · IGN_Recette;IGN_Recette;ds-79361f7e-71dd-4b77-952f-4047eeade1b0;;2026-08-31;day;7;1617;1;False
producer_permission;ds-79361f7e-71dd-4b77-952f-4047eeade1b0:perm-592dc950-7787-411b-b6a4-be09c18ee748;Couche IGN_Recette-12 + Couche IGN_Recette-15 + Couche IGN_Recette-9 · IGN_Recette;IGN_Recette;ds-79361f7e-71dd-4b77-952f-4047eeade1b0;;2026-09-01;day;2;630;1;False
producer_permission;ds-79361f7e-71dd-4b77-952f-4047eeade1b0:perm-592dc950-7787-411b-b6a4-be09c18ee748;Couche IGN_Recette-12 + Couche IGN_Recette-15 + Couche IGN_Recette-9 · IGN_Recette;IGN_Recette;ds-79361f7e-71dd-4b77-952f-4047eeade1b0;;2026-09-02;day;9;2394;1;False
producer_permission;ds-79361f7e-71dd-4b77-952f-4047eeade1b0:perm-592dc950-7787-411b-b6a4-be09c18ee748;Couche IGN_Recette-12 + Couche IGN_Recette-15 + Couche IGN_Recette-9 · IGN_Recette;IGN_Recette;ds-79361f7e-71dd-4b77-952f-4047eeade1b0;;2026-09-03;day;9;1089;1;False
producer_permission;ds-79361f7e-71dd-4b77-952f-4047eeade1b0:perm-592dc950-7787-411b-b6a4-be09c18ee748;Couche IGN_Recette-12 + Couche IGN_Recette-15 + Couche IGN_Recette-9 · IGN_Recette;IGN_Recette;ds-79361f7e-71dd-4b77-952f-4047eeade1b0;;2026-09-04;day;5;1580;1;False
producer_permission;ds-79361f7e-71dd-4b77-952f-4047eeade1b0:perm-592dc950-7787-411b-b6a4-be09c18ee748;Couche IGN_Recette-12 + Couche IGN_Recette-15 + Couche IGN_Recette-9 · IGN_Recette;IGN_Recette;ds-79361f7e-71dd-4b77-952f-4047eeade1b0;;2026-09-05;day;4;368;1;False
producer_permission;ds-79361f7e-71dd-4b77-952f-4047eeade1b0:perm-592dc950-7787-411b-b6a4-be09c18ee748;Couche IGN_Recette-12 + Couche IGN_Recette-15 + Couche IGN_Recette-9 · IGN_Recette;IGN_Recette;ds-79361f7e-71dd-4b77-952f-4047eeade1b0;;2026-09-06;day;9;2943;1;False
producer_permission;ds-79361f7e-71dd-4b77-952f-4047eeade1b0:perm-592dc950-7787-411b-b6a4-be09c18ee748;Couche IGN_Recette-12 + Couche IGN_Recette-15 + Couche IGN_Recette-9 · IGN_Recette;IGN_Recette;ds-79361f7e-71dd-4b77-952f-4047eeade1b0;;2026-09-07;day;5;715;1;False
producer_permission;ds-79361f7e-71dd-4b77-952f-4047eeade1b0:perm-592dc950-7787-411b-b6a4-be09c18ee748;Couche IGN_Recette-12 + Couche IGN_Recette-15 + Couche IGN_Recette-9 · IGN_Recette;IGN_Recette;ds-79361f7e-71dd-4b77-952f-4047eeade1b0;;2026-09-08;day;1;201;1;False
producer_permission;ds-79361f7e-71dd-4b77-952f-4047eeade1b0:perm-592dc950-7787-411b-b6a4-be09c18ee748;Couche IGN_Recette-12 + Couche IGN_Recette-15 + Couche IGN_Recette-9 · IGN_Recette;IGN_Recette;ds-79361f7e-71dd-4b77-952f-4047eeade1b0;;2026-09-09;day;6;918;1;False
producer_permission;ds-79361f7e-71dd-4b77-952f-4047eeade1b0:perm-592dc950-7787-411b-b6a4-be09c18ee748;Couche IGN_Recette-12 + Couche IGN_Recette-15 + Couche IGN_Recette-9 · IGN_Recette;IGN_Recette;ds-79361f7e-71dd-4b77-952f-4047eeade1b0;;2026-09-10;day;5;865;1;False
producer_permission;ds-79361f7e-71dd-4b77-952f-4047eeade1b0:perm-592dc950-7787-411b-b6a4-be09c18ee748;Couche IGN_Recette-12 + Couche IGN_Recette-15 + Couche IGN_Recette-9 · IGN_Recette;IGN_Recette;ds-79361f7e-71dd-4b77-952f-4047eeade1b0;;2026-09-11;day;6;2214;1;False
producer_permission;ds-79361f7e-71dd-4b77-952f-4047eeade1b0:perm-592dc950-7787-411b-b6a4-be09c18ee748;Couche IGN_Recette-12 + Couche IGN_Recette-15 + Couche IGN_Recette-9 · IGN_Recette;IGN_Recette;ds-79361f7e-71dd-4b77-952f-4047eeade1b0;;2026-09-12;day;1;141;1;False
producer_permission;ds-79361f7e-71dd-4b77-952f-4047eeade1b0:perm-592dc950-7787-411b-b6a4-be09c18ee748;Couche IGN_Recette-12 + Couche IGN_Recette-15 + Couche IGN_Recette-9 · IGN_Recette;IGN_Recette;ds-79361f7e-71dd-4b77-952f-4047eeade1b0;;2026-09-13;day;6;2400;1;False
producer_permission;ds-79361f7e-71dd-4b77-952f-4047eeade1b0:perm-592dc950-7787-411b-b6a4-be09c18ee748;Couche IGN_Recette-12 + Couche IGN_Recette-15 + Couche IGN_Recette-9 · IGN_Recette;IGN_Recette;ds-79361f7e-71dd-4b77-952f-4047eeade1b0;;2026-09-14;day;6;2082;1;False
producer_permission;ds-79361f7e-71dd-4b77-952f-4047eeade1b0:perm-592dc950-7787-411b-b6a4-be09c18ee748;Couche IGN_Recette-12 + Couche IGN_Recette-15 + Couche IGN_Recette-9 · IGN_Recette;IGN_Recette;ds-79361f7e-71dd-4b77-952f-4047eeade1b0;;2026-09-15;day;9;1197;1;False
producer_permission;ds-79361f7e-71dd-4b77-952f-4047eeade1b0:perm-592dc950-7787-411b-b6a4-be09c18ee748;Couche IGN_Recette-12 + Couche IGN_Recette-15 + Couche IGN_Recette-9 · IGN_Recette;IGN_Recette;ds-79361f7e-71dd-4b77-952f-4047eeade1b0;;2026-09-16;day;10;1240;1;False
producer_permission;ds-79361f7e-71dd-4b77-952f-4047eeade1b0:perm-592dc950-7787-411b-b6a4-be09c18ee748;Couche IGN_Recette-12 + Couche IGN_Recette-15 + Couche IGN_Recette-9 · IGN_Recette;IGN_Recette;ds-79361f7e-71dd-4b77-952f-4047eeade1b0;;2026-09-17;day;5;1225;1;False
producer_permission;ds-79361f7e-71dd-4b77-952f-4047eeade1b0:perm-592dc950-7787-411b-b6a4-be09c18ee748;Couche IGN_Recette-12 + Couche IGN_Recette-15 + Couche IGN_Recette-9 · IGN_Recette;IGN_Recette;ds-79361f7e-71dd-4b77-952f-4047eeade1b0;;2026-09-18;day;3;543;1;False
producer_permission;ds-79361f7e-71dd-4b77-952f-4047eeade1b0:perm-592dc950-7787-411b-b6a4-be09c18ee748;Couche IGN_Recette-12 + Couche IGN_Recette-15 + Couche IGN_Recette-9 · IGN_Recette;IGN_Recette;ds-79361f7e-71dd-4b77-952f-4047eeade1b0;;2026-09-19;day;4;844;1;False
producer_permission;ds-79361f7e-71dd-4b77-952f-4047eeade1b0:perm-592dc950-7787-411b-b6a4-be09c18ee748;Couche IGN_Recette-12 + Couche IGN_Recette-15 + Couche IGN_Recette-9 · IGN_Recette;IGN_Recette;ds-79361f7e-71dd-4b77-952f-4047eeade1b0;;2026-09-20;day;10;2460;1;False
producer_permission;ds-79361f7e-71dd-4b77-952f-4047eeade1b0:perm-592dc950-7787-411b-b6a4-be09c18ee748;Couche IGN_Recette-12 + Couche IGN_Recette-15 + Couche IGN_Recette-9 · IGN_Recette;IGN_Recette;ds-79361f7e-71dd-4b77-952f-4047eeade1b0;;2026-09-21;day;3;783;1;False
producer_permission;ds-79361f7e-71dd-4b77-952f-4047eeade1b0:perm-7d3377fd-4a88-4e1e-9019-6013818ac76a;Couche IGN_Recette-14 + Couche IGN_Recette-8 + Couche IGN_Recette-11 · IGN_Recette;IGN_Recette;ds-79361f7e-71dd-4b77-952f-4047eeade1b0;;2026-08-23;day;5;895;1;False
producer_permission;ds-79361f7e-71dd-4b77-952f-4047eeade1b0:perm-7d3377fd-4a88-4e1e-9019-6013818ac76a;Couche IGN_Recette-14 + Couche IGN_Recette-8 + Couche IGN_Recette-11 · IGN_Recette;IGN_Recette;ds-79361f7e-71dd-4b77-952f-4047eeade1b0;;2026-08-24;day;7;819;1;False
producer_permission;ds-79361f7e-71dd-4b77-952f-4047eeade1b0:perm-7d3377fd-4a88-4e1e-9019-6013818ac76a;Couche IGN_Recette-14 + Couche IGN_Recette-8 + Couche IGN_Recette-11 · IGN_Recette;IGN_Recette;ds-79361f7e-71dd-4b77-952f-4047eeade1b0;;2026-08-25;day;1;236;1;False
producer_permission;ds-79361f7e-71dd-4b77-952f-4047eeade1b0:perm-7d3377fd-4a88-4e1e-9019-6013818ac76a;Couche IGN_Recette-14 + Couche IGN_Recette-8 + Couche IGN_Recette-11 · IGN_Recette;IGN_Recette;ds-79361f7e-71dd-4b77-952f-4047eeade1b0;;2026-08-26;day;5;1605;1;False
producer_permission;ds-79361f7e-71dd-4b77-952f-4047eeade1b0:perm-7d3377fd-4a88-4e1e-9019-6013818ac76a;Couche IGN_Recette-14 + Couche IGN_Recette-8 + Couche IGN_Recette-11 · IGN_Recette;IGN_Recette;ds-79361f7e-71dd-4b77-952f-4047eeade1b0;;2026-08-27;day;5;530;1;False
producer_permission;ds-79361f7e-71dd-4b77-952f-4047eeade1b0:perm-7d3377fd-4a88-4e1e-9019-6013818ac76a;Couche IGN_Recette-14 + Couche IGN_Recette-8 + Couche IGN_Recette-11 · IGN_Recette;IGN_Recette;ds-79361f7e-71dd-4b77-952f-4047eeade1b0;;2026-08-28;day;5;475;1;False
producer_permission;ds-79361f7e-71dd-4b77-952f-4047eeade1b0:perm-7d3377fd-4a88-4e1e-9019-6013818ac76a;Couche IGN_Recette-14 + Couche IGN_Recette-8 + Couche IGN_Recette-11 · IGN_Recette;IGN_Recette;ds-79361f7e-71dd-4b77-952f-4047eeade1b0;;2026-08-31;day;1;193;1;False
producer_permission;ds-79361f7e-71dd-4b77-952f-4047eeade1b0:perm-7d3377fd-4a88-4e1e-9019-6013818ac76a;Couche IGN_Recette-14 + Couche IGN_Recette-8 + Couche IGN_Recette-11 · IGN_Recette;IGN_Recette;ds-79361f7e-71dd-4b77-952f-4047eeade1b0;;2026-09-01;day;6;1332;1;False
producer_permission;ds-79361f7e-71dd-4b77-952f-4047eeade1b0:perm-7d3377fd-4a88-4e1e-9019-6013818ac76a;Couche IGN_Recette-14 + Couche IGN_Recette-8 + Couche IGN_Recette-11 · IGN_Recette;IGN_Recette;ds-79361f7e-71dd-4b77-952f-4047eeade1b0;;2026-09-02;day;6;2238;1;False
producer_permission;ds-79361f7e-71dd-4b77-952f-4047eeade1b0:perm-7d3377fd-4a88-4e1e-9019-6013818ac76a;Couche IGN_Recette-14 + Couche IGN_Recette-8 + Couche IGN_Recette-11 · IGN_Recette;IGN_Recette;ds-79361f7e-71dd-4b77-952f-4047eeade1b0;;2026-09-03;day;3;357;1;False
producer_permission;ds-79361f7e-71dd-4b77-952f-4047eeade1b0:perm-7d3377fd-4a88-4e1e-9019-6013818ac76a;Couche IGN_Recette-14 + Couche IGN_Recette-8 + Couche IGN_Recette-11 · IGN_Recette;IGN_Recette;ds-79361f7e-71dd-4b77-952f-4047eeade1b0;;2026-09-04;day;3;1194;1;False
producer_permission;ds-79361f7e-71dd-4b77-952f-4047eeade1b0:perm-7d3377fd-4a88-4e1e-9019-6013818ac76a;Couche IGN_Recette-14 + Couche IGN_Recette-8 + Couche IGN_Recette-11 · IGN_Recette;IGN_Recette;ds-79361f7e-71dd-4b77-952f-4047eeade1b0;;2026-09-05;day;4;624;1;False
producer_permission;ds-79361f7e-71dd-4b77-952f-4047eeade1b0:perm-7d3377fd-4a88-4e1e-9019-6013818ac76a;Couche IGN_Recette-14 + Couche IGN_Recette-8 + Couche IGN_Recette-11 · IGN_Recette;IGN_Recette;ds-79361f7e-71dd-4b77-952f-4047eeade1b0;;2026-09-06;day;4;732;1;False
producer_permission;ds-79361f7e-71dd-4b77-952f-4047eeade1b0:perm-7d3377fd-4a88-4e1e-9019-6013818ac76a;Couche IGN_Recette-14 + Couche IGN_Recette-8 + Couche IGN_Recette-11 · IGN_Recette;IGN_Recette;ds-79361f7e-71dd-4b77-952f-4047eeade1b0;;2026-09-07;day;2;478;1;False
producer_permission;ds-79361f7e-71dd-4b77-952f-4047eeade1b0:perm-7d3377fd-4a88-4e1e-9019-6013818ac76a;Couche IGN_Recette-14 + Couche IGN_Recette-8 + Couche IGN_Recette-11 · IGN_Recette;IGN_Recette;ds-79361f7e-71dd-4b77-952f-4047eeade1b0;;2026-09-08;day;5;1265;1;False
producer_permission;ds-79361f7e-71dd-4b77-952f-4047eeade1b0:perm-7d3377fd-4a88-4e1e-9019-6013818ac76a;Couche IGN_Recette-14 + Couche IGN_Recette-8 + Couche IGN_Recette-11 · IGN_Recette;IGN_Recette;ds-79361f7e-71dd-4b77-952f-4047eeade1b0;;2026-09-09;day;1;220;1;False
producer_permission;ds-79361f7e-71dd-4b77-952f-4047eeade1b0:perm-7d3377fd-4a88-4e1e-9019-6013818ac76a;Couche IGN_Recette-14 + Couche IGN_Recette-8 + Couche IGN_Recette-11 · IGN_Recette;IGN_Recette;ds-79361f7e-71dd-4b77-952f-4047eeade1b0;;2026-09-10;day;6;1620;1;False
producer_permission;ds-79361f7e-71dd-4b77-952f-4047eeade1b0:perm-7d3377fd-4a88-4e1e-9019-6013818ac76a;Couche IGN_Recette-14 + Couche IGN_Recette-8 + Couche IGN_Recette-11 · IGN_Recette;IGN_Recette;ds-79361f7e-71dd-4b77-952f-4047eeade1b0;;2026-09-11;day;6;1758;1;False
producer_permission;ds-79361f7e-71dd-4b77-952f-4047eeade1b0:perm-7d3377fd-4a88-4e1e-9019-6013818ac76a;Couche IGN_Recette-14 + Couche IGN_Recette-8 + Couche IGN_Recette-11 · IGN_Recette;IGN_Recette;ds-79361f7e-71dd-4b77-952f-4047eeade1b0;;2026-09-12;day;4;1032;1;False
producer_permission;ds-79361f7e-71dd-4b77-952f-4047eeade1b0:perm-7d3377fd-4a88-4e1e-9019-6013818ac76a;Couche IGN_Recette-14 + Couche IGN_Recette-8 + Couche IGN_Recette-11 · IGN_Recette;IGN_Recette;ds-79361f7e-71dd-4b77-952f-4047eeade1b0;;2026-09-13;day;1;304;1;False
producer_permission;ds-79361f7e-71dd-4b77-952f-4047eeade1b0:perm-7d3377fd-4a88-4e1e-9019-6013818ac76a;Couche IGN_Recette-14 + Couche IGN_Recette-8 + Couche IGN_Recette-11 · IGN_Recette;IGN_Recette;ds-79361f7e-71dd-4b77-952f-4047eeade1b0;;2026-09-14;day;4;1040;1;False
producer_permission;ds-79361f7e-71dd-4b77-952f-4047eeade1b0:perm-7d3377fd-4a88-4e1e-9019-6013818ac76a;Couche IGN_Recette-14 + Couche IGN_Recette-8 + Couche IGN_Recette-11 · IGN_Recette;IGN_Recette;ds-79361f7e-71dd-4b77-952f-4047eeade1b0;;2026-09-15;day;6;1626;1;False
producer_permission;ds-79361f7e-71dd-4b77-952f-4047eeade1b0:perm-7d3377fd-4a88-4e1e-9019-6013818ac76a;Couche IGN_Recette-14 + Couche IGN_Recette-8 + Couche IGN_Recette-11 · IGN_Recette;IGN_Recette;ds-79361f7e-71dd-4b77-952f-4047eeade1b0;;2026-09-16;day;6;1278;1;False
producer_permission;ds-79361f7e-71dd-4b77-952f-4047eeade1b0:perm-7d3377fd-4a88-4e1e-9019-6013818ac76a;Couche IGN_Recette-14 + Couche IGN_Recette-8 + Couche IGN_Recette-11 · IGN_Recette;IGN_Recette;ds-79361f7e-71dd-4b77-952f-4047eeade1b0;;2026-09-17;day;3;345;1;False
producer_permission;ds-79361f7e-71dd-4b77-952f-4047eeade1b0:perm-7d3377fd-4a88-4e1e-9019-6013818ac76a;Couche IGN_Recette-14 + Couche IGN_Recette-8 + Couche IGN_Recette-11 · IGN_Recette;IGN_Recette;ds-79361f7e-71dd-4b77-952f-4047eeade1b0;;2026-09-18;day;4;1284;1;False
producer_permission;ds-79361f7e-71dd-4b77-952f-4047eeade1b0:perm-7d3377fd-4a88-4e1e-9019-6013818ac76a;Couche IGN_Recette-14 + Couche IGN_Recette-8 + Couche IGN_Recette-11 · IGN_Recette;IGN_Recette;ds-79361f7e-71dd-4b77-952f-4047eeade1b0;;2026-09-19;day;5;1915;1;False
producer_permission;ds-79361f7e-71dd-4b77-952f-4047eeade1b0:perm-7d3377fd-4a88-4e1e-9019-6013818ac76a;Couche IGN_Recette-14 + Couche IGN_Recette-8 + Couche IGN_Recette-11 · IGN_Recette;IGN_Recette;ds-79361f7e-71dd-4b77-952f-4047eeade1b0;;2026-09-20;day;5;1295;1;False
producer_permission;ds-79361f7e-71dd-4b77-952f-4047eeade1b0:perm-1d5150db-0bef-407a-90fe-bc301de46426;Couche IGN_Recette-12 + Couche IGN_Recette-10 + Couche IGN_Recette-14 · IGN_Recette;IGN_Recette;ds-79361f7e-71dd-4b77-952f-4047eeade1b0;;2026-08-23;day;4;1516;1;False
producer_permission;ds-79361f7e-71dd-4b77-952f-4047eeade1b0:perm-1d5150db-0bef-407a-90fe-bc301de46426;Couche IGN_Recette-12 + Couche IGN_Recette-10 + Couche IGN_Recette-14 · IGN_Recette;IGN_Recette;ds-79361f7e-71dd-4b77-952f-4047eeade1b0;;2026-08-24;day;8;3120;1;False
producer_permission;ds-79361f7e-71dd-4b77-952f-4047eeade1b0:perm-1d5150db-0bef-407a-90fe-bc301de46426;Couche IGN_Recette-12 + Couche IGN_Recette-10 + Couche IGN_Recette-14 · IGN_Recette;IGN_Recette;ds-79361f7e-71dd-4b77-952f-4047eeade1b0;;2026-08-25;day;8;1688;1;False
producer_permission;ds-79361f7e-71dd-4b77-952f-4047eeade1b0:perm-1d5150db-0bef-407a-90fe-bc301de46426;Couche IGN_Recette-12 + Couche IGN_Recette-10 + Couche IGN_Recette-14 · IGN_Recette;IGN_Recette;ds-79361f7e-71dd-4b77-952f-4047eeade1b0;;2026-08-26;day;1;168;1;False
producer_permission;ds-79361f7e-71dd-4b77-952f-4047eeade1b0:perm-1d5150db-0bef-407a-90fe-bc301de46426;Couche IGN_Recette-12 + Couche IGN_Recette-10 + Couche IGN_Recette-14 · IGN_Recette;IGN_Recette;ds-79361f7e-71dd-4b77-952f-4047eeade1b0;;2026-08-27;day;6;2028;1;False
producer_permission;ds-79361f7e-71dd-4b77-952f-4047eeade1b0:perm-1d5150db-0bef-407a-90fe-bc301de46426;Couche IGN_Recette-12 + Couche IGN_Recette-10 + Couche IGN_Recette-14 · IGN_Recette;IGN_Recette;ds-79361f7e-71dd-4b77-952f-4047eeade1b0;;2026-08-28;day;2;478;1;False
producer_permission;ds-79361f7e-71dd-4b77-952f-4047eeade1b0:perm-1d5150db-0bef-407a-90fe-bc301de46426;Couche IGN_Recette-12 + Couche IGN_Recette-10 + Couche IGN_Recette-14 · IGN_Recette;IGN_Recette;ds-79361f7e-71dd-4b77-952f-4047eeade1b0;;2026-08-30;day;6;1002;1;False
producer_permission;ds-79361f7e-71dd-4b77-952f-4047eeade1b0:perm-1d5150db-0bef-407a-90fe-bc301de46426;Couche IGN_Recette-12 + Couche IGN_Recette-10 + Couche IGN_Recette-14 · IGN_Recette;IGN_Recette;ds-79361f7e-71dd-4b77-952f-4047eeade1b0;;2026-08-31;day;5;740;1;False
producer_permission;ds-79361f7e-71dd-4b77-952f-4047eeade1b0:perm-1d5150db-0bef-407a-90fe-bc301de46426;Couche IGN_Recette-12 + Couche IGN_Recette-10 + Couche IGN_Recette-14 · IGN_Recette;IGN_Recette;ds-79361f7e-71dd-4b77-952f-4047eeade1b0;;2026-09-01;day;5;1820;1;False
producer_permission;ds-79361f7e-71dd-4b77-952f-4047eeade1b0:perm-1d5150db-0bef-407a-90fe-bc301de46426;Couche IGN_Recette-12 + Couche IGN_Recette-10 + Couche IGN_Recette-14 · IGN_Recette;IGN_Recette;ds-79361f7e-71dd-4b77-952f-4047eeade1b0;;2026-09-03;day;4;1152;1;False
producer_permission;ds-79361f7e-71dd-4b77-952f-4047eeade1b0:perm-1d5150db-0bef-407a-90fe-bc301de46426;Couche IGN_Recette-12 + Couche IGN_Recette-10 + Couche IGN_Recette-14 · IGN_Recette;IGN_Recette;ds-79361f7e-71dd-4b77-952f-4047eeade1b0;;2026-09-06;day;8;1600;1;False
producer_permission;ds-79361f7e-71dd-4b77-952f-4047eeade1b0:perm-1d5150db-0bef-407a-90fe-bc301de46426;Couche IGN_Recette-12 + Couche IGN_Recette-10 + Couche IGN_Recette-14 · IGN_Recette;IGN_Recette;ds-79361f7e-71dd-4b77-952f-4047eeade1b0;;2026-09-07;day;2;678;1;False
producer_permission;ds-79361f7e-71dd-4b77-952f-4047eeade1b0:perm-1d5150db-0bef-407a-90fe-bc301de46426;Couche IGN_Recette-12 + Couche IGN_Recette-10 + Couche IGN_Recette-14 · IGN_Recette;IGN_Recette;ds-79361f7e-71dd-4b77-952f-4047eeade1b0;;2026-09-08;day;5;900;1;False
producer_permission;ds-79361f7e-71dd-4b77-952f-4047eeade1b0:perm-1d5150db-0bef-407a-90fe-bc301de46426;Couche IGN_Recette-12 + Couche IGN_Recette-10 + Couche IGN_Recette-14 · IGN_Recette;IGN_Recette;ds-79361f7e-71dd-4b77-952f-4047eeade1b0;;2026-09-09;day;6;876;1;False
producer_permission;ds-79361f7e-71dd-4b77-952f-4047eeade1b0:perm-1d5150db-0bef-407a-90fe-bc301de46426;Couche IGN_Recette-12 + Couche IGN_Recette-10 + Couche IGN_Recette-14 · IGN_Recette;IGN_Recette;ds-79361f7e-71dd-4b77-952f-4047eeade1b0;;2026-09-11;day;5;435;1;False
producer_permission;ds-79361f7e-71dd-4b77-952f-4047eeade1b0:perm-1d5150db-0bef-407a-90fe-bc301de46426;Couche IGN_Recette-12 + Couche IGN_Recette-10 + Couche IGN_Recette-14 · IGN_Recette;IGN_Recette;ds-79361f7e-71dd-4b77-952f-4047eeade1b0;;2026-09-13;day;3;462;1;False
producer_permission;ds-79361f7e-71dd-4b77-952f-4047eeade1b0:perm-1d5150db-0bef-407a-90fe-bc301de46426;Couche IGN_Recette-12 + Couche IGN_Recette-10 + Couche IGN_Recette-14 · IGN_Recette;IGN_Recette;ds-79361f7e-71dd-4b77-952f-4047eeade1b0;;2026-09-14;day;6;654;1;False
producer_permission;ds-79361f7e-71dd-4b77-952f-4047eeade1b0:perm-1d5150db-0bef-407a-90fe-bc301de46426;Couche IGN_Recette-12 + Couche IGN_Recette-10 + Couche IGN_Recette-14 · IGN_Recette;IGN_Recette;ds-79361f7e-71dd-4b77-952f-4047eeade1b0;;2026-09-15;day;3;243;1;False
producer_permission;ds-79361f7e-71dd-4b77-952f-4047eeade1b0:perm-1d5150db-0bef-407a-90fe-bc301de46426;Couche IGN_Recette-12 + Couche IGN_Recette-10 + Couche IGN_Recette-14 · IGN_Recette;IGN_Recette;ds-79361f7e-71dd-4b77-952f-4047eeade1b0;;2026-09-16;day;4;868;1;False
producer_permission;ds-79361f7e-71dd-4b77-952f-4047eeade1b0:perm-1d5150db-0bef-407a-90fe-bc301de46426;Couche IGN_Recette-12 + Couche IGN_Recette-10 + Couche IGN_Recette-14 · IGN_Recette;IGN_Recette;ds-79361f7e-71dd-4b77-952f-4047eeade1b0;;2026-09-17;day;7;693;1;False
producer_permission;ds-79361f7e-71dd-4b77-952f-4047eeade1b0:perm-1d5150db-0bef-407a-90fe-bc301de46426;Couche IGN_Recette-12 + Couche IGN_Recette-10 + Couche IGN_Recette-14 · IGN_Recette;IGN_Recette;ds-79361f7e-71dd-4b77-952f-4047eeade1b0;;2026-09-18;day;6;2292;1;False
producer_permission;ds-79361f7e-71dd-4b77-952f-4047eeade1b0:perm-1d5150db-0bef-407a-90fe-bc301de46426;Couche IGN_Recette-12 + Couche IGN_Recette-10 + Couche IGN_Recette-14 · IGN_Recette;IGN_Recette;ds-79361f7e-71dd-4b77-952f-4047eeade1b0;;2026-09-19;day;2;480;1;False
producer_permission;ds-79361f7e-71dd-4b77-952f-4047eeade1b0:perm-1d5150db-0bef-407a-90fe-bc301de46426;Couche IGN_Recette-12 + Couche IGN_Recette-10 + Couche IGN_Recette-14 · IGN_Recette;IGN_Recette;ds-79361f7e-71dd-4b77-952f-4047eeade1b0;;2026-09-20;day;6;648;1;False
endpoint;ds-e8e54917-41a5-412c-997d-8e754468d105:ep-950566ec-667c-4667-a26a-43377bee38d5;Diffusion ep-95056 · IGN_Prod;IGN_Prod;ds-e8e54917-41a5-412c-997d-8e754468d105;WFS;2026-08-23;day;30;9990;1;False
endpoint;ds-e8e54917-41a5-412c-997d-8e754468d105:ep-950566ec-667c-4667-a26a-43377bee38d5;Diffusion ep-95056 · IGN_Prod;IGN_Prod;ds-e8e54917-41a5-412c-997d-8e754468d105;WFS;2026-08-24;day;31;10695;1;False
endpoint;ds-e8e54917-41a5-412c-997d-8e754468d105:ep-950566ec-667c-4667-a26a-43377bee38d5;Diffusion ep-95056 · IGN_Prod;IGN_Prod;ds-e8e54917-41a5-412c-997d-8e754468d105;WFS;2026-08-25;day;31;9052;1;False
endpoint;ds-e8e54917-41a5-412c-997d-8e754468d105:ep-950566ec-667c-4667-a26a-43377bee38d5;Diffusion ep-95056 · IGN_Prod;IGN_Prod;ds-e8e54917-41a5-412c-997d-8e754468d105;WFS;2026-08-26;day;32;10304;1;False
endpoint;ds-e8e54917-41a5-412c-997d-8e754468d105:ep-950566ec-667c-4667-a26a-43377bee38d5;Diffusion ep-95056 · IGN_Prod;IGN_Prod;ds-e8e54917-41a5-412c-997d-8e754468d105;WFS;2026-08-27;day;31;5952;1;False
endpoint;ds-e8e54917-41a5-412c-997d-8e754468d105:ep-950566ec-667c-4667-a26a-43377bee38d5;Diffusion ep-95056 · IGN_Prod;IGN_Prod;ds-e8e54917-41a5-412c-997d-8e754468d105;WFS;2026-08-28;day;25;3100;1;False
endpoint;ds-e8e54917-41a5-412c-997d-8e754468d105:ep-950566ec-667c-4667-a26a-43377bee38d5;Diffusion ep-95056 · IGN_Prod;IGN_Prod;ds-e8e54917-41a5-412c-997d-8e754468d105;WFS;2026-08-29;day;27;5400;1;False
endpoint;ds-e8e54917-41a5-412c-997d-8e754468d105:ep-950566ec-667c-4667-a26a-43377bee38d5;Diffusion ep-95056 · IGN_Prod;IGN_Prod;ds-e8e54917-41a5-412c-997d-8e754468d105;WFS;2026-08-30;day;25;2750;1;False
endpoint;ds-e8e54917-41a5-412c-997d-8e754468d105:ep-950566ec-667c-4667-a26a-43377bee38d5;Diffusion ep-95056 · IGN_Prod;IGN_Prod;ds-e8e54917-41a5-412c-997d-8e754468d105;WFS;2026-08-31;day;29;11281;1;False
endpoint;ds-e8e54917-41a5-412c-997d-8e754468d105:ep-950566ec-667c-4667-a26a-43377bee38d5;Diffusion ep-95056 · IGN_Prod;IGN_Prod;ds-e8e54917-41a5-412c-997d-8e754468d105;WFS;2026-09-01;day;29;11223;1;False
endpoint;ds-e8e54917-41a5-412c-997d-8e754468d105:ep-950566ec-667c-4667-a26a-43377bee38d5;Diffusion ep-95056 · IGN_Prod;IGN_Prod;ds-e8e54917-41a5-412c-997d-8e754468d105;WFS;2026-09-02;day;34;6358;1;False
endpoint;ds-e8e54917-41a5-412c-997d-8e754468d105:ep-950566ec-667c-4667-a26a-43377bee38d5;Diffusion ep-95056 · IGN_Prod;IGN_Prod;ds-e8e54917-41a5-412c-997d-8e754468d105;WFS;2026-09-03;day;30;3390;1;False
endpoint;ds-e8e54917-41a5-412c-997d-8e754468d105:ep-950566ec-667c-4667-a26a-43377bee38d5;Diffusion ep-95056 · IGN_Prod;IGN_Prod;ds-e8e54917-41a5-412c-997d-8e754468d105;WFS;2026-09-04;day;28;10332;1;False
endpoint;ds-e8e54917-41a5-412c-997d-8e754468d105:ep-950566ec-667c-4667-a26a-43377bee38d5;Diffusion ep-95056 · IGN_Prod;IGN_Prod;ds-e8e54917-41a5-412c-997d-8e754468d105;WFS;2026-09-05;day;34;12920;1;False
endpoint;ds-e8e54917-41a5-412c-997d-8e754468d105:ep-950566ec-667c-4667-a26a-43377bee38d5;Diffusion ep-95056 · IGN_Prod;IGN_Prod;ds-e8e54917-41a5-412c-997d-8e754468d105;WFS;2026-09-06;day;34;6766;1;False
endpoint;ds-e8e54917-41a5-412c-997d-8e754468d105:ep-950566ec-667c-4667-a26a-43377bee38d5;Diffusion ep-95056 · IGN_Prod;IGN_Prod;ds-e8e54917-41a5-412c-997d-8e754468d105;WFS;2026-09-07;day;32;4000;1;False
endpoint;ds-e8e54917-41a5-412c-997d-8e754468d105:ep-950566ec-667c-4667-a26a-43377bee38d5;Diffusion ep-95056 · IGN_Prod;IGN_Prod;ds-e8e54917-41a5-412c-997d-8e754468d105;WFS;2026-09-08;day;30;4320;1;False
endpoint;ds-e8e54917-41a5-412c-997d-8e754468d105:ep-950566ec-667c-4667-a26a-43377bee38d5;Diffusion ep-95056 · IGN_Prod;IGN_Prod;ds-e8e54917-41a5-412c-997d-8e754468d105;WFS;2026-09-09;day;27;2889;1;False
endpoint;ds-e8e54917-41a5-412c-997d-8e754468d105:ep-950566ec-667c-4667-a26a-43377bee38d5;Diffusion ep-95056 · IGN_Prod;IGN_Prod;ds-e8e54917-41a5-412c-997d-8e754468d105;WFS;2026-09-10;day;28;6860;1;False
endpoint;ds-e8e54917-41a5-412c-997d-8e754468d105:ep-950566ec-667c-4667-a26a-43377bee38d5;Diffusion ep-95056 · IGN_Prod;IGN_Prod;ds-e8e54917-41a5-412c-997d-8e754468d105;WFS;2026-09-11;day;26;7280;1;False
endpoint;ds-e8e54917-41a5-412c-997d-8e754468d105:ep-950566ec-667c-4667-a26a-43377bee38d5;Diffusion ep-95056 · IGN_Prod;IGN_Prod;ds-e8e54917-41a5-412c-997d-8e754468d105;WFS;2026-09-12;day;32;8544;1;False
endpoint;ds-e8e54917-41a5-412c-997d-8e754468d105:ep-950566ec-667c-4667-a26a-43377bee38d5;Diffusion ep-95056 · IGN_Prod;IGN_Prod;ds-e8e54917-41a5-412c-997d-8e754468d105;WFS;2026-09-13;day;26;6916;1;False
endpoint;ds-e8e54917-41a5-412c-997d-8e754468d105:ep-950566ec-667c-4667-a26a-43377bee38d5;Diffusion ep-95056 · IGN_Prod;IGN_Prod;ds-e8e54917-41a5-412c-997d-8e754468d105;WFS;2026-09-14;day;29;3944;1;False
endpoint;ds-e8e54917-41a5-412c-997d-8e754468d105:ep-950566ec-667c-4667-a26a-43377bee38d5;Diffusion ep-95056 · IGN_Prod;IGN_Prod;ds-e8e54917-41a5-412c-997d-8e754468d105;WFS;2026-09-15;day;31;6355;1;False
endpoint;ds-e8e54917-41a5-412c-997d-8e754468d105:ep-950566ec-667c-4667-a26a-43377bee38d5;Diffusion ep-95056 · IGN_Prod;IGN_Prod;ds-e8e54917-41a5-412c-997d-8e754468d105;WFS;2026-09-16;day;32;5568;1;False
endpoint;ds-e8e54917-41a5-412c-997d-8e754468d105:ep-950566ec-667c-4667-a26a-43377bee38d5;Diffusion ep-95056 · IGN_Prod;IGN_Prod;ds-e8e54917-41a5-412c-997d-8e754468d105;WFS;2026-09-17;day;26;8814;1;False
endpoint;ds-e8e54917-41a5-412c-997d-8e754468d105:ep-950566ec-667c-4667-a26a-43377bee38d5;Diffusion ep-95056 · IGN_Prod;IGN_Prod;ds-e8e54917-41a5-412c-997d-8e754468d105;WFS;2026-09-18;day;29;8149;1;False
endpoint;ds-e8e54917-41a5-412c-997d-8e754468d105:ep-950566ec-667c-4667-a26a-43377bee38d5;Diffusion ep-95056 · IGN_Prod;IGN_Prod;ds-e8e54917-41a5-412c-997d-8e754468d105;WFS;2026-09-19;day;34;7718;1;False
endpoint;ds-e8e54917-41a5-412c-997d-8e754468d105:ep-950566ec-667c-4667-a26a-43377bee38d5;Diffusion ep-95056 · IGN_Prod;IGN_Prod;ds-e8e54917-41a5-412c-997d-8e754468d105;WFS;2026-09-20;day;33;9141;1;False
endpoint;ds-e8e54917-41a5-412c-997d-8e754468d105:ep-950566ec-667c-4667-a26a-43377bee38d5;Diffusion ep-95056 · IGN_Prod;IGN_Prod;ds-e8e54917-41a5-412c-997d-8e754468d105;WFS;2026-09-21;day;29;6815;1;False
endpoint;ds-e8e54917-41a5-412c-997d-8e754468d105:ep-f48bc594-2291-45b1-a8c3-9045747ba99d;Diffusion ep-f48bc · IGN_Prod;IGN_Prod;ds-e8e54917-41a5-412c-997d-8e754468d105;WFS;2026-08-23;day;26;7072;1;False
endpoint;ds-e8e54917-41a5-412c-997d-8e754468d105:ep-f48bc594-2291-45b1-a8c3-9045747ba99d;Diffusion ep-f48bc · IGN_Prod;IGN_Prod;ds-e8e54917-41a5-412c-997d-8e754468d105;WFS;2026-08-24;day;24;2400;1;False
endpoint;ds-e8e54917-41a5-412c-997d-8e754468d105:ep-f48bc594-2291-45b1-a8c3-9045747ba99d;Diffusion ep-f48bc · IGN_Prod;IGN_Prod;ds-e8e54917-41a5-412c-997d-8e754468d105;WFS;2026-08-25;day;30;5310;1;False
endpoint;ds-e8e54917-41a5-412c-997d-8e754468d105:ep-f48bc594-2291-45b1-a8c3-9045747ba99d;Diffusion ep-f48bc · IGN_Prod;IGN_Prod;ds-e8e54917-41a5-412c-997d-8e754468d105;WFS;2026-08-26;day;23;4232;1;False
endpoint;ds-e8e54917-41a5-412c-997d-8e754468d105:ep-f48bc594-2291-45b1-a8c3-9045747ba99d;Diffusion ep-f48bc · IGN_Prod;IGN_Prod;ds-e8e54917-41a5-412c-997d-8e754468d105;WFS;2026-08-27;day;26;6630;1;False
endpoint;ds-e8e54917-41a5-412c-997d-8e754468d105:ep-f48bc594-2291-45b1-a8c3-9045747ba99d;Diffusion ep-f48bc · IGN_Prod;IGN_Prod;ds-e8e54917-41a5-412c-997d-8e754468d105;WFS;2026-08-28;day;26;7280;1;False
endpoint;ds-e8e54917-41a5-412c-997d-8e754468d105:ep-f48bc594-2291-45b1-a8c3-9045747ba99d;Diffusion ep-f48bc · IGN_Prod;IGN_Prod;ds-e8e54917-41a5-412c-997d-8e754468d105;WFS;2026-08-29;day;26;9308;1;False
endpoint;ds-e8e54917-41a5-412c-997d-8e754468d105:ep-f48bc594-2291-45b1-a8c3-9045747ba99d;Diffusion ep-f48bc · IGN_Prod;IGN_Prod;ds-e8e54917-41a5-412c-997d-8e754468d105;WFS;2026-08-30;day;28;8176;1;False
endpoint;ds-e8e54917-41a5-412c-997d-8e754468d105:ep-f48bc594-2291-45b1-a8c3-9045747ba99d;Diffusion ep-f48bc · IGN_Prod;IGN_Prod;ds-e8e54917-41a5-412c-997d-8e754468d105;WFS;2026-08-31;day;30;4830;1;False
endpoint;ds-e8e54917-41a5-412c-997d-8e754468d105:ep-f48bc594-2291-45b1-a8c3-9045747ba99d;Diffusion ep-f48bc · IGN_Prod;IGN_Prod;ds-e8e54917-41a5-412c-997d-8e754468d105;WFS;2026-09-01;day;21;5544;1;False
endpoint;ds-e8e54917-41a5-412c-997d-8e754468d105:ep-f48bc594-2291-45b1-a8c3-9045747ba99d;Diffusion ep-f48bc · IGN_Prod;IGN_Prod;ds-e8e54917-41a5-412c-997d-8e754468d105;WFS;2026-09-02;day;22;5918;1;False
endpoint;ds-e8e54917-41a5-412c-997d-8e754468d105:ep-f48bc594-2291-45b1-a8c3-9045747ba99d;Diffusion ep-f48bc · IGN_Prod;IGN_Prod;ds-e8e54917-41a5-412c-997d-8e754468d105;WFS;2026-09-03;day;30;5640;1;False
endpoint;ds-e8e54917-41a5-412c-997d-8e754468d105:ep-f48bc594-2291-45b1-a8c3-9045747ba99d;Diffusion ep-f48bc · IGN_Prod;IGN_Prod;ds-e8e54917-41a5-412c-997d-8e754468d105;WFS;2026-09-04;day;27;7236;1;False
endpoint;ds-e8e54917-41a5-412c-997d-8e754468d105:ep-f48bc594-2291-45b1-a8c3-9045747ba99d;Diffusion ep-f48bc · IGN_Prod;IGN_Prod;ds-e8e54917-41a5-412c-997d-8e754468d105;WFS;2026-09-05;day;28;10920;1;False
endpoint;ds-e8e54917-41a5-412c-997d-8e754468d105:ep-f48bc594-2291-45b1-a8c3-9045747ba99d;Diffusion ep-f48bc · IGN_Prod;IGN_Prod;ds-e8e54917-41a5-412c-997d-8e754468d105;WFS;2026-09-06;day;29;8903;1;False
endpoint;ds-e8e54917-41a5-412c-997d-8e754468d105:ep-f48bc594-2291-45b1-a8c3-9045747ba99d;Diffusion ep-f48bc · IGN_Prod;IGN_Prod;ds-e8e54917-41a5-412c-997d-8e754468d105;WFS;2026-09-07;day;22;8734;1;False
endpoint;ds-e8e54917-41a5-412c-997d-8e754468d105:ep-f48bc594-2291-45b1-a8c3-9045747ba99d;Diffusion ep-f48bc · IGN_Prod;IGN_Prod;ds-e8e54917-41a5-412c-997d-8e754468d105;WFS;2026-09-08;day;25;5600;1;False
endpoint;ds-e8e54917-41a5-412c-997d-8e754468d105:ep-f48bc594-2291-45b1-a8c3-9045747ba99d;Diffusion ep-f48bc · IGN_Prod;IGN_Prod;ds-e8e54917-41a5-412c-997d-8e754468d105;WFS;2026-09-09;day;29;8178;1;False
endpoint;ds-e8e54917-41a5-412c-997d-8e754468d105:ep-f48bc594-2291-45b1-a8c3-9045747ba99d;Diffusion ep-f48bc · IGN_Prod;IGN_Prod;ds-e8e54917-41a5-412c-997d-8e754468d105;WFS;2026-09-10;day;29;6177;1;False
endpoint;ds-e8e54917-41a5-412c-997d-8e754468d105:ep-f48bc594-2291-45b1-a8c3-9045747ba99d;Diffusion ep-f48bc · IGN_Prod;IGN_Prod;ds-e8e54917-41a5-412c-997d-8e754468d105;WFS;2026-09-11;day;28;6916;1;False
endpoint;ds-e8e54917-41a5-412c-997d-8e754468d105:ep-f48bc594-2291-45b1-a8c3-9045747ba99d;Diffusion ep-f48bc · IGN_Prod;IGN_Prod;ds-e8e54917-41a5-412c-997d-8e754468d105;WFS;2026-09-12;day;21;4368;1;False
endpoint;ds-e8e54917-41a5-412c-997d-8e754468d105:ep-f48bc594-2291-45b1-a8c3-9045747ba99d;Diffusion ep-f48bc · IGN_Prod;IGN_Prod;ds-e8e54917-41a5-412c-997d-8e754468d105;WFS;2026-09-13;day;30;9450;1;False
endpoint;ds-e8e54917-41a5-412c-997d-8e754468d105:ep-f48bc594-2291-45b1-a8c3-9045747ba99d;Diffusion ep-f48bc · IGN_Prod;IGN_Prod;ds-e8e54917-41a5-412c-997d-8e754468d105;WFS;2026-09-14;day;28;2464;1;False
endpoint;ds-e8e54917-41a5-412c-997d-8e754468d105:ep-f48bc594-2291-45b1-a8c3-9045747ba99d;Diffusion ep-f48bc · IGN_Prod;IGN_Prod;ds-e8e54917-41a5-412c-997d-8e754468d105;WFS;2026-09-15;day;30;8970;1;False
endpoint;ds-e8e54917-41a5-412c-997d-8e754468d105:ep-f48bc594-2291-45b1-a8c3-9045747ba99d;Diffusion ep-f48bc · IGN_Prod;IGN_Prod;ds-e8e54917-41a5-412c-997d-8e754468d105;WFS;2026-09-16;day;27;3456;1;False
endpoint;ds-e8e54917-41a5-412c-997d-8e754468d105:ep-f48bc594-2291-45b1-a8c3-9045747ba99d;Diffusion ep-f48bc · IGN_Prod;IGN_Prod;ds-e8e54917-41a5-412c-997d-8e754468d105;WFS;2026-09-17;day;25;4000;1;False
endpoint;ds-e8e54917-41a5-412c-997d-8e754468d105:ep-f48bc594-2291-45b1-a8c3-9045747ba99d;Diffusion ep-f48bc · IGN_Prod;IGN_Prod;ds-e8e54917-41a5-412c-997d-8e754468d105;WFS;2026-09-18;day;29;3422;1;False
endpoint;ds-e8e54917-41a5-412c-997d-8e754468d105:ep-f48bc594-2291-45b1-a8c3-9045747ba99d;Diffusion ep-f48bc · IGN_Prod;IGN_Prod;ds-e8e54917-41a5-412c-997d-8e754468d105;WFS;2026-09-19;day;26;5070;1;False
endpoint;ds-e8e54917-41a5-412c-997d-8e754468d105:ep-f48bc594-2291-45b1-a8c3-9045747ba99d;Diffusion ep-f48bc · IGN_Prod;IGN_Prod;ds-e8e54917-41a5-412c-997d-8e754468d105;WFS;2026-09-20;day;25;2100;1;False
endpoint;ds-e8e54917-41a5-412c-997d-8e754468d105:ep-f48bc594-2291-45b1-a8c3-9045747ba99d;Diffusion ep-f48bc · IGN_Prod;IGN_Prod;ds-e8e54917-41a5-412c-997d-8e754468d105;WFS;2026-09-21;day;21;3318;1;False
offering;off-a96d9215-3fa4-49ad-9c9a-39fa608aba4e;Couche IGN_Prod-0 · IGN_Prod;IGN_Prod;ds-e8e54917-41a5-412c-997d-8e754468d105;WFS;2026-09-04;day;12;3228;1;False
offering;off-a96d9215-3fa4-49ad-9c9a-39fa608aba4e;Couche IGN_Prod-0 · IGN_Prod;IGN_Prod;ds-e8e54917-41a5-412c-997d-8e754468d105;WFS;2026-09-05;day;18;2466;1;False
offering;off-a96d9215-3fa4-49ad-9c9a-39fa608aba4e;Couche IGN_Prod-0 · IGN_Prod;IGN_Prod;ds-e8e54917-41a5-412c-997d-8e754468d105;WFS;2026-09-06;day;13;3133;1;False
offering;off-f96fae67-65e6-41ad-bd8e-657a9445cf71;Couche IGN_Prod-1 · IGN_Prod;IGN_Prod;ds-e8e54917-41a5-412c-997d-8e754468d105;WMS-VECTOR;2026-09-05;day;16;5936;1;False
offering;off-f96fae67-65e6-41ad-bd8e-657a9445cf71;Couche IGN_Prod-1 · IGN_Prod;IGN_Prod;ds-e8e54917-41a5-412c-997d-8e754468d105;WMS-VECTOR;2026-09-06;day;15;4605;1;False
offering;off-f96fae67-65e6-41ad-bd8e-657a9445cf71;Couche IGN_Prod-1 · IGN_Prod;IGN_Prod;ds-e8e54917-41a5-412c-997d-8e754468d105;WMS-VECTOR;2026-09-07;day;14;3962;1;False
offering;off-f96fae67-65e6-41ad-bd8e-657a9445cf71;Couche IGN_Prod-1 · IGN_Prod;IGN_Prod;ds-e8e54917-41a5-412c-997d-8e754468d105;WMS-VECTOR;2026-09-08;day;11;2497;1;False
offering;off-fd9c9e7d-e61d-4054-88fe-ead7b7abb803;Couche IGN_Prod-3 · IGN_Prod;IGN_Prod;ds-e8e54917-41a5-412c-997d-8e754468d105;WMS-VECTOR;2026-09-05;day;18;5400;1;False
offering;off-fd9c9e7d-e61d-4054-88fe-ead7b7abb803;Couche IGN_Prod-3 · IGN_Prod;IGN_Prod;ds-e8e54917-41a5-412c-997d-8e754468d105;WMS-VECTOR;2026-09-06;day;20;6320;1;False
offering;off-fd9c9e7d-e61d-4054-88fe-ead7b7abb803;Couche IGN_Prod-3 · IGN_Prod;IGN_Prod;ds-e8e54917-41a5-412c-997d-8e754468d105;WMS-VECTOR;2026-09-07;day;11;1903;1;False
offering;off-fd9c9e7d-e61d-4054-88fe-ead7b7abb803;Couche IGN_Prod-3 · IGN_Prod;IGN_Prod;ds-e8e54917-41a5-412c-997d-8e754468d105;WMS-VECTOR;2026-09-08;day;18;5040;1;False
offering;off-fd9c9e7d-e61d-4054-88fe-ead7b7abb803;Couche IGN_Prod-3 · IGN_Prod;IGN_Prod;ds-e8e54917-41a5-412c-997d-8e754468d105;WMS-VECTOR;2026-09-09;day;12;3828;1;False
offering;off-fd9c9e7d-e61d-4054-88fe-ead7b7abb803;Couche IGN_Prod-3 · IGN_Prod;IGN_Prod;ds-e8e54917-41a5-412c-997d-8e754468d105;WMS-VECTOR;2026-09-10;day;18;4932;1;False
offering;off-fd9c9e7d-e61d-4054-88fe-ead7b7abb803;Couche IGN_Prod-3 · IGN_Prod;IGN_Prod;ds-e8e54917-41a5-412c-997d-8e754468d105;WMS-VECTOR;2026-09-11;day;15;4395;1;False
offering;off-fd9c9e7d-e61d-4054-88fe-ead7b7abb803;Couche IGN_Prod-3 · IGN_Prod;IGN_Prod;ds-e8e54917-41a5-412c-997d-8e754468d105;WMS-VECTOR;2026-09-12;day;15;4875;1;False
offering;off-e300fb69-1340-4612-a908-ed3a4e5de2e3;Couche IGN_Prod-5 · IGN_Prod;IGN_Prod;ds-e8e54917-41a5-412c-997d-8e754468d105;WMS-VECTOR;2026-09-06;day;17;5661;1;False
offering;off-e300fb69-1340-4612-a908-ed3a4e5de2e3;Couche IGN_Prod-5 · IGN_Prod;IGN_Prod;ds-e8e54917-41a5-412c-997d-8e754468d105;WMS-VECTOR;2026-09-07;day;18;3366;1;False
offering;off-e300fb69-1340-4612-a908-ed3a4e5de2e3;Couche IGN_Prod-5 · IGN_Prod;IGN_Prod;ds-e8e54917-41a5-412c-997d-8e754468d105;WMS-VECTOR;2026-09-08;day;15;1935;1;False
offering;off-e300fb69-1340-4612-a908-ed3a4e5de2e3;Couche IGN_Prod-5 · IGN_Prod;IGN_Prod;ds-e8e54917-41a5-412c-997d-8e754468d105;WMS-VECTOR;2026-09-09;day;19;4104;1;False
offering;off-e300fb69-1340-4612-a908-ed3a4e5de2e3;Couche IGN_Prod-5 · IGN_Prod;IGN_Prod;ds-e8e54917-41a5-412c-997d-8e754468d105;WMS-VECTOR;2026-09-10;day;13;1989;1;False
offering;off-0cb5d0b2-35da-4efb-bc51-5af9402e6976;Couche IGN_Prod-6 · IGN_Prod;IGN_Prod;ds-e8e54917-41a5-412c-997d-8e754468d105;WMS-VECTOR;2026-08-23;day;4;1508;1;False
offering;off-0cb5d0b2-35da-4efb-bc51-5af9402e6976;Couche IGN_Prod-6 · IGN_Prod;IGN_Prod;ds-e8e54917-41a5-412c-997d-8e754468d105;WMS-VECTOR;2026-08-24;day;6;1614;1;False
offering;off-0cb5d0b2-35da-4efb-bc51-5af9402e6976;Couche IGN_Prod-6 · IGN_Prod;IGN_Prod;ds-e8e54917-41a5-412c-997d-8e754468d105;WMS-VECTOR;2026-08-25;day;10;1990;1;False
offering;off-0cb5d0b2-35da-4efb-bc51-5af9402e6976;Couche IGN_Prod-6 · IGN_Prod;IGN_Prod;ds-e8e54917-41a5-412c-997d-8e754468d105;WMS-VECTOR;2026-08-26;day;1;364;1;False
offering;off-0cb5d0b2-35da-4efb-bc51-5af9402e6976;Couche IGN_Prod-6 · IGN_Prod;IGN_Prod;ds-e8e54917-41a5-412c-997d-8e754468d105;WMS-VECTOR;2026-08-27;day;5;685;1;False
offering;off-0cb5d0b2-35da-4efb-bc51-5af9402e6976;Couche IGN_Prod-6 · IGN_Prod;IGN_Prod;ds-e8e54917-41a5-412c-997d-8e754468d105;WMS-VECTOR;2026-08-28;day;5;1740;1;False
offering;off-0cb5d0b2-35da-4efb-bc51-5af9402e6976;Couche IGN_Prod-6 · IGN_Prod;IGN_Prod;ds-e8e54917-41a5-412c-997d-8e754468d105;WMS-VECTOR;2026-08-29;day;10;2530;1;False
offering;off-0cb5d0b2-35da-4efb-bc51-5af9402e6976;Couche IGN_Prod-6 · IGN_Prod;IGN_Prod;ds-e8e54917-41a5-412c-997d-8e754468d105;WMS-VECTOR;2026-08-30;day;2;184;1;False
offering;off-0cb5d0b2-35da-4efb-bc51-5af9402e6976;Couche IGN_Prod-6 · IGN_Prod;IGN_Prod;ds-e8e54917-41a5-412c-997d-8e754468d105;WMS-VECTOR;2026-08-31;day;9;2880;1;False
offering;off-0cb5d0b2-35da-4efb-bc51-5af9402e6976;Couche IGN_Prod-6 · IGN_Prod;IGN_Prod;ds-e8e54917-41a5-412c-997d-8e754468d105;WMS-VECTOR;2026-09-01;day;9;2475;1;False
offering;off-0cb5d0b2-35da-4efb-bc51-5af9402e6976;Couche IGN_Prod-6 · IGN_Prod;IGN_Prod;ds-e8e54917-41a5-412c-997d-8e754468d105;WMS-VECTOR;2026-09-02;day;8;2504;1;False
offering;off-0cb5d0b2-35da-4efb-bc51-5af9402e6976;Couche IGN_Prod-6 · IGN_Prod;IGN_Prod;ds-e8e54917-41a5-412c-997d-8e754468d105;WMS-VECTOR;2026-09-03;day;6;1194;1;False
offering;off-0cb5d0b2-35da-4efb-bc51-5af9402e6976;Couche IGN_Prod-6 · IGN_Prod;IGN_Prod;ds-e8e54917-41a5-412c-997d-8e754468d105;WMS-VECTOR;2026-09-04;day;2;782;1;False
offering;off-0cb5d0b2-35da-4efb-bc51-5af9402e6976;Couche IGN_Prod-6 · IGN_Prod;IGN_Prod;ds-e8e54917-41a5-412c-997d-8e754468d105;WMS-VECTOR;2026-09-05;day;8;2000;1;False
offering;off-0cb5d0b2-35da-4efb-bc51-5af9402e6976;Couche IGN_Prod-6 · IGN_Prod;IGN_Prod;ds-e8e54917-41a5-412c-997d-8e754468d105;WMS-VECTOR;2026-09-06;day;7;1463;1;False
offering;off-0cb5d0b2-35da-4efb-bc51-5af9402e6976;Couche IGN_Prod-6 · IGN_Prod;IGN_Prod;ds-e8e54917-41a5-412c-997d-8e754468d105;WMS-VECTOR;2026-09-07;day;4;1452;1;False
offering;off-0cb5d0b2-35da-4efb-bc51-5af9402e6976;Couche IGN_Prod-6 · IGN_Prod;IGN_Prod;ds-e8e54917-41a5-412c-997d-8e754468d105;WMS-VECTOR;2026-09-08;day;2;734;1;False
offering;off-0cb5d0b2-35da-4efb-bc51-5af9402e6976;Couche IGN_Prod-6 · IGN_Prod;IGN_Prod;ds-e8e54917-41a5-412c-997d-8e754468d105;WMS-VECTOR;2026-09-09;day;5;1855;1;False
offering;off-0cb5d0b2-35da-4efb-bc51-5af9402e6976;Couche IGN_Prod-6 · IGN_Prod;IGN_Prod;ds-e8e54917-41a5-412c-997d-8e754468d105;WMS-VECTOR;2026-09-10;day;9;2412;1;False
offering;off-0cb5d0b2-35da-4efb-bc51-5af9402e6976;Couche IGN_Prod-6 · IGN_Prod;IGN_Prod;ds-e8e54917-41a5-412c-997d-8e754468d105;WMS-VECTOR;2026-09-11;day;7;595;1;False
offering;off-0cb5d0b2-35da-4efb-bc51-5af9402e6976;Couche IGN_Prod-6 · IGN_Prod;IGN_Prod;ds-e8e54917-41a5-412c-997d-8e754468d105;WMS-VECTOR;2026-09-12;day;6;2004;1;False
offering;off-0cb5d0b2-35da-4efb-bc51-5af9402e6976;Couche IGN_Prod-6 · IGN_Prod;IGN_Prod;ds-e8e54917-41a5-412c-997d-8e754468d105;WMS-VECTOR;2026-09-13;day;7;2184;1;False
offering;off-0cb5d0b2-35da-4efb-bc51-5af9402e6976;Couche IGN_Prod-6 · IGN_Prod;IGN_Prod;ds-e8e54917-41a5-412c-997d-8e754468d105;WMS-VECTOR;2026-09-14;day;4;1520;1;False
offering;off-0cb5d0b2-35da-4efb-bc51-5af9402e6976;Couche IGN_Prod-6 · IGN_Prod;IGN_Prod;ds-e8e54917-41a5-412c-997d-8e754468d105;WMS-VECTOR;2026-09-15;day;8;696;1;False
offering;off-0cb5d0b2-35da-4efb-bc51-5af9402e6976;Couche IGN_Prod-6 · IGN_Prod;IGN_Prod;ds-e8e54917-41a5-412c-997d-8e754468d105;WMS-VECTOR;2026-09-16;day;10;3460;1;False
offering;off-0cb5d0b2-35da-4efb-bc51-5af9402e6976;Couche IGN_Prod-6 · IGN_Prod;IGN_Prod;ds-e8e54917-41a5-412c-997d-8e754468d105;WMS-VECTOR;2026-09-17;day;3;474;1;False
offering;off-0cb5d0b2-35da-4efb-bc51-5af9402e6976;Couche IGN_Prod-6 · IGN_Prod;IGN_Prod;ds-e8e54917-41a5-412c-997d-8e754468d105;WMS-VECTOR;2026-09-18;day;7;644;1;False
offering;off-0cb5d0b2-35da-4efb-bc51-5af9402e6976;Couche IGN_Prod-6 · IGN_Prod;IGN_Prod;ds-e8e54917-41a5-412c-997d-8e754468d105;WMS-VECTOR;2026-09-19;day;9;2025;1;False
offering;off-0cb5d0b2-35da-4efb-bc51-5af9402e6976;Couche IGN_Prod-6 · IGN_Prod;IGN_Prod;ds-e8e54917-41a5-412c-997d-8e754468d105;WMS-VECTOR;2026-09-20;day;8;2984;1;False
offering;off-0cb5d0b2-35da-4efb-bc51-5af9402e6976;Couche IGN_Prod-6 · IGN_Prod;IGN_Prod;ds-e8e54917-41a5-412c-997d-8e754468d105;WMS-VECTOR;2026-09-21;day;2;538;1;False
offering;off-47f626a5-ea8c-4058-9731-9f4f3cc47b74;Couche IGN_Prod-9 · IGN_Prod;IGN_Prod;ds-e8e54917-41a5-412c-997d-8e754468d105;WMTS-TMS;2026-09-07;day;6;798;1;False
offering;off-47f626a5-ea8c-4058-9731-9f4f3cc47b74;Couche IGN_Prod-9 · IGN_Prod;IGN_Prod;ds-e8e54917-41a5-412c-997d-8e754468d105;WMTS-TMS;2026-09-08;day;8;888;1;False
offering;off-47f626a5-ea8c-4058-9731-9f4f3cc47b74;Couche IGN_Prod-9 · IGN_Prod;IGN_Prod;ds-e8e54917-41a5-412c-997d-8e754468d105;WMTS-TMS;2026-09-09;day;2;466;1;False
offering;off-d7fc7267-23b2-4b97-aef6-acad0c486329;Couche IGN_Prod-10 · IGN_Prod;IGN_Prod;ds-e8e54917-41a5-412c-997d-8e754468d105;WMS-RASTER;2026-08-23;day;14;3066;1;False
offering;off-d7fc7267-23b2-4b97-aef6-acad0c486329;Couche IGN_Prod-10 · IGN_Prod;IGN_Prod;ds-e8e54917-41a5-412c-997d-8e754468d105;WMS-RASTER;2026-08-24;day;17;2839;1;False
offering;off-d7fc7267-23b2-4b97-aef6-acad0c486329;Couche IGN_Prod-10 · IGN_Prod;IGN_Prod;ds-e8e54917-41a5-412c-997d-8e754468d105;WMS-RASTER;2026-08-25;day;14;4956;1;False
offering;off-d7fc7267-23b2-4b97-aef6-acad0c486329;Couche IGN_Prod-10 · IGN_Prod;IGN_Prod;ds-e8e54917-41a5-412c-997d-8e754468d105;WMS-RASTER;2026-08-26;day;12;2556;1;False
offering;off-d7fc7267-23b2-4b97-aef6-acad0c486329;Couche IGN_Prod-10 · IGN_Prod;IGN_Prod;ds-e8e54917-41a5-412c-997d-8e754468d105;WMS-RASTER;2026-08-27;day;16;3856;1;False
offering;off-d7fc7267-23b2-4b97-aef6-acad0c486329;Couche IGN_Prod-10 · IGN_Prod;IGN_Prod;ds-e8e54917-41a5-412c-997d-8e754468d105;WMS-RASTER;2026-08-28;day;10;970;1;False
offering;off-d7fc7267-23b2-4b97-aef6-acad0c486329;Couche IGN_Prod-10 · IGN_Prod;IGN_Prod;ds-e8e54917-41a5-412c-997d-8e754468d105;WMS-RASTER;2026-08-29;day;11;1287;1;False
offering;off-d7fc7267-23b2-4b97-aef6-acad0c486329;Couche IGN_Prod-10 · IGN_Prod;IGN_Prod;ds-e8e54917-41a5-412c-997d-8e754468d105;WMS-RASTER;2026-08-30;day;14;2282;1;False
offering;off-d7fc7267-23b2-4b97-aef6-acad0c486329;Couche IGN_Prod-10 · IGN_Prod;IGN_Prod;ds-e8e54917-41a5-412c-997d-8e754468d105;WMS-RASTER;2026-08-31;day;12;3144;1;False
offering;off-d7fc7267-23b2-4b97-aef6-acad0c486329;Couche IGN_Prod-10 · IGN_Prod;IGN_Prod;ds-e8e54917-41a5-412c-997d-8e754468d105;WMS-RASTER;2026-09-01;day;17;4233;1;False
offering;off-d7fc7267-23b2-4b97-aef6-acad0c486329;Couche IGN_Prod-10 · IGN_Prod;IGN_Prod;ds-e8e54917-41a5-412c-997d-8e754468d105;WMS-RASTER;2026-09-02;day;15;1860;1;False
offering;off-d7fc7267-23b2-4b97-aef6-acad0c486329;Couche IGN_Prod-10 · IGN_Prod;IGN_Prod;ds-e8e54917-41a5-412c-997d-8e754468d105;WMS-RASTER;2026-09-03;day;13;1937;1;False
offering;off-d7fc7267-23b2-4b97-aef6-acad0c486329;Couche IGN_Prod-10 · IGN_Prod;IGN_Prod;ds-e8e54917-41a5-412c-997d-8e754468d105;WMS-RASTER;2026-09-04;day;13;4693;1;False
offering;off-d7fc7267-23b2-4b97-aef6-acad0c486329;Couche IGN_Prod-10 · IGN_Prod;IGN_Prod;ds-e8e54917-41a5-412c-997d-8e754468d105;WMS-RASTER;2026-09-05;day;13;4043;1;False
offering;off-d7fc7267-23b2-4b97-aef6-acad0c486329;Couche IGN_Prod-10 · IGN_Prod;IGN_Prod;ds-e8e54917-41a5-412c-997d-8e754468d105;WMS-RASTER;2026-09-06;day;15;4530;1;False
offering;off-d7fc7267-23b2-4b97-aef6-acad0c486329;Couche IGN_Prod-10 · IGN_Prod;IGN_Prod;ds-e8e54917-41a5-412c-997d-8e754468d105;WMS-RASTER;2026-09-07;day;14;4130;1;False
offering;off-d7fc7267-23b2-4b97-aef6-acad0c486329;Couche IGN_Prod-10 · IGN_Prod;IGN_Prod;ds-e8e54917-41a5-412c-997d-8e754468d105;WMS-RASTER;2026-09-08;day;11;1859;1;False
offering;off-d7fc7267-23b2-4b97-aef6-acad0c486329;Couche IGN_Prod-10 · IGN_Prod;IGN_Prod;ds-e8e54917-41a5-412c-997d-8e754468d105;WMS-RASTER;2026-09-09;day;19;3553;1;False
offering;off-d7fc7267-23b2-4b97-aef6-acad0c486329;Couche IGN_Prod-10 · IGN_Prod;IGN_Prod;ds-e8e54917-41a5-412c-997d-8e754468d105;WMS-RASTER;2026-09-10;day;12;1284;1;False
offering;off-d7fc7267-23b2-4b97-aef6-acad0c486329;Couche IGN_Prod-10 · IGN_Prod;IGN_Prod;ds-e8e54917-41a5-412c-997d-8e754468d105;WMS-RASTER;2026-09-11;day;19;6726;1;False
offering;off-d7fc7267-23b2-4b97-aef6-acad0c486329;Couche IGN_Prod-10 · IGN_Prod;IGN_Prod;ds-e8e54917-41a5-412c-997d-8e754468d105;WMS-RASTER;2026-09-12;day;12;3120;1;False
offering;off-d7fc7267-23b2-4b97-aef6-acad0c486329;Couche IGN_Prod-10 · IGN_Prod;IGN_Prod;ds-e8e54917-41a5-412c-997d-8e754468d105;WMS-RASTER;2026-09-13;day;19;7562;1;False
offering;off-d7fc7267-23b2-4b97-aef6-acad0c486329;Couche IGN_Prod-10 · IGN_Prod;IGN_Prod;ds-e8e54917-41a5-412c-997d-8e754468d105;WMS-RASTER;2026-09-14;day;19;7144;1;False
offering;off-d7fc7267-23b2-4b97-aef6-acad0c486329;Couche IGN_Prod-10 · IGN_Prod;IGN_Prod;ds-e8e54917-41a5-412c-997d-8e754468d105;WMS-RASTER;2026-09-15;day;13;4810;1;False
offering;off-d7fc7267-23b2-4b97-aef6-acad0c486329;Couche IGN_Prod-10 · IGN_Prod;IGN_Prod;ds-e8e54917-41a5-412c-997d-8e754468d105;WMS-RASTER;2026-09-16;day;10;910;1;False
offering;off-d7fc7267-23b2-4b97-aef6-acad0c486329;Couche IGN_Prod-10 · IGN_Prod;IGN_Prod;ds-e8e54917-41a5-412c-997d-8e754468d105;WMS-RASTER;2026-09-17;day;16;3440;1;False
offering;off-d7fc7267-23b2-4b97-aef6-acad0c486329;Couche IGN_Prod-10 · IGN_Prod;IGN_Prod;ds-e8e54917-41a5-412c-997d-8e754468d105;WMS-RASTER;2026-09-18;day;15;4080;1;False
offering;off-d7fc7267-23b2-4b97-aef6-acad0c486329;Couche IGN_Prod-10 · IGN_Prod;IGN_Prod;ds-e8e54917-41a5-412c-997d-8e754468d105;WMS-RASTER;2026-09-19;day;18;4842;1;False
offering;off-d7fc7267-23b2-4b97-aef6-acad0c486329;Couche IGN_Prod-10 · IGN_Prod;IGN_Prod;ds-e8e54917-41a5-412c-997d-8e754468d105;WMS-RASTER;2026-09-20;day;17;4420;1;False
offering;off-d7fc7267-23b2-4b97-aef6-acad0c486329;Couche IGN_Prod-10 · IGN_Prod;IGN_Prod;ds-e8e54917-41a5-412c-997d-8e754468d105;WMS-RASTER;2026-09-21;day;16;5136;1;False
offering;off-c1d1ed16-e165-46d3-92f8-c89040c22f52;Couche IGN_Prod-12 · IGN_Prod;IGN_Prod;ds-e8e54917-41a5-412c-997d-8e754468d105;WMTS-TMS;2026-08-23;day;10;3550;1;False
offering;off-c1d1ed16-e165-46d3-92f8-c89040c22f52;Couche IGN_Prod-12 · IGN_Prod;IGN_Prod;ds-e8e54917-41a5-412c-997d-8e754468d105;WMTS-TMS;2026-08-24;day;8;1640;1;False
offering;off-c1d1ed16-e165-46d3-92f8-c89040c22f52;Couche IGN_Prod-12 · IGN_Prod;IGN_Prod;ds-e8e54917-41a5-412c-997d-8e754468d105;WMTS-TMS;2026-08-25;day;8;3032;1;False
offering;off-c1d1ed16-e165-46d3-92f8-c89040c22f52;Couche IGN_Prod-12 · IGN_Prod;IGN_Prod;ds-e8e54917-41a5-412c-997d-8e754468d105;WMTS-TMS;2026-08-26;day;16;1728;1;False
offering;off-c1d1ed16-e165-46d3-92f8-c89040c22f52;Couche IGN_Prod-12 · IGN_Prod;IGN_Prod;ds-e8e54917-41a5-412c-997d-8e754468d105;WMTS-TMS;2026-08-27;day;12;3408;1;False
offering;off-c1d1ed16-e165-46d3-92f8-c89040c22f52;Couche IGN_Prod-12 · IGN_Prod;IGN_Prod;ds-e8e54917-41a5-412c-997d-8e754468d105;WMTS-TMS;2026-08-28;day;16;6032;1;False
offering;off-c1d1ed16-e165-46d3-92f8-c89040c22f52;Couche IGN_Prod-12 · IGN_Prod;IGN_Prod;ds-e8e54917-41a5-412c-997d-8e754468d105;WMTS-TMS;2026-08-29;day;14;1456;1;False
offering;off-c1d1ed16-e165-46d3-92f8-c89040c22f52;Couche IGN_Prod-12 · IGN_Prod;IGN_Prod;ds-e8e54917-41a5-412c-997d-8e754468d105;WMTS-TMS;2026-08-30;day;8;1152;1;False
offering;off-c1d1ed16-e165-46d3-92f8-c89040c22f52;Couche IGN_Prod-12 · IGN_Prod;IGN_Prod;ds-e8e54917-41a5-412c-997d-8e754468d105;WMTS-TMS;2026-08-31;day;13;5005;1;False
offering;off-c1d1ed16-e165-46d3-92f8-c89040c22f52;Couche IGN_Prod-12 · IGN_Prod;IGN_Prod;ds-e8e54917-41a5-412c-997d-8e754468d105;WMTS-TMS;2026-09-01;day;12;4236;1;False
offering;off-c1d1ed16-e165-46d3-92f8-c89040c22f52;Couche IGN_Prod-12 · IGN_Prod;IGN_Prod;ds-e8e54917-41a5-412c-997d-8e754468d105;WMTS-TMS;2026-09-02;day;12;4044;1;False
offering;off-c1d1ed16-e165-46d3-92f8-c89040c22f52;Couche IGN_Prod-12 · IGN_Prod;IGN_Prod;ds-e8e54917-41a5-412c-997d-8e754468d105;WMTS-TMS;2026-09-03;day;15;3105;1;False
offering;off-c1d1ed16-e165-46d3-92f8-c89040c22f52;Couche IGN_Prod-12 · IGN_Prod;IGN_Prod;ds-e8e54917-41a5-412c-997d-8e754468d105;WMTS-TMS;2026-09-04;day;14;2366;1;False
offering;off-c1d1ed16-e165-46d3-92f8-c89040c22f52;Couche IGN_Prod-12 · IGN_Prod;IGN_Prod;ds-e8e54917-41a5-412c-997d-8e754468d105;WMTS-TMS;2026-09-05;day;8;1096;1;False
offering;off-c1d1ed16-e165-46d3-92f8-c89040c22f52;Couche IGN_Prod-12 · IGN_Prod;IGN_Prod;ds-e8e54917-41a5-412c-997d-8e754468d105;WMTS-TMS;2026-09-06;day;8;1232;1;False
offering;off-c1d1ed16-e165-46d3-92f8-c89040c22f52;Couche IGN_Prod-12 · IGN_Prod;IGN_Prod;ds-e8e54917-41a5-412c-997d-8e754468d105;WMTS-TMS;2026-09-07;day;16;5072;1;False
offering;off-c1d1ed16-e165-46d3-92f8-c89040c22f52;Couche IGN_Prod-12 · IGN_Prod;IGN_Prod;ds-e8e54917-41a5-412c-997d-8e754468d105;WMTS-TMS;2026-09-08;day;11;3729;1;False
offering;off-c1d1ed16-e165-46d3-92f8-c89040c22f52;Couche IGN_Prod-12 · IGN_Prod;IGN_Prod;ds-e8e54917-41a5-412c-997d-8e754468d105;WMTS-TMS;2026-09-09;day;14;2324;1;False
offering;off-c1d1ed16-e165-46d3-92f8-c89040c22f52;Couche IGN_Prod-12 · IGN_Prod;IGN_Prod;ds-e8e54917-41a5-412c-997d-8e754468d105;WMTS-TMS;2026-09-10;day;16;5600;1;False
offering;off-c1d1ed16-e165-46d3-92f8-c89040c22f52;Couche IGN_Prod-12 · IGN_Prod;IGN_Prod;ds-e8e54917-41a5-412c-997d-8e754468d105;WMTS-TMS;2026-09-11;day;15;1200;1;False
offering;off-c1d1ed16-e165-46d3-92f8-c89040c22f52;Couche IGN_Prod-12 · IGN_Prod;IGN_Prod;ds-e8e54917-41a5-412c-997d-8e754468d105;WMTS-TMS;2026-09-12;day;13;2470;1;False
offering;off-c1d1ed16-e165-46d3-92f8-c89040c22f52;Couche IGN_Prod-12 · IGN_Prod;IGN_Prod;ds-e8e54917-41a5-412c-997d-8e754468d105;WMTS-TMS;2026-09-13;day;8;808;1;False
offering;off-c1d1ed16-e165-46d3-92f8-c89040c22f52;Couche IGN_Prod-12 · IGN_Prod;IGN_Prod;ds-e8e54917-41a5-412c-997d-8e754468d105;WMTS-TMS;2026-09-14;day;11;1925;1;False
offering;off-c1d1ed16-e165-46d3-92f8-c89040c22f52;Couche IGN_Prod-12 · IGN_Prod;IGN_Prod;ds-e8e54917-41a5-412c-997d-8e754468d105;WMTS-TMS;2026-09-15;day;8;3024;1;False
offering;off-c1d1ed16-e165-46d3-92f8-c89040c22f52;Couche IGN_Prod-12 · IGN_Prod;IGN_Prod;ds-e8e54917-41a5-412c-997d-8e754468d105;WMTS-TMS;2026-09-16;day;11;3366;1;False
offering;off-c1d1ed16-e165-46d3-92f8-c89040c22f52;Couche IGN_Prod-12 · IGN_Prod;IGN_Prod;ds-e8e54917-41a5-412c-997d-8e754468d105;WMTS-TMS;2026-09-17;day;11;2398;1;False
offering;off-c1d1ed16-e165-46d3-92f8-c89040c22f52;Couche IGN_Prod-12 · IGN_Prod;IGN_Prod;ds-e8e54917-41a5-412c-997d-8e754468d105;WMTS-TMS;2026-09-18;day;13;4186;1;False
offering;off-c1d1ed16-e165-46d3-92f8-c89040c22f52;Couche IGN_Prod-12 · IGN_Prod;IGN_Prod;ds-e8e54917-41a5-412c-997d-8e754468d105;WMTS-TMS;2026-09-19;day;13;5187;1;False
offering;off-c1d1ed16-e165-46d3-92f8-c89040c22f52;Couche IGN_Prod-12 · IGN_Prod;IGN_Prod;ds-e8e54917-41a5-412c-997d-8e754468d105;WMTS-TMS;2026-09-20;day;10;2650;1;False
offering;off-c1d1ed16-e165-46d3-92f8-c89040c22f52;Couche IGN_Prod-12 · IGN_Prod;IGN_Prod;ds-e8e54917-41a5-412c-997d-8e754468d105;WMTS-TMS;2026-09-21;day;9;2232;1;False
offering;off-d52465d0-f3d6-483d-bd9c-834a3dec1b04;Couche IGN_Prod-13 · IGN_Prod;IGN_Prod;ds-e8e54917-41a5-412c-997d-8e754468d105;WMS-VECTOR;2026-09-07;day;11;3630;1;False
offering;off-d52465d0-f3d6-483d-bd9c-834a3dec1b04;Couche IGN_Prod-13 · IGN_Prod;IGN_Prod;ds-e8e54917-41a5-412c-997d-8e754468d105;WMS-VECTOR;2026-09-08;day;15;4545;1;False
offering;off-d52465d0-f3d6-483d-bd9c-834a3dec1b04;Couche IGN_Prod-13 · IGN_Prod;IGN_Prod;ds-e8e54917-41a5-412c-997d-8e754468d105;WMS-VECTOR;2026-09-09;day;8;1768;1;False
offering;off-d52465d0-f3d6-483d-bd9c-834a3dec1b04;Couche IGN_Prod-13 · IGN_Prod;IGN_Prod;ds-e8e54917-41a5-412c-997d-8e754468d105;WMS-VECTOR;2026-09-10;day;15;1635;1;False
offering;off-d52465d0-f3d6-483d-bd9c-834a3dec1b04;Couche IGN_Prod-13 · IGN_Prod;IGN_Prod;ds-e8e54917-41a5-412c-997d-8e754468d105;WMS-VECTOR;2026-09-11;day;8;744;1;False
offering;off-d52465d0-f3d6-483d-bd9c-834a3dec1b04;Couche IGN_Prod-13 · IGN_Prod;IGN_Prod;ds-e8e54917-41a5-412c-997d-8e754468d105;WMS-VECTOR;2026-09-12;day;11;1584;1;False
offering;off-7f194c1e-83fe-4391-bd07-81d4fd9122b5;Couche IGN_Prod-15 · IGN_Prod;IGN_Prod;ds-e8e54917-41a5-412c-997d-8e754468d105;WMS-VECTOR;2026-08-23;day;10;2710;1;False
offering;off-7f194c1e-83fe-4391-bd07-81d4fd9122b5;Couche IGN_Prod-15 · IGN_Prod;IGN_Prod;ds-e8e54917-41a5-412c-997d-8e754468d105;WMS-VECTOR;2026-08-24;day;10;1210;1;False
offering;off-7f194c1e-83fe-4391-bd07-81d4fd9122b5;Couche IGN_Prod-15 · IGN_Prod;IGN_Prod;ds-e8e54917-41a5-412c-997d-8e754468d105;WMS-VECTOR;2026-08-25;day;17;1938;1;False
offering;off-7f194c1e-83fe-4391-bd07-81d4fd9122b5;Couche IGN_Prod-15 · IGN_Prod;IGN_Prod;ds-e8e54917-41a5-412c-997d-8e754468d105;WMS-VECTOR;2026-08-26;day;12;3744;1;False
offering;off-7f194c1e-83fe-4391-bd07-81d4fd9122b5;Couche IGN_Prod-15 · IGN_Prod;IGN_Prod;ds-e8e54917-41a5-412c-997d-8e754468d105;WMS-VECTOR;2026-08-27;day;14;1666;1;False
offering;off-7f194c1e-83fe-4391-bd07-81d4fd9122b5;Couche IGN_Prod-15 · IGN_Prod;IGN_Prod;ds-e8e54917-41a5-412c-997d-8e754468d105;WMS-VECTOR;2026-08-28;day;16;1952;1;False
offering;off-7f194c1e-83fe-4391-bd07-81d4fd9122b5;Couche IGN_Prod-15 · IGN_Prod;IGN_Prod;ds-e8e54917-41a5-412c-997d-8e754468d105;WMS-VECTOR;2026-08-29;day;14;3360;1;False
offering;off-7f194c1e-83fe-4391-bd07-81d4fd9122b5;Couche IGN_Prod-15 · IGN_Prod;IGN_Prod;ds-e8e54917-41a5-412c-997d-8e754468d105;WMS-VECTOR;2026-08-30;day;9;1080;1;False
offering;off-7f194c1e-83fe-4391-bd07-81d4fd9122b5;Couche IGN_Prod-15 · IGN_Prod;IGN_Prod;ds-e8e54917-41a5-412c-997d-8e754468d105;WMS-VECTOR;2026-08-31;day;10;2750;1;False
offering;off-7f194c1e-83fe-4391-bd07-81d4fd9122b5;Couche IGN_Prod-15 · IGN_Prod;IGN_Prod;ds-e8e54917-41a5-412c-997d-8e754468d105;WMS-VECTOR;2026-09-01;day;9;1809;1;False
offering;off-7f194c1e-83fe-4391-bd07-81d4fd9122b5;Couche IGN_Prod-15 · IGN_Prod;IGN_Prod;ds-e8e54917-41a5-412c-997d-8e754468d105;WMS-VECTOR;2026-09-02;day;9;783;1;False
offering;off-7f194c1e-83fe-4391-bd07-81d4fd9122b5;Couche IGN_Prod-15 · IGN_Prod;IGN_Prod;ds-e8e54917-41a5-412c-997d-8e754468d105;WMS-VECTOR;2026-09-03;day;14;1890;1;False
offering;off-7f194c1e-83fe-4391-bd07-81d4fd9122b5;Couche IGN_Prod-15 · IGN_Prod;IGN_Prod;ds-e8e54917-41a5-412c-997d-8e754468d105;WMS-VECTOR;2026-09-04;day;13;1612;1;False
offering;off-7f194c1e-83fe-4391-bd07-81d4fd9122b5;Couche IGN_Prod-15 · IGN_Prod;IGN_Prod;ds-e8e54917-41a5-412c-997d-8e754468d105;WMS-VECTOR;2026-09-05;day;18;4698;1;False
offering;off-7f194c1e-83fe-4391-bd07-81d4fd9122b5;Couche IGN_Prod-15 · IGN_Prod;IGN_Prod;ds-e8e54917-41a5-412c-997d-8e754468d105;WMS-VECTOR;2026-09-06;day;10;2170;1;False
offering;off-7f194c1e-83fe-4391-bd07-81d4fd9122b5;Couche IGN_Prod-15 · IGN_Prod;IGN_Prod;ds-e8e54917-41a5-412c-997d-8e754468d105;WMS-VECTOR;2026-09-07;day;13;3484;1;False
offering;off-7f194c1e-83fe-4391-bd07-81d4fd9122b5;Couche IGN_Prod-15 · IGN_Prod;IGN_Prod;ds-e8e54917-41a5-412c-997d-8e754468d105;WMS-VECTOR;2026-09-08;day;17;2142;1;False
offering;off-7f194c1e-83fe-4391-bd07-81d4fd9122b5;Couche IGN_Prod-15 · IGN_Prod;IGN_Prod;ds-e8e54917-41a5-412c-997d-8e754468d105;WMS-VECTOR;2026-09-09;day;15;1860;1;False
offering;off-7f194c1e-83fe-4391-bd07-81d4fd9122b5;Couche IGN_Prod-15 · IGN_Prod;IGN_Prod;ds-e8e54917-41a5-412c-997d-8e754468d105;WMS-VECTOR;2026-09-10;day;17;2805;1;False
offering;off-7f194c1e-83fe-4391-bd07-81d4fd9122b5;Couche IGN_Prod-15 · IGN_Prod;IGN_Prod;ds-e8e54917-41a5-412c-997d-8e754468d105;WMS-VECTOR;2026-09-11;day;14;1862;1;False
offering;off-7f194c1e-83fe-4391-bd07-81d4fd9122b5;Couche IGN_Prod-15 · IGN_Prod;IGN_Prod;ds-e8e54917-41a5-412c-997d-8e754468d105;WMS-VECTOR;2026-09-12;day;11;2728;1;False
offering;off-7f194c1e-83fe-4391-bd07-81d4fd9122b5;Couche IGN_Prod-15 · IGN_Prod;IGN_Prod;ds-e8e54917-41a5-412c-997d-8e754468d105;WMS-VECTOR;2026-09-13;day;15;4275;1;False
offering;off-7f194c1e-83fe-4391-bd07-81d4fd9122b5;Couche IGN_Prod-15 · IGN_Prod;IGN_Prod;ds-e8e54917-41a5-412c-997d-8e754468d105;WMS-VECTOR;2026-09-14;day;18;5220;1;False
offering;off-7f194c1e-83fe-4391-bd07-81d4fd9122b5;Couche IGN_Prod-15 · IGN_Prod;IGN_Prod;ds-e8e54917-41a5-412c-997d-8e754468d105;WMS-VECTOR;2026-09-15;day;11;1947;1;False
offering;off-7f194c1e-83fe-4391-bd07-81d4fd9122b5;Couche IGN_Prod-15 · IGN_Prod;IGN_Prod;ds-e8e54917-41a5-412c-997d-8e754468d105;WMS-VECTOR;2026-09-16;day;9;3528;1;False
offering;off-7f194c1e-83fe-4391-bd07-81d4fd9122b5;Couche IGN_Prod-15 · IGN_Prod;IGN_Prod;ds-e8e54917-41a5-412c-997d-8e754468d105;WMS-VECTOR;2026-09-17;day;16;2192;1;False
offering;off-7f194c1e-83fe-4391-bd07-81d4fd9122b5;Couche IGN_Prod-15 · IGN_Prod;IGN_Prod;ds-e8e54917-41a5-412c-997d-8e754468d105;WMS-VECTOR;2026-09-18;day;15;5595;1;False
offering;off-7f194c1e-83fe-4391-bd07-81d4fd9122b5;Couche IGN_Prod-15 · IGN_Prod;IGN_Prod;ds-e8e54917-41a5-412c-997d-8e754468d105;WMS-VECTOR;2026-09-19;day;18;6264;1;False
offering;off-7f194c1e-83fe-4391-bd07-81d4fd9122b5;Couche IGN_Prod-15 · IGN_Prod;IGN_Prod;ds-e8e54917-41a5-412c-997d-8e754468d105;WMS-VECTOR;2026-09-20;day;10;1560;1;False
offering;off-7f194c1e-83fe-4391-bd07-81d4fd9122b5;Couche IGN_Prod-15 · IGN_Prod;IGN_Prod;ds-e8e54917-41a5-412c-997d-8e754468d105;WMS-VECTOR;2026-09-21;day;12;2436;1;False
offering;off-5ef9abc5-b291-4ba6-87f5-2c414c82de37;Couche IGN_Prod-16 · IGN_Prod;IGN_Prod;ds-e8e54917-41a5-412c-997d-8e754468d105;WMTS-TMS;2026-09-04;day;10;2830;1;False
offering;off-5ef9abc5-b291-4ba6-87f5-2c414c82de37;Couche IGN_Prod-16 · IGN_Prod;IGN_Prod;ds-e8e54917-41a5-412c-997d-8e754468d105;WMTS-TMS;2026-09-05;day;16;3840;1;False
offering;off-5ef9abc5-b291-4ba6-87f5-2c414c82de37;Couche IGN_Prod-16 · IGN_Prod;IGN_Prod;ds-e8e54917-41a5-412c-997d-8e754468d105;WMTS-TMS;2026-09-06;day;13;2067;1;False
offering;off-da9bd4fc-b537-44f5-8ac7-ba0769c52385;Couche IGN_Prod-17 · IGN_Prod;IGN_Prod;ds-e8e54917-41a5-412c-997d-8e754468d105;WMTS-TMS;2026-09-02;day;3;396;1;False
offering;off-da9bd4fc-b537-44f5-8ac7-ba0769c52385;Couche IGN_Prod-17 · IGN_Prod;IGN_Prod;ds-e8e54917-41a5-412c-997d-8e754468d105;WMTS-TMS;2026-09-03;day;4;816;1;False
offering;off-da9bd4fc-b537-44f5-8ac7-ba0769c52385;Couche IGN_Prod-17 · IGN_Prod;IGN_Prod;ds-e8e54917-41a5-412c-997d-8e754468d105;WMTS-TMS;2026-09-04;day;3;261;1;False
offering;off-da9bd4fc-b537-44f5-8ac7-ba0769c52385;Couche IGN_Prod-17 · IGN_Prod;IGN_Prod;ds-e8e54917-41a5-412c-997d-8e754468d105;WMTS-TMS;2026-09-05;day;10;2680;1;False
offering;off-da9bd4fc-b537-44f5-8ac7-ba0769c52385;Couche IGN_Prod-17 · IGN_Prod;IGN_Prod;ds-e8e54917-41a5-412c-997d-8e754468d105;WMTS-TMS;2026-09-06;day;8;1520;1;False
offering;off-da9bd4fc-b537-44f5-8ac7-ba0769c52385;Couche IGN_Prod-17 · IGN_Prod;IGN_Prod;ds-e8e54917-41a5-412c-997d-8e754468d105;WMTS-TMS;2026-09-07;day;7;791;1;False
offering;off-da9bd4fc-b537-44f5-8ac7-ba0769c52385;Couche IGN_Prod-17 · IGN_Prod;IGN_Prod;ds-e8e54917-41a5-412c-997d-8e754468d105;WMTS-TMS;2026-09-08;day;5;1305;1;False
offering;off-da9bd4fc-b537-44f5-8ac7-ba0769c52385;Couche IGN_Prod-17 · IGN_Prod;IGN_Prod;ds-e8e54917-41a5-412c-997d-8e754468d105;WMTS-TMS;2026-09-09;day;8;840;1;False
offering;off-da9bd4fc-b537-44f5-8ac7-ba0769c52385;Couche IGN_Prod-17 · IGN_Prod;IGN_Prod;ds-e8e54917-41a5-412c-997d-8e754468d105;WMTS-TMS;2026-09-10;day;5;1730;1;False
offering;off-d7f42333-5c70-4837-a2bf-e9d2d02e5726;Couche IGN_Prod-19 · IGN_Prod;IGN_Prod;ds-e8e54917-41a5-412c-997d-8e754468d105;WMTS-TMS;2026-09-09;day;11;2189;1;False
offering;off-d7f42333-5c70-4837-a2bf-e9d2d02e5726;Couche IGN_Prod-19 · IGN_Prod;IGN_Prod;ds-e8e54917-41a5-412c-997d-8e754468d105;WMTS-TMS;2026-09-10;day;6;1092;1;False
offering;off-d7f42333-5c70-4837-a2bf-e9d2d02e5726;Couche IGN_Prod-19 · IGN_Prod;IGN_Prod;ds-e8e54917-41a5-412c-997d-8e754468d105;WMTS-TMS;2026-09-11;day;12;1272;1;False
offering;off-d7f42333-5c70-4837-a2bf-e9d2d02e5726;Couche IGN_Prod-19 · IGN_Prod;IGN_Prod;ds-e8e54917-41a5-412c-997d-8e754468d105;WMTS-TMS;2026-09-12;day;8;2656;1;False
offering;off-d7f42333-5c70-4837-a2bf-e9d2d02e5726;Couche IGN_Prod-19 · IGN_Prod;IGN_Prod;ds-e8e54917-41a5-412c-997d-8e754468d105;WMTS-TMS;2026-09-13;day;12;2616;1;False
offering;off-d7f42333-5c70-4837-a2bf-e9d2d02e5726;Couche IGN_Prod-19 · IGN_Prod;IGN_Prod;ds-e8e54917-41a5-412c-997d-8e754468d105;WMTS-TMS;2026-09-14;day;5;1420;1;False
producer_permission;ds-e8e54917-41a5-412c-997d-8e754468d105:perm-0b0e2960-cbc5-42ad-8224-762e791a9c4f;Couche IGN_Prod-14 + Couche IGN_Prod-17 + Couche IGN_Prod-23 · IGN_Prod;IGN_Prod;ds-e8e54917-41a5-412c-997d-8e754468d105;;2026-08-23;day;7;2772;1;False
producer_permission;ds-e8e54917-41a5-412c-997d-8e754468d105:perm-0b0e2960-cbc5-42ad-8224-762e791a9c4f;Couche IGN_Prod-14 + Couche IGN_Prod-17 + Couche IGN_Prod-23 · IGN_Prod;IGN_Prod;ds-e8e54917-41a5-412c-997d-8e754468d105;;2026-08-24;day;3;537;1;False
producer_permission;ds-e8e54917-41a5-412c-997d-8e754468d105:perm-0b0e2960-cbc5-42ad-8224-762e791a9c4f;Couche IGN_Prod-14 + Couche IGN_Prod-17 + Couche IGN_Prod-23 · IGN_Prod;IGN_Prod;ds-e8e54917-41a5-412c-997d-8e754468d105;;2026-08-25;day;6;852;1;False
producer_permission;ds-e8e54917-41a5-412c-997d-8e754468d105:perm-0b0e2960-cbc5-42ad-8224-762e791a9c4f;Couche IGN_Prod-14 + Couche IGN_Prod-17 + Couche IGN_Prod-23 · IGN_Prod;IGN_Prod;ds-e8e54917-41a5-412c-997d-8e754468d105;;2026-08-27;day;2;262;1;False
producer_permission;ds-e8e54917-41a5-412c-997d-8e754468d105:perm-0b0e2960-cbc5-42ad-8224-762e791a9c4f;Couche IGN_Prod-14 + Couche IGN_Prod-17 + Couche IGN_Prod-23 · IGN_Prod;IGN_Prod;ds-e8e54917-41a5-412c-997d-8e754468d105;;2026-08-29;day;4;608;1;False
producer_permission;ds-e8e54917-41a5-412c-997d-8e754468d105:perm-0b0e2960-cbc5-42ad-8224-762e791a9c4f;Couche IGN_Prod-14 + Couche IGN_Prod-17 + Couche IGN_Prod-23 · IGN_Prod;IGN_Prod;ds-e8e54917-41a5-412c-997d-8e754468d105;;2026-08-30;day;4;884;1;False
producer_permission;ds-e8e54917-41a5-412c-997d-8e754468d105:perm-0b0e2960-cbc5-42ad-8224-762e791a9c4f;Couche IGN_Prod-14 + Couche IGN_Prod-17 + Couche IGN_Prod-23 · IGN_Prod;IGN_Prod;ds-e8e54917-41a5-412c-997d-8e754468d105;;2026-09-03;day;5;1200;1;False
producer_permission;ds-e8e54917-41a5-412c-997d-8e754468d105:perm-0b0e2960-cbc5-42ad-8224-762e791a9c4f;Couche IGN_Prod-14 + Couche IGN_Prod-17 + Couche IGN_Prod-23 · IGN_Prod;IGN_Prod;ds-e8e54917-41a5-412c-997d-8e754468d105;;2026-09-04;day;5;1195;1;False
producer_permission;ds-e8e54917-41a5-412c-997d-8e754468d105:perm-0b0e2960-cbc5-42ad-8224-762e791a9c4f;Couche IGN_Prod-14 + Couche IGN_Prod-17 + Couche IGN_Prod-23 · IGN_Prod;IGN_Prod;ds-e8e54917-41a5-412c-997d-8e754468d105;;2026-09-05;day;3;522;1;False
producer_permission;ds-e8e54917-41a5-412c-997d-8e754468d105:perm-0b0e2960-cbc5-42ad-8224-762e791a9c4f;Couche IGN_Prod-14 + Couche IGN_Prod-17 + Couche IGN_Prod-23 · IGN_Prod;IGN_Prod;ds-e8e54917-41a5-412c-997d-8e754468d105;;2026-09-06;day;6;1620;1;False
producer_permission;ds-e8e54917-41a5-412c-997d-8e754468d105:perm-0b0e2960-cbc5-42ad-8224-762e791a9c4f;Couche IGN_Prod-14 + Couche IGN_Prod-17 + Couche IGN_Prod-23 · IGN_Prod;IGN_Prod;ds-e8e54917-41a5-412c-997d-8e754468d105;;2026-09-07;day;5;1800;1;False
producer_permission;ds-e8e54917-41a5-412c-997d-8e754468d105:perm-0b0e2960-cbc5-42ad-8224-762e791a9c4f;Couche IGN_Prod-14 + Couche IGN_Prod-17 + Couche IGN_Prod-23 · IGN_Prod;IGN_Prod;ds-e8e54917-41a5-412c-997d-8e754468d105;;2026-09-08;day;2;726;1;False
producer_permission;ds-e8e54917-41a5-412c-997d-8e754468d105:perm-0b0e2960-cbc5-42ad-8224-762e791a9c4f;Couche IGN_Prod-14 + Couche IGN_Prod-17 + Couche IGN_Prod-23 · IGN_Prod;IGN_Prod;ds-e8e54917-41a5-412c-997d-8e754468d105;;2026-09-09;day;7;2408;1;False
producer_permission;ds-e8e54917-41a5-412c-997d-8e754468d105:perm-0b0e2960-cbc5-42ad-8224-762e791a9c4f;Couche IGN_Prod-14 + Couche IGN_Prod-17 + Couche IGN_Prod-23 · IGN_Prod;IGN_Prod;ds-e8e54917-41a5-412c-997d-8e754468d105;;2026-09-10;day;7;2688;1;False
producer_permission;ds-e8e54917-41a5-412c-997d-8e754468d105:perm-0b0e2960-cbc5-42ad-8224-762e791a9c4f;Couche IGN_Prod-14 + Couche IGN_Prod-17 + Couche IGN_Prod-23 · IGN_Prod;IGN_Prod;ds-e8e54917-41a5-412c-997d-8e754468d105;;2026-09-11;day;3;600;1;False
producer_permission;ds-e8e54917-41a5-412c-997d-8e754468d105:perm-0b0e2960-cbc5-42ad-8224-762e791a9c4f;Couche IGN_Prod-14 + Couche IGN_Prod-17 + Couche IGN_Prod-23 · IGN_Prod;IGN_Prod;ds-e8e54917-41a5-412c-997d-8e754468d105;;2026-09-13;day;1;327;1;False
producer_permission;ds-e8e54917-41a5-412c-997d-8e754468d105:perm-0b0e2960-cbc5-42ad-8224-762e791a9c4f;Couche IGN_Prod-14 + Couche IGN_Prod-17 + Couche IGN_Prod-23 · IGN_Prod;IGN_Prod;ds-e8e54917-41a5-412c-997d-8e754468d105;;2026-09-15;day;2;350;1;False
producer_permission;ds-e8e54917-41a5-412c-997d-8e754468d105:perm-0b0e2960-cbc5-42ad-8224-762e791a9c4f;Couche IGN_Prod-14 + Couche IGN_Prod-17 + Couche IGN_Prod-23 · IGN_Prod;IGN_Prod;ds-e8e54917-41a5-412c-997d-8e754468d105;;2026-09-16;day;2;592;1;False
producer_permission;ds-e8e54917-41a5-412c-997d-8e754468d105:perm-0b0e2960-cbc5-42ad-8224-762e791a9c4f;Couche IGN_Prod-14 + Couche IGN_Prod-17 + Couche IGN_Prod-23 · IGN_Prod;IGN_Prod;ds-e8e54917-41a5-412c-997d-8e754468d105;;2026-09-19;day;1;97;1;False
producer_permission;ds-e8e54917-41a5-412c-997d-8e754468d105:perm-0b0e2960-cbc5-42ad-8224-762e791a9c4f;Couche IGN_Prod-14 + Couche IGN_Prod-17 + Couche IGN_Prod-23 · IGN_Prod;IGN_Prod;ds-e8e54917-41a5-412c-997d-8e754468d105;;2026-09-20;day;6;2178;1;False
producer_permission;ds-e8e54917-41a5-412c-997d-8e754468d105:perm-0b0e2960-cbc5-42ad-8224-762e791a9c4f;Couche IGN_Prod-14 + Couche IGN_Prod-17 + Couche IGN_Prod-23 · IGN_Prod;IGN_Prod;ds-e8e54917-41a5-412c-997d-8e754468d105;;2026-09-21;day;1;362;1;False
producer_permission;ds-e8e54917-41a5-412c-997d-8e754468d105:perm-2e493ae7-a428-4184-addc-1a61b005a301;Couche IGN_Prod-15 + Couche IGN_Prod-21 + Couche IGN_Prod-22 · IGN_Prod;IGN_Prod;ds-e8e54917-41a5-412c-997d-8e754468d105;;2026-08-23;day;5;1615;1;False
producer_permission;ds-e8e54917-41a5-412c-997d-8e754468d105:perm-2e493ae7-a428-4184-addc-1a61b005a301;Couche IGN_Prod-15 + Couche IGN_Prod-21 + Couche IGN_Prod-22 · IGN_Prod;IGN_Prod;ds-e8e54917-41a5-412c-997d-8e754468d105;;2026-08-24;day;8;3200;1;False
producer_permission;ds-e8e54917-41a5-412c-997d-8e754468d105:perm-2e493ae7-a428-4184-addc-1a61b005a301;Couche IGN_Prod-15 + Couche IGN_Prod-21 + Couche IGN_Prod-22 · IGN_Prod;IGN_Prod;ds-e8e54917-41a5-412c-997d-8e754468d105;;2026-08-25;day;8;1656;1;False
producer_permission;ds-e8e54917-41a5-412c-997d-8e754468d105:perm-2e493ae7-a428-4184-addc-1a61b005a301;Couche IGN_Prod-15 + Couche IGN_Prod-21 + Couche IGN_Prod-22 · IGN_Prod;IGN_Prod;ds-e8e54917-41a5-412c-997d-8e754468d105;;2026-08-26;day;3;453;1;False
producer_permission;ds-e8e54917-41a5-412c-997d-8e754468d105:perm-2e493ae7-a428-4184-addc-1a61b005a301;Couche IGN_Prod-15 + Couche IGN_Prod-21 + Couche IGN_Prod-22 · IGN_Prod;IGN_Prod;ds-e8e54917-41a5-412c-997d-8e754468d105;;2026-08-27;day;4;1192;1;False
producer_permission;ds-e8e54917-41a5-412c-997d-8e754468d105:perm-2e493ae7-a428-4184-addc-1a61b005a301;Couche IGN_Prod-15 + Couche IGN_Prod-21 + Couche IGN_Prod-22 · IGN_Prod;IGN_Prod;ds-e8e54917-41a5-412c-997d-8e754468d105;;2026-08-28;day;3;345;1;False
producer_permission;ds-e8e54917-41a5-412c-997d-8e754468d105:perm-2e493ae7-a428-4184-addc-1a61b005a301;Couche IGN_Prod-15 + Couche IGN_Prod-21 + Couche IGN_Prod-22 · IGN_Prod;IGN_Prod;ds-e8e54917-41a5-412c-997d-8e754468d105;;2026-08-29;day;8;1088;1;False
producer_permission;ds-e8e54917-41a5-412c-997d-8e754468d105:perm-2e493ae7-a428-4184-addc-1a61b005a301;Couche IGN_Prod-15 + Couche IGN_Prod-21 + Couche IGN_Prod-22 · IGN_Prod;IGN_Prod;ds-e8e54917-41a5-412c-997d-8e754468d105;;2026-08-30;day;11;3091;1;False
producer_permission;ds-e8e54917-41a5-412c-997d-8e754468d105:perm-2e493ae7-a428-4184-addc-1a61b005a301;Couche IGN_Prod-15 + Couche IGN_Prod-21 + Couche IGN_Prod-22 · IGN_Prod;IGN_Prod;ds-e8e54917-41a5-412c-997d-8e754468d105;;2026-08-31;day;5;790;1;False
producer_permission;ds-e8e54917-41a5-412c-997d-8e754468d105:perm-2e493ae7-a428-4184-addc-1a61b005a301;Couche IGN_Prod-15 + Couche IGN_Prod-21 + Couche IGN_Prod-22 · IGN_Prod;IGN_Prod;ds-e8e54917-41a5-412c-997d-8e754468d105;;2026-09-01;day;10;2300;1;False
producer_permission;ds-e8e54917-41a5-412c-997d-8e754468d105:perm-2e493ae7-a428-4184-addc-1a61b005a301;Couche IGN_Prod-15 + Couche IGN_Prod-21 + Couche IGN_Prod-22 · IGN_Prod;IGN_Prod;ds-e8e54917-41a5-412c-997d-8e754468d105;;2026-09-02;day;5;430;1;False
producer_permission;ds-e8e54917-41a5-412c-997d-8e754468d105:perm-2e493ae7-a428-4184-addc-1a61b005a301;Couche IGN_Prod-15 + Couche IGN_Prod-21 + Couche IGN_Prod-22 · IGN_Prod;IGN_Prod;ds-e8e54917-41a5-412c-997d-8e754468d105;;2026-09-03;day;11;3366;1;False
producer_permission;ds-e8e54917-41a5-412c-997d-8e754468d105:perm-2e493ae7-a428-4184-addc-1a61b005a301;Couche IGN_Prod-15 + Couche IGN_Prod-21 + Couche IGN_Prod-22 · IGN_Prod;IGN_Prod;ds-e8e54917-41a5-412c-997d-8e754468d105;;2026-09-04;day;12;4056;1;False
producer_permission;ds-e8e54917-41a5-412c-997d-8e754468d105:perm-2e493ae7-a428-4184-addc-1a61b005a301;Couche IGN_Prod-15 + Couche IGN_Prod-21 + Couche IGN_Prod-22 · IGN_Prod;IGN_Prod;ds-e8e54917-41a5-412c-997d-8e754468d105;;2026-09-05;day;3;963;1;False
producer_permission;ds-e8e54917-41a5-412c-997d-8e754468d105:perm-2e493ae7-a428-4184-addc-1a61b005a301;Couche IGN_Prod-15 + Couche IGN_Prod-21 + Couche IGN_Prod-22 · IGN_Prod;IGN_Prod;ds-e8e54917-41a5-412c-997d-8e754468d105;;2026-09-06;day;6;762;1;False
producer_permission;ds-e8e54917-41a5-412c-997d-8e754468d105:perm-2e493ae7-a428-4184-addc-1a61b005a301;Couche IGN_Prod-15 + Couche IGN_Prod-21 + Couche IGN_Prod-22 · IGN_Prod;IGN_Prod;ds-e8e54917-41a5-412c-997d-8e754468d105;;2026-09-07;day;11;4169;1;False
producer_permission;ds-e8e54917-41a5-412c-997d-8e754468d105:perm-2e493ae7-a428-4184-addc-1a61b005a301;Couche IGN_Prod-15 + Couche IGN_Prod-21 + Couche IGN_Prod-22 · IGN_Prod;IGN_Prod;ds-e8e54917-41a5-412c-997d-8e754468d105;;2026-09-08;day;4;752;1;False
producer_permission;ds-e8e54917-41a5-412c-997d-8e754468d105:perm-2e493ae7-a428-4184-addc-1a61b005a301;Couche IGN_Prod-15 + Couche IGN_Prod-21 + Couche IGN_Prod-22 · IGN_Prod;IGN_Prod;ds-e8e54917-41a5-412c-997d-8e754468d105;;2026-09-09;day;12;1224;1;False
producer_permission;ds-e8e54917-41a5-412c-997d-8e754468d105:perm-2e493ae7-a428-4184-addc-1a61b005a301;Couche IGN_Prod-15 + Couche IGN_Prod-21 + Couche IGN_Prod-22 · IGN_Prod;IGN_Prod;ds-e8e54917-41a5-412c-997d-8e754468d105;;2026-09-10;day;3;654;1;False
producer_permission;ds-e8e54917-41a5-412c-997d-8e754468d105:perm-2e493ae7-a428-4184-addc-1a61b005a301;Couche IGN_Prod-15 + Couche IGN_Prod-21 + Couche IGN_Prod-22 · IGN_Prod;IGN_Prod;ds-e8e54917-41a5-412c-997d-8e754468d105;;2026-09-11;day;4;1332;1;False
producer_permission;ds-e8e54917-41a5-412c-997d-8e754468d105:perm-2e493ae7-a428-4184-addc-1a61b005a301;Couche IGN_Prod-15 + Couche IGN_Prod-21 + Couche IGN_Prod-22 · IGN_Prod;IGN_Prod;ds-e8e54917-41a5-412c-997d-8e754468d105;;2026-09-12;day;6;948;1;False
producer_permission;ds-e8e54917-41a5-412c-997d-8e754468d105:perm-2e493ae7-a428-4184-addc-1a61b005a301;Couche IGN_Prod-15 + Couche IGN_Prod-21 + Couche IGN_Prod-22 · IGN_Prod;IGN_Prod;ds-e8e54917-41a5-412c-997d-8e754468d105;;2026-09-13;day;12;4392;1;False
producer_permission;ds-e8e54917-41a5-412c-997d-8e754468d105:perm-2e493ae7-a428-4184-addc-1a61b005a301;Couche IGN_Prod-15 + Couche IGN_Prod-21 + Couche IGN_Prod-22 · IGN_Prod;IGN_Prod;ds-e8e54917-41a5-412c-997d-8e754468d105;;2026-09-14;day;6;1908;1;False
producer_permission;ds-e8e54917-41a5-412c-997d-8e754468d105:perm-2e493ae7-a428-4184-addc-1a61b005a301;Couche IGN_Prod-15 + Couche IGN_Prod-21 + Couche IGN_Prod-22 · IGN_Prod;IGN_Prod;ds-e8e54917-41a5-412c-997d-8e754468d105;;2026-09-15;day;12;1956;1;False
producer_permission;ds-e8e54917-41a5-412c-997d-8e754468d105:perm-2e493ae7-a428-4184-addc-1a61b005a301;Couche IGN_Prod-15 + Couche IGN_Prod-21 + Couche IGN_Prod-22 · IGN_Prod;IGN_Prod;ds-e8e54917-41a5-412c-997d-8e754468d105;;2026-09-16;day;3;543;1;False
producer_permission;ds-e8e54917-41a5-412c-997d-8e754468d105:perm-2e493ae7-a428-4184-addc-1a61b005a301;Couche IGN_Prod-15 + Couche IGN_Prod-21 + Couche IGN_Prod-22 · IGN_Prod;IGN_Prod;ds-e8e54917-41a5-412c-997d-8e754468d105;;2026-09-17;day;3;1062;1;False
producer_permission;ds-e8e54917-41a5-412c-997d-8e754468d105:perm-2e493ae7-a428-4184-addc-1a61b005a301;Couche IGN_Prod-15 + Couche IGN_Prod-21 + Couche IGN_Prod-22 · IGN_Prod;IGN_Prod;ds-e8e54917-41a5-412c-997d-8e754468d105;;2026-09-18;day;12;1800;1;False
producer_permission;ds-e8e54917-41a5-412c-997d-8e754468d105:perm-2e493ae7-a428-4184-addc-1a61b005a301;Couche IGN_Prod-15 + Couche IGN_Prod-21 + Couche IGN_Prod-22 · IGN_Prod;IGN_Prod;ds-e8e54917-41a5-412c-997d-8e754468d105;;2026-09-19;day;3;915;1;False
producer_permission;ds-e8e54917-41a5-412c-997d-8e754468d105:perm-2e493ae7-a428-4184-addc-1a61b005a301;Couche IGN_Prod-15 + Couche IGN_Prod-21 + Couche IGN_Prod-22 · IGN_Prod;IGN_Prod;ds-e8e54917-41a5-412c-997d-8e754468d105;;2026-09-20;day;12;4068;1;False
producer_permission;ds-e8e54917-41a5-412c-997d-8e754468d105:perm-2e493ae7-a428-4184-addc-1a61b005a301;Couche IGN_Prod-15 + Couche IGN_Prod-21 + Couche IGN_Prod-22 · IGN_Prod;IGN_Prod;ds-e8e54917-41a5-412c-997d-8e754468d105;;2026-09-21;day;7;882;1;False
producer_permission;ds-e8e54917-41a5-412c-997d-8e754468d105:perm-fc062089-a995-4a75-bc78-b23429ce9b21;Couche IGN_Prod-14 + Couche IGN_Prod-21 + Couche IGN_Prod-15 · IGN_Prod;IGN_Prod;ds-e8e54917-41a5-412c-997d-8e754468d105;;2026-08-23;day;6;2178;1;False
producer_permission;ds-e8e54917-41a5-412c-997d-8e754468d105:perm-fc062089-a995-4a75-bc78-b23429ce9b21;Couche IGN_Prod-14 + Couche IGN_Prod-21 + Couche IGN_Prod-15 · IGN_Prod;IGN_Prod;ds-e8e54917-41a5-412c-997d-8e754468d105;;2026-08-24;day;10;1800;1;False
producer_permission;ds-e8e54917-41a5-412c-997d-8e754468d105:perm-fc062089-a995-4a75-bc78-b23429ce9b21;Couche IGN_Prod-14 + Couche IGN_Prod-21 + Couche IGN_Prod-15 · IGN_Prod;IGN_Prod;ds-e8e54917-41a5-412c-997d-8e754468d105;;2026-08-25;day;10;3130;1;False
producer_permission;ds-e8e54917-41a5-412c-997d-8e754468d105:perm-fc062089-a995-4a75-bc78-b23429ce9b21;Couche IGN_Prod-14 + Couche IGN_Prod-21 + Couche IGN_Prod-15 · IGN_Prod;IGN_Prod;ds-e8e54917-41a5-412c-997d-8e754468d105;;2026-08-26;day;4;484;1;False
producer_permission;ds-e8e54917-41a5-412c-997d-8e754468d105:perm-fc062089-a995-4a75-bc78-b23429ce9b21;Couche IGN_Prod-14 + Couche IGN_Prod-21 + Couche IGN_Prod-15 · IGN_Prod;IGN_Prod;ds-e8e54917-41a5-412c-997d-8e754468d105;;2026-08-27;day;11;1584;1;False
producer_permission;ds-e8e54917-41a5-412c-997d-8e754468d105:perm-fc062089-a995-4a75-bc78-b23429ce9b21;Couche IGN_Prod-14 + Couche IGN_Prod-21 + Couche IGN_Prod-15 · IGN_Prod;IGN_Prod;ds-e8e54917-41a5-412c-997d-8e754468d105;;2026-08-28;day;5;825;1;False
producer_permission;ds-e8e54917-41a5-412c-997d-8e754468d105:perm-fc062089-a995-4a75-bc78-b23429ce9b21;Couche IGN_Prod-14 + Couche IGN_Prod-21 + Couche IGN_Prod-15 · IGN_Prod;IGN_Prod;ds-e8e54917-41a5-412c-997d-8e754468d105;;2026-08-29;day;6;2232;1;False
producer_permission;ds-e8e54917-41a5-412c-997d-8e754468d105:perm-fc062089-a995-4a75-bc78-b23429ce9b21;Couche IGN_Prod-14 + Couche IGN_Prod-21 + Couche IGN_Prod-15 · IGN_Prod;IGN_Prod;ds-e8e54917-41a5-412c-997d-8e754468d105;;2026-08-30;day;10;2810;1;False
producer_permission;ds-e8e54917-41a5-412c-997d-8e754468d105:perm-fc062089-a995-4a75-bc78-b23429ce9b21;Couche IGN_Prod-14 + Couche IGN_Prod-21 + Couche IGN_Prod-15 · IGN_Prod;IGN_Prod;ds-e8e54917-41a5-412c-997d-8e754468d105;;2026-08-31;day;5;1810;1;False
producer_permission;ds-e8e54917-41a5-412c-997d-8e754468d105:perm-fc062089-a995-4a75-bc78-b23429ce9b21;Couche IGN_Prod-14 + Couche IGN_Prod-21 + Couche IGN_Prod-15 · IGN_Prod;IGN_Prod;ds-e8e54917-41a5-412c-997d-8e754468d105;;2026-09-01;day;6;2364;1;False
producer_permission;ds-e8e54917-41a5-412c-997d-8e754468d105:perm-fc062089-a995-4a75-bc78-b23429ce9b21;Couche IGN_Prod-14 + Couche IGN_Prod-21 + Couche IGN_Prod-15 · IGN_Prod;IGN_Prod;ds-e8e54917-41a5-412c-997d-8e754468d105;;2026-09-02;day;4;504;1;False
producer_permission;ds-e8e54917-41a5-412c-997d-8e754468d105:perm-fc062089-a995-4a75-bc78-b23429ce9b21;Couche IGN_Prod-14 + Couche IGN_Prod-21 + Couche IGN_Prod-15 · IGN_Prod;IGN_Prod;ds-e8e54917-41a5-412c-997d-8e754468d105;;2026-09-03;day;8;1376;1;False
producer_permission;ds-e8e54917-41a5-412c-997d-8e754468d105:perm-fc062089-a995-4a75-bc78-b23429ce9b21;Couche IGN_Prod-14 + Couche IGN_Prod-21 + Couche IGN_Prod-15 · IGN_Prod;IGN_Prod;ds-e8e54917-41a5-412c-997d-8e754468d105;;2026-09-04;day;10;810;1;False
producer_permission;ds-e8e54917-41a5-412c-997d-8e754468d105:perm-fc062089-a995-4a75-bc78-b23429ce9b21;Couche IGN_Prod-14 + Couche IGN_Prod-21 + Couche IGN_Prod-15 · IGN_Prod;IGN_Prod;ds-e8e54917-41a5-412c-997d-8e754468d105;;2026-09-05;day;9;1206;1;False
producer_permission;ds-e8e54917-41a5-412c-997d-8e754468d105:perm-fc062089-a995-4a75-bc78-b23429ce9b21;Couche IGN_Prod-14 + Couche IGN_Prod-21 + Couche IGN_Prod-15 · IGN_Prod;IGN_Prod;ds-e8e54917-41a5-412c-997d-8e754468d105;;2026-09-06;day;8;1928;1;False
producer_permission;ds-e8e54917-41a5-412c-997d-8e754468d105:perm-fc062089-a995-4a75-bc78-b23429ce9b21;Couche IGN_Prod-14 + Couche IGN_Prod-21 + Couche IGN_Prod-15 · IGN_Prod;IGN_Prod;ds-e8e54917-41a5-412c-997d-8e754468d105;;2026-09-07;day;13;3783;1;False
producer_permission;ds-e8e54917-41a5-412c-997d-8e754468d105:perm-fc062089-a995-4a75-bc78-b23429ce9b21;Couche IGN_Prod-14 + Couche IGN_Prod-21 + Couche IGN_Prod-15 · IGN_Prod;IGN_Prod;ds-e8e54917-41a5-412c-997d-8e754468d105;;2026-09-08;day;6;1416;1;False
producer_permission;ds-e8e54917-41a5-412c-997d-8e754468d105:perm-fc062089-a995-4a75-bc78-b23429ce9b21;Couche IGN_Prod-14 + Couche IGN_Prod-21 + Couche IGN_Prod-15 · IGN_Prod;IGN_Prod;ds-e8e54917-41a5-412c-997d-8e754468d105;;2026-09-09;day;13;4979;1;False
producer_permission;ds-e8e54917-41a5-412c-997d-8e754468d105:perm-fc062089-a995-4a75-bc78-b23429ce9b21;Couche IGN_Prod-14 + Couche IGN_Prod-21 + Couche IGN_Prod-15 · IGN_Prod;IGN_Prod;ds-e8e54917-41a5-412c-997d-8e754468d105;;2026-09-10;day;11;4070;1;False
producer_permission;ds-e8e54917-41a5-412c-997d-8e754468d105:perm-fc062089-a995-4a75-bc78-b23429ce9b21;Couche IGN_Prod-14 + Couche IGN_Prod-21 + Couche IGN_Prod-15 · IGN_Prod;IGN_Prod;ds-e8e54917-41a5-412c-997d-8e754468d105;;2026-09-11;day;11;1496;1;False
producer_permission;ds-e8e54917-41a5-412c-997d-8e754468d105:perm-fc062089-a995-4a75-bc78-b23429ce9b21;Couche IGN_Prod-14 + Couche IGN_Prod-21 + Couche IGN_Prod-15 · IGN_Prod;IGN_Prod;ds-e8e54917-41a5-412c-997d-8e754468d105;;2026-09-12;day;12;4044;1;False
producer_permission;ds-e8e54917-41a5-412c-997d-8e754468d105:perm-fc062089-a995-4a75-bc78-b23429ce9b21;Couche IGN_Prod-14 + Couche IGN_Prod-21 + Couche IGN_Prod-15 · IGN_Prod;IGN_Prod;ds-e8e54917-41a5-412c-997d-8e754468d105;;2026-09-13;day;6;570;1;False
producer_permission;ds-e8e54917-41a5-412c-997d-8e754468d105:perm-fc062089-a995-4a75-bc78-b23429ce9b21;Couche IGN_Prod-14 + Couche IGN_Prod-21 + Couche IGN_Prod-15 · IGN_Prod;IGN_Prod;ds-e8e54917-41a5-412c-997d-8e754468d105;;2026-09-14;day;10;2790;1;False
producer_permission;ds-e8e54917-41a5-412c-997d-8e754468d105:perm-fc062089-a995-4a75-bc78-b23429ce9b21;Couche IGN_Prod-14 + Couche IGN_Prod-21 + Couche IGN_Prod-15 · IGN_Prod;IGN_Prod;ds-e8e54917-41a5-412c-997d-8e754468d105;;2026-09-15;day;13;3523;1;False
producer_permission;ds-e8e54917-41a5-412c-997d-8e754468d105:perm-fc062089-a995-4a75-bc78-b23429ce9b21;Couche IGN_Prod-14 + Couche IGN_Prod-21 + Couche IGN_Prod-15 · IGN_Prod;IGN_Prod;ds-e8e54917-41a5-412c-997d-8e754468d105;;2026-09-16;day;8;1632;1;False
producer_permission;ds-e8e54917-41a5-412c-997d-8e754468d105:perm-fc062089-a995-4a75-bc78-b23429ce9b21;Couche IGN_Prod-14 + Couche IGN_Prod-21 + Couche IGN_Prod-15 · IGN_Prod;IGN_Prod;ds-e8e54917-41a5-412c-997d-8e754468d105;;2026-09-17;day;5;805;1;False
producer_permission;ds-e8e54917-41a5-412c-997d-8e754468d105:perm-fc062089-a995-4a75-bc78-b23429ce9b21;Couche IGN_Prod-14 + Couche IGN_Prod-21 + Couche IGN_Prod-15 · IGN_Prod;IGN_Prod;ds-e8e54917-41a5-412c-997d-8e754468d105;;2026-09-18;day;8;2144;1;False
producer_permission;ds-e8e54917-41a5-412c-997d-8e754468d105:perm-fc062089-a995-4a75-bc78-b23429ce9b21;Couche IGN_Prod-14 + Couche IGN_Prod-21 + Couche IGN_Prod-15 · IGN_Prod;IGN_Prod;ds-e8e54917-41a5-412c-997d-8e754468d105;;2026-09-19;day;5;1665;1;False
producer_permission;ds-e8e54917-41a5-412c-997d-8e754468d105:perm-fc062089-a995-4a75-bc78-b23429ce9b21;Couche IGN_Prod-14 + Couche IGN_Prod-21 + Couche IGN_Prod-15 · IGN_Prod;IGN_Prod;ds-e8e54917-41a5-412c-997d-8e754468d105;;2026-09-20;day;5;1970;1;False
producer_permission;ds-e8e54917-41a5-412c-997d-8e754468d105:perm-fc062089-a995-4a75-bc78-b23429ce9b21;Couche IGN_Prod-14 + Couche IGN_Prod-21 + Couche IGN_Prod-15 · IGN_Prod;IGN_Prod;ds-e8e54917-41a5-412c-997d-8e754468d105;;2026-09-21;day;13;1508;1;False
endpoint;ds-1a454e05-7963-4ca3-915d-e72ff26b12a2:ep-e6937e46-9757-4da9-a1b4-69114ade8316;Diffusion ep-e6937 · IGN_Sandbox;IGN_Sandbox;ds-1a454e05-7963-4ca3-915d-e72ff26b12a2;WMS-VECTOR;2026-08-23;day;29;11368;1;False
endpoint;ds-1a454e05-7963-4ca3-915d-e72ff26b12a2:ep-e6937e46-9757-4da9-a1b4-69114ade8316;Diffusion ep-e6937 · IGN_Sandbox;IGN_Sandbox;ds-1a454e05-7963-4ca3-915d-e72ff26b12a2;WMS-VECTOR;2026-08-24;day;30;9930;1;False
endpoint;ds-1a454e05-7963-4ca3-915d-e72ff26b12a2:ep-e6937e46-9757-4da9-a1b4-69114ade8316;Diffusion ep-e6937 · IGN_Sandbox;IGN_Sandbox;ds-1a454e05-7963-4ca3-915d-e72ff26b12a2;WMS-VECTOR;2026-08-25;day;35;5285;1;False
endpoint;ds-1a454e05-7963-4ca3-915d-e72ff26b12a2:ep-e6937e46-9757-4da9-a1b4-69114ade8316;Diffusion ep-e6937 · IGN_Sandbox;IGN_Sandbox;ds-1a454e05-7963-4ca3-915d-e72ff26b12a2;WMS-VECTOR;2026-08-26;day;36;9396;1;False
endpoint;ds-1a454e05-7963-4ca3-915d-e72ff26b12a2:ep-e6937e46-9757-4da9-a1b4-69114ade8316;Diffusion ep-e6937 · IGN_Sandbox;IGN_Sandbox;ds-1a454e05-7963-4ca3-915d-e72ff26b12a2;WMS-VECTOR;2026-08-27;day;29;7540;1;False
endpoint;ds-1a454e05-7963-4ca3-915d-e72ff26b12a2:ep-e6937e46-9757-4da9-a1b4-69114ade8316;Diffusion ep-e6937 · IGN_Sandbox;IGN_Sandbox;ds-1a454e05-7963-4ca3-915d-e72ff26b12a2;WMS-VECTOR;2026-08-28;day;29;2407;1;False
endpoint;ds-1a454e05-7963-4ca3-915d-e72ff26b12a2:ep-e6937e46-9757-4da9-a1b4-69114ade8316;Diffusion ep-e6937 · IGN_Sandbox;IGN_Sandbox;ds-1a454e05-7963-4ca3-915d-e72ff26b12a2;WMS-VECTOR;2026-08-29;day;27;4266;1;False
endpoint;ds-1a454e05-7963-4ca3-915d-e72ff26b12a2:ep-e6937e46-9757-4da9-a1b4-69114ade8316;Diffusion ep-e6937 · IGN_Sandbox;IGN_Sandbox;ds-1a454e05-7963-4ca3-915d-e72ff26b12a2;WMS-VECTOR;2026-08-30;day;35;9975;1;False
endpoint;ds-1a454e05-7963-4ca3-915d-e72ff26b12a2:ep-e6937e46-9757-4da9-a1b4-69114ade8316;Diffusion ep-e6937 · IGN_Sandbox;IGN_Sandbox;ds-1a454e05-7963-4ca3-915d-e72ff26b12a2;WMS-VECTOR;2026-08-31;day;36;12024;1;False
endpoint;ds-1a454e05-7963-4ca3-915d-e72ff26b12a2:ep-e6937e46-9757-4da9-a1b4-69114ade8316;Diffusion ep-e6937 · IGN_Sandbox;IGN_Sandbox;ds-1a454e05-7963-4ca3-915d-e72ff26b12a2;WMS-VECTOR;2026-09-01;day;31;12059;1;False
endpoint;ds-1a454e05-7963-4ca3-915d-e72ff26b12a2:ep-e6937e46-9757-4da9-a1b4-69114ade8316;Diffusion ep-e6937 · IGN_Sandbox;IGN_Sandbox;ds-1a454e05-7963-4ca3-915d-e72ff26b12a2;WMS-VECTOR;2026-09-02;day;35;10815;1;False
endpoint;ds-1a454e05-7963-4ca3-915d-e72ff26b12a2:ep-e6937e46-9757-4da9-a1b4-69114ade8316;Diffusion ep-e6937 · IGN_Sandbox;IGN_Sandbox;ds-1a454e05-7963-4ca3-915d-e72ff26b12a2;WMS-VECTOR;2026-09-03;day;32;12704;1;False
endpoint;ds-1a454e05-7963-4ca3-915d-e72ff26b12a2:ep-e6937e46-9757-4da9-a1b4-69114ade8316;Diffusion ep-e6937 · IGN_Sandbox;IGN_Sandbox;ds-1a454e05-7963-4ca3-915d-e72ff26b12a2;WMS-VECTOR;2026-09-04;day;30;4590;1;False
endpoint;ds-1a454e05-7963-4ca3-915d-e72ff26b12a2:ep-e6937e46-9757-4da9-a1b4-69114ade8316;Diffusion ep-e6937 · IGN_Sandbox;IGN_Sandbox;ds-1a454e05-7963-4ca3-915d-e72ff26b12a2;WMS-VECTOR;2026-09-05;day;30;3900;1;False
endpoint;ds-1a454e05-7963-4ca3-915d-e72ff26b12a2:ep-e6937e46-9757-4da9-a1b4-69114ade8316;Diffusion ep-e6937 · IGN_Sandbox;IGN_Sandbox;ds-1a454e05-7963-4ca3-915d-e72ff26b12a2;WMS-VECTOR;2026-09-06;day;29;4524;1;False
endpoint;ds-1a454e05-7963-4ca3-915d-e72ff26b12a2:ep-e6937e46-9757-4da9-a1b4-69114ade8316;Diffusion ep-e6937 · IGN_Sandbox;IGN_Sandbox;ds-1a454e05-7963-4ca3-915d-e72ff26b12a2;WMS-VECTOR;2026-09-07;day;27;7344;1;False
endpoint;ds-1a454e05-7963-4ca3-915d-e72ff26b12a2:ep-e6937e46-9757-4da9-a1b4-69114ade8316;Diffusion ep-e6937 · IGN_Sandbox;IGN_Sandbox;ds-1a454e05-7963-4ca3-915d-e72ff26b12a2;WMS-VECTOR;2026-09-08;day;28;7784;1;False
endpoint;ds-1a454e05-7963-4ca3-915d-e72ff26b12a2:ep-e6937e46-9757-4da9-a1b4-69114ade8316;Diffusion ep-e6937 · IGN_Sandbox;IGN_Sandbox;ds-1a454e05-7963-4ca3-915d-e72ff26b12a2;WMS-VECTOR;2026-09-09;day;33;2739;1;False
endpoint;ds-1a454e05-7963-4ca3-915d-e72ff26b12a2:ep-e6937e46-9757-4da9-a1b4-69114ade8316;Diffusion ep-e6937 · IGN_Sandbox;IGN_Sandbox;ds-1a454e05-7963-4ca3-915d-e72ff26b12a2;WMS-VECTOR;2026-09-10;day;28;5684;1;False
endpoint;ds-1a454e05-7963-4ca3-915d-e72ff26b12a2:ep-e6937e46-9757-4da9-a1b4-69114ade8316;Diffusion ep-e6937 · IGN_Sandbox;IGN_Sandbox;ds-1a454e05-7963-4ca3-915d-e72ff26b12a2;WMS-VECTOR;2026-09-11;day;29;4582;1;False
endpoint;ds-1a454e05-7963-4ca3-915d-e72ff26b12a2:ep-e6937e46-9757-4da9-a1b4-69114ade8316;Diffusion ep-e6937 · IGN_Sandbox;IGN_Sandbox;ds-1a454e05-7963-4ca3-915d-e72ff26b12a2;WMS-VECTOR;2026-09-12;day;34;12886;1;False
endpoint;ds-1a454e05-7963-4ca3-915d-e72ff26b12a2:ep-e6937e46-9757-4da9-a1b4-69114ade8316;Diffusion ep-e6937 · IGN_Sandbox;IGN_Sandbox;ds-1a454e05-7963-4ca3-915d-e72ff26b12a2;WMS-VECTOR;2026-09-13;day;27;10152;1;False
endpoint;ds-1a454e05-7963-4ca3-915d-e72ff26b12a2:ep-e6937e46-9757-4da9-a1b4-69114ade8316;Diffusion ep-e6937 · IGN_Sandbox;IGN_Sandbox;ds-1a454e05-7963-4ca3-915d-e72ff26b12a2;WMS-VECTOR;2026-09-14;day;30;8700;1;False
endpoint;ds-1a454e05-7963-4ca3-915d-e72ff26b12a2:ep-e6937e46-9757-4da9-a1b4-69114ade8316;Diffusion ep-e6937 · IGN_Sandbox;IGN_Sandbox;ds-1a454e05-7963-4ca3-915d-e72ff26b12a2;WMS-VECTOR;2026-09-15;day;33;12540;1;False
endpoint;ds-1a454e05-7963-4ca3-915d-e72ff26b12a2:ep-e6937e46-9757-4da9-a1b4-69114ade8316;Diffusion ep-e6937 · IGN_Sandbox;IGN_Sandbox;ds-1a454e05-7963-4ca3-915d-e72ff26b12a2;WMS-VECTOR;2026-09-16;day;32;7872;1;False
endpoint;ds-1a454e05-7963-4ca3-915d-e72ff26b12a2:ep-e6937e46-9757-4da9-a1b4-69114ade8316;Diffusion ep-e6937 · IGN_Sandbox;IGN_Sandbox;ds-1a454e05-7963-4ca3-915d-e72ff26b12a2;WMS-VECTOR;2026-09-17;day;31;6107;1;False
endpoint;ds-1a454e05-7963-4ca3-915d-e72ff26b12a2:ep-e6937e46-9757-4da9-a1b4-69114ade8316;Diffusion ep-e6937 · IGN_Sandbox;IGN_Sandbox;ds-1a454e05-7963-4ca3-915d-e72ff26b12a2;WMS-VECTOR;2026-09-18;day;34;9588;1;False
endpoint;ds-1a454e05-7963-4ca3-915d-e72ff26b12a2:ep-e6937e46-9757-4da9-a1b4-69114ade8316;Diffusion ep-e6937 · IGN_Sandbox;IGN_Sandbox;ds-1a454e05-7963-4ca3-915d-e72ff26b12a2;WMS-VECTOR;2026-09-19;day;29;3132;1;False
endpoint;ds-1a454e05-7963-4ca3-915d-e72ff26b12a2:ep-e6937e46-9757-4da9-a1b4-69114ade8316;Diffusion ep-e6937 · IGN_Sandbox;IGN_Sandbox;ds-1a454e05-7963-4ca3-915d-e72ff26b12a2;WMS-VECTOR;2026-09-20;day;32;7552;1;False
endpoint;ds-1a454e05-7963-4ca3-915d-e72ff26b12a2:ep-e6937e46-9757-4da9-a1b4-69114ade8316;Diffusion ep-e6937 · IGN_Sandbox;IGN_Sandbox;ds-1a454e05-7963-4ca3-915d-e72ff26b12a2;WMS-VECTOR;2026-09-21;day;36;3240;1;False
endpoint;ds-1a454e05-7963-4ca3-915d-e72ff26b12a2:ep-c58965e1-b45e-4b57-b53b-860978f67308;Diffusion ep-c5896 · IGN_Sandbox;IGN_Sandbox;ds-1a454e05-7963-4ca3-915d-e72ff26b12a2;WMS-RASTER;2026-08-23;day;25;3975;1;False
endpoint;ds-1a454e05-7963-4ca3-915d-e72ff26b12a2:ep-c58965e1-b45e-4b57-b53b-860978f67308;Diffusion ep-c5896 · IGN_Sandbox;IGN_Sandbox;ds-1a454e05-7963-4ca3-915d-e72ff26b12a2;WMS-RASTER;2026-08-24;day;21;3990;1;False
endpoint;ds-1a454e05-7963-4ca3-915d-e72ff26b12a2:ep-c58965e1-b45e-4b57-b53b-860978f67308;Diffusion ep-c5896 · IGN_Sandbox;IGN_Sandbox;ds-1a454e05-7963-4ca3-915d-e72ff26b12a2;WMS-RASTER;2026-08-25;day;21;4725;1;False
endpoint;ds-1a454e05-7963-4ca3-915d-e72ff26b12a2:ep-c58965e1-b45e-4b57-b53b-860978f67308;Diffusion ep-c5896 · IGN_Sandbox;IGN_Sandbox;ds-1a454e05-7963-4ca3-915d-e72ff26b12a2;WMS-RASTER;2026-08-26;day;21;4956;1;False
endpoint;ds-1a454e05-7963-4ca3-915d-e72ff26b12a2:ep-c58965e1-b45e-4b57-b53b-860978f67308;Diffusion ep-c5896 · IGN_Sandbox;IGN_Sandbox;ds-1a454e05-7963-4ca3-915d-e72ff26b12a2;WMS-RASTER;2026-08-27;day;26;8346;1;False
endpoint;ds-1a454e05-7963-4ca3-915d-e72ff26b12a2:ep-c58965e1-b45e-4b57-b53b-860978f67308;Diffusion ep-c5896 · IGN_Sandbox;IGN_Sandbox;ds-1a454e05-7963-4ca3-915d-e72ff26b12a2;WMS-RASTER;2026-08-28;day;22;3696;1;False
endpoint;ds-1a454e05-7963-4ca3-915d-e72ff26b12a2:ep-c58965e1-b45e-4b57-b53b-860978f67308;Diffusion ep-c5896 · IGN_Sandbox;IGN_Sandbox;ds-1a454e05-7963-4ca3-915d-e72ff26b12a2;WMS-RASTER;2026-08-29;day;22;7370;1;False
endpoint;ds-1a454e05-7963-4ca3-915d-e72ff26b12a2:ep-c58965e1-b45e-4b57-b53b-860978f67308;Diffusion ep-c5896 · IGN_Sandbox;IGN_Sandbox;ds-1a454e05-7963-4ca3-915d-e72ff26b12a2;WMS-RASTER;2026-08-30;day;22;5038;1;False
endpoint;ds-1a454e05-7963-4ca3-915d-e72ff26b12a2:ep-c58965e1-b45e-4b57-b53b-860978f67308;Diffusion ep-c5896 · IGN_Sandbox;IGN_Sandbox;ds-1a454e05-7963-4ca3-915d-e72ff26b12a2;WMS-RASTER;2026-08-31;day;24;2136;1;False
endpoint;ds-1a454e05-7963-4ca3-915d-e72ff26b12a2:ep-c58965e1-b45e-4b57-b53b-860978f67308;Diffusion ep-c5896 · IGN_Sandbox;IGN_Sandbox;ds-1a454e05-7963-4ca3-915d-e72ff26b12a2;WMS-RASTER;2026-09-01;day;19;3648;1;False
endpoint;ds-1a454e05-7963-4ca3-915d-e72ff26b12a2:ep-c58965e1-b45e-4b57-b53b-860978f67308;Diffusion ep-c5896 · IGN_Sandbox;IGN_Sandbox;ds-1a454e05-7963-4ca3-915d-e72ff26b12a2;WMS-RASTER;2026-09-02;day;22;7590;1;False
endpoint;ds-1a454e05-7963-4ca3-915d-e72ff26b12a2:ep-c58965e1-b45e-4b57-b53b-860978f67308;Diffusion ep-c5896 · IGN_Sandbox;IGN_Sandbox;ds-1a454e05-7963-4ca3-915d-e72ff26b12a2;WMS-RASTER;2026-09-03;day;26;5330;1;False
endpoint;ds-1a454e05-7963-4ca3-915d-e72ff26b12a2:ep-c58965e1-b45e-4b57-b53b-860978f67308;Diffusion ep-c5896 · IGN_Sandbox;IGN_Sandbox;ds-1a454e05-7963-4ca3-915d-e72ff26b12a2;WMS-RASTER;2026-09-04;day;22;3146;1;False
endpoint;ds-1a454e05-7963-4ca3-915d-e72ff26b12a2:ep-c58965e1-b45e-4b57-b53b-860978f67308;Diffusion ep-c5896 · IGN_Sandbox;IGN_Sandbox;ds-1a454e05-7963-4ca3-915d-e72ff26b12a2;WMS-RASTER;2026-09-05;day;21;2226;1;False
endpoint;ds-1a454e05-7963-4ca3-915d-e72ff26b12a2:ep-c58965e1-b45e-4b57-b53b-860978f67308;Diffusion ep-c5896 · IGN_Sandbox;IGN_Sandbox;ds-1a454e05-7963-4ca3-915d-e72ff26b12a2;WMS-RASTER;2026-09-06;day;17;6324;1;False
endpoint;ds-1a454e05-7963-4ca3-915d-e72ff26b12a2:ep-c58965e1-b45e-4b57-b53b-860978f67308;Diffusion ep-c5896 · IGN_Sandbox;IGN_Sandbox;ds-1a454e05-7963-4ca3-915d-e72ff26b12a2;WMS-RASTER;2026-09-07;day;26;9048;1;False
endpoint;ds-1a454e05-7963-4ca3-915d-e72ff26b12a2:ep-c58965e1-b45e-4b57-b53b-860978f67308;Diffusion ep-c5896 · IGN_Sandbox;IGN_Sandbox;ds-1a454e05-7963-4ca3-915d-e72ff26b12a2;WMS-RASTER;2026-09-08;day;20;7720;1;False
endpoint;ds-1a454e05-7963-4ca3-915d-e72ff26b12a2:ep-c58965e1-b45e-4b57-b53b-860978f67308;Diffusion ep-c5896 · IGN_Sandbox;IGN_Sandbox;ds-1a454e05-7963-4ca3-915d-e72ff26b12a2;WMS-RASTER;2026-09-09;day;25;9925;1;False
endpoint;ds-1a454e05-7963-4ca3-915d-e72ff26b12a2:ep-c58965e1-b45e-4b57-b53b-860978f67308;Diffusion ep-c5896 · IGN_Sandbox;IGN_Sandbox;ds-1a454e05-7963-4ca3-915d-e72ff26b12a2;WMS-RASTER;2026-09-10;day;26;6916;1;False
endpoint;ds-1a454e05-7963-4ca3-915d-e72ff26b12a2:ep-c58965e1-b45e-4b57-b53b-860978f67308;Diffusion ep-c5896 · IGN_Sandbox;IGN_Sandbox;ds-1a454e05-7963-4ca3-915d-e72ff26b12a2;WMS-RASTER;2026-09-11;day;23;2346;1;False
endpoint;ds-1a454e05-7963-4ca3-915d-e72ff26b12a2:ep-c58965e1-b45e-4b57-b53b-860978f67308;Diffusion ep-c5896 · IGN_Sandbox;IGN_Sandbox;ds-1a454e05-7963-4ca3-915d-e72ff26b12a2;WMS-RASTER;2026-09-12;day;21;8337;1;False
endpoint;ds-1a454e05-7963-4ca3-915d-e72ff26b12a2:ep-c58965e1-b45e-4b57-b53b-860978f67308;Diffusion ep-c5896 · IGN_Sandbox;IGN_Sandbox;ds-1a454e05-7963-4ca3-915d-e72ff26b12a2;WMS-RASTER;2026-09-13;day;25;2275;1;False
endpoint;ds-1a454e05-7963-4ca3-915d-e72ff26b12a2:ep-c58965e1-b45e-4b57-b53b-860978f67308;Diffusion ep-c5896 · IGN_Sandbox;IGN_Sandbox;ds-1a454e05-7963-4ca3-915d-e72ff26b12a2;WMS-RASTER;2026-09-14;day;26;3562;1;False
endpoint;ds-1a454e05-7963-4ca3-915d-e72ff26b12a2:ep-c58965e1-b45e-4b57-b53b-860978f67308;Diffusion ep-c5896 · IGN_Sandbox;IGN_Sandbox;ds-1a454e05-7963-4ca3-915d-e72ff26b12a2;WMS-RASTER;2026-09-15;day;26;4550;1;False
endpoint;ds-1a454e05-7963-4ca3-915d-e72ff26b12a2:ep-c58965e1-b45e-4b57-b53b-860978f67308;Diffusion ep-c5896 · IGN_Sandbox;IGN_Sandbox;ds-1a454e05-7963-4ca3-915d-e72ff26b12a2;WMS-RASTER;2026-09-16;day;22;1760;1;False
endpoint;ds-1a454e05-7963-4ca3-915d-e72ff26b12a2:ep-c58965e1-b45e-4b57-b53b-860978f67308;Diffusion ep-c5896 · IGN_Sandbox;IGN_Sandbox;ds-1a454e05-7963-4ca3-915d-e72ff26b12a2;WMS-RASTER;2026-09-17;day;25;6200;1;False
endpoint;ds-1a454e05-7963-4ca3-915d-e72ff26b12a2:ep-c58965e1-b45e-4b57-b53b-860978f67308;Diffusion ep-c5896 · IGN_Sandbox;IGN_Sandbox;ds-1a454e05-7963-4ca3-915d-e72ff26b12a2;WMS-RASTER;2026-09-18;day;26;2288;1;False
endpoint;ds-1a454e05-7963-4ca3-915d-e72ff26b12a2:ep-c58965e1-b45e-4b57-b53b-860978f67308;Diffusion ep-c5896 · IGN_Sandbox;IGN_Sandbox;ds-1a454e05-7963-4ca3-915d-e72ff26b12a2;WMS-RASTER;2026-09-19;day;19;4180;1;False
endpoint;ds-1a454e05-7963-4ca3-915d-e72ff26b12a2:ep-c58965e1-b45e-4b57-b53b-860978f67308;Diffusion ep-c5896 · IGN_Sandbox;IGN_Sandbox;ds-1a454e05-7963-4ca3-915d-e72ff26b12a2;WMS-RASTER;2026-09-20;day;22;1914;1;False
endpoint;ds-1a454e05-7963-4ca3-915d-e72ff26b12a2:ep-c58965e1-b45e-4b57-b53b-860978f67308;Diffusion ep-c5896 · IGN_Sandbox;IGN_Sandbox;ds-1a454e05-7963-4ca3-915d-e72ff26b12a2;WMS-RASTER;2026-09-21;day;17;6443;1;False
offering;off-69aad3c8-5ffe-4714-a893-9ed0fa1bbe95;Couche IGN_Sandbox-2 · IGN_Sandbox;IGN_Sandbox;ds-1a454e05-7963-4ca3-915d-e72ff26b12a2;WMTS-TMS;2026-09-11;day;17;2278;1;False
offering;off-69aad3c8-5ffe-4714-a893-9ed0fa1bbe95;Couche IGN_Sandbox-2 · IGN_Sandbox;IGN_Sandbox;ds-1a454e05-7963-4ca3-915d-e72ff26b12a2;WMTS-TMS;2026-09-12;day;18;2934;1;False
offering;off-69aad3c8-5ffe-4714-a893-9ed0fa1bbe95;Couche IGN_Sandbox-2 · IGN_Sandbox;IGN_Sandbox;ds-1a454e05-7963-4ca3-915d-e72ff26b12a2;WMTS-TMS;2026-09-13;day;14;1904;1;False
offering;off-69aad3c8-5ffe-4714-a893-9ed0fa1bbe95;Couche IGN_Sandbox-2 · IGN_Sandbox;IGN_Sandbox;ds-1a454e05-7963-4ca3-915d-e72ff26b12a2;WMTS-TMS;2026-09-14;day;17;2482;1;False
offering;off-69aad3c8-5ffe-4714-a893-9ed0fa1bbe95;Couche IGN_Sandbox-2 · IGN_Sandbox;IGN_Sandbox;ds-1a454e05-7963-4ca3-915d-e72ff26b12a2;WMTS-TMS;2026-09-15;day;14;2926;1;False
offering;off-b1173abb-2561-4393-a315-3d11a49041ec;Couche IGN_Sandbox-3 · IGN_Sandbox;IGN_Sandbox;ds-1a454e05-7963-4ca3-915d-e72ff26b12a2;WMTS-TMS;2026-08-23;day;10;3600;1;False
offering;off-b1173abb-2561-4393-a315-3d11a49041ec;Couche IGN_Sandbox-3 · IGN_Sandbox;IGN_Sandbox;ds-1a454e05-7963-4ca3-915d-e72ff26b12a2;WMTS-TMS;2026-08-24;day;11;2464;1;False
offering;off-b1173abb-2561-4393-a315-3d11a49041ec;Couche IGN_Sandbox-3 · IGN_Sandbox;IGN_Sandbox;ds-1a454e05-7963-4ca3-915d-e72ff26b12a2;WMTS-TMS;2026-08-25;day;9;2250;1;False
offering;off-b1173abb-2561-4393-a315-3d11a49041ec;Couche IGN_Sandbox-3 · IGN_Sandbox;IGN_Sandbox;ds-1a454e05-7963-4ca3-915d-e72ff26b12a2;WMTS-TMS;2026-08-26;day;8;2848;1;False
offering;off-b1173abb-2561-4393-a315-3d11a49041ec;Couche IGN_Sandbox-3 · IGN_Sandbox;IGN_Sandbox;ds-1a454e05-7963-4ca3-915d-e72ff26b12a2;WMTS-TMS;2026-08-27;day;10;1360;1;False
offering;off-b1173abb-2561-4393-a315-3d11a49041ec;Couche IGN_Sandbox-3 · IGN_Sandbox;IGN_Sandbox;ds-1a454e05-7963-4ca3-915d-e72ff26b12a2;WMTS-TMS;2026-08-28;day;3;777;1;False
offering;off-b1173abb-2561-4393-a315-3d11a49041ec;Couche IGN_Sandbox-3 · IGN_Sandbox;IGN_Sandbox;ds-1a454e05-7963-4ca3-915d-e72ff26b12a2;WMTS-TMS;2026-08-29;day;12;1776;1;False
offering;off-b1173abb-2561-4393-a315-3d11a49041ec;Couche IGN_Sandbox-3 · IGN_Sandbox;IGN_Sandbox;ds-1a454e05-7963-4ca3-915d-e72ff26b12a2;WMTS-TMS;2026-08-30;day;5;1100;1;False
offering;off-b1173abb-2561-4393-a315-3d11a49041ec;Couche IGN_Sandbox-3 · IGN_Sandbox;IGN_Sandbox;ds-1a454e05-7963-4ca3-915d-e72ff26b12a2;WMTS-TMS;2026-08-31;day;8;1904;1;False
offering;off-b1173abb-2561-4393-a315-3d11a49041ec;Couche IGN_Sandbox-3 · IGN_Sandbox;IGN_Sandbox;ds-1a454e05-7963-4ca3-915d-e72ff26b12a2;WMTS-TMS;2026-09-01;day;10;2840;1;False
offering;off-b1173abb-2561-4393-a315-3d11a49041ec;Couche IGN_Sandbox-3 · IGN_Sandbox;IGN_Sandbox;ds-1a454e05-7963-4ca3-915d-e72ff26b12a2;WMTS-TMS;2026-09-02;day;6;816;1;False
offering;off-b1173abb-2561-4393-a315-3d11a49041ec;Couche IGN_Sandbox-3 · IGN_Sandbox;IGN_Sandbox;ds-1a454e05-7963-4ca3-915d-e72ff26b12a2;WMTS-TMS;2026-09-03;day;4;1536;1;False
offering;off-b1173abb-2561-4393-a315-3d11a49041ec;Couche IGN_Sandbox-3 · IGN_Sandbox;IGN_Sandbox;ds-1a454e05-7963-4ca3-915d-e72ff26b12a2;WMTS-TMS;2026-09-04;day;7;1981;1;False
offering;off-b1173abb-2561-4393-a315-3d11a49041ec;Couche IGN_Sandbox-3 · IGN_Sandbox;IGN_Sandbox;ds-1a454e05-7963-4ca3-915d-e72ff26b12a2;WMTS-TMS;2026-09-05;day;11;4180;1;False
offering;off-b1173abb-2561-4393-a315-3d11a49041ec;Couche IGN_Sandbox-3 · IGN_Sandbox;IGN_Sandbox;ds-1a454e05-7963-4ca3-915d-e72ff26b12a2;WMTS-TMS;2026-09-06;day;12;1212;1;False
offering;off-b1173abb-2561-4393-a315-3d11a49041ec;Couche IGN_Sandbox-3 · IGN_Sandbox;IGN_Sandbox;ds-1a454e05-7963-4ca3-915d-e72ff26b12a2;WMTS-TMS;2026-09-07;day;6;1770;1;False
offering;off-b1173abb-2561-4393-a315-3d11a49041ec;Couche IGN_Sandbox-3 · IGN_Sandbox;IGN_Sandbox;ds-1a454e05-7963-4ca3-915d-e72ff26b12a2;WMTS-TMS;2026-09-08;day;12;4164;1;False
offering;off-b1173abb-2561-4393-a315-3d11a49041ec;Couche IGN_Sandbox-3 · IGN_Sandbox;IGN_Sandbox;ds-1a454e05-7963-4ca3-915d-e72ff26b12a2;WMTS-TMS;2026-09-09;day;7;987;1;False
offering;off-b1173abb-2561-4393-a315-3d11a49041ec;Couche IGN_Sandbox-3 · IGN_Sandbox;IGN_Sandbox;ds-1a454e05-7963-4ca3-915d-e72ff26b12a2;WMTS-TMS;2026-09-10;day;11;2838;1;False
offering;off-b1173abb-2561-4393-a315-3d11a49041ec;Couche IGN_Sandbox-3 · IGN_Sandbox;IGN_Sandbox;ds-1a454e05-7963-4ca3-915d-e72ff26b12a2;WMTS-TMS;2026-09-11;day;11;2475;1;False
offering;off-b1173abb-2561-4393-a315-3d11a49041ec;Couche IGN_Sandbox-3 · IGN_Sandbox;IGN_Sandbox;ds-1a454e05-7963-4ca3-915d-e72ff26b12a2;WMTS-TMS;2026-09-12;day;5;900;1;False
offering;off-b1173abb-2561-4393-a315-3d11a49041ec;Couche IGN_Sandbox-3 · IGN_Sandbox;IGN_Sandbox;ds-1a454e05-7963-4ca3-915d-e72ff26b12a2;WMTS-TMS;2026-09-13;day;6;2046;1;False
offering;off-b1173abb-2561-4393-a315-3d11a49041ec;Couche IGN_Sandbox-3 · IGN_Sandbox;IGN_Sandbox;ds-1a454e05-7963-4ca3-915d-e72ff26b12a2;WMTS-TMS;2026-09-14;day;10;2330;1;False
offering;off-b1173abb-2561-4393-a315-3d11a49041ec;Couche IGN_Sandbox-3 · IGN_Sandbox;IGN_Sandbox;ds-1a454e05-7963-4ca3-915d-e72ff26b12a2;WMTS-TMS;2026-09-15;day;8;2488;1;False
offering;off-b1173abb-2561-4393-a315-3d11a49041ec;Couche IGN_Sandbox-3 · IGN_Sandbox;IGN_Sandbox;ds-1a454e05-7963-4ca3-915d-e72ff26b12a2;WMTS-TMS;2026-09-16;day;7;1813;1;False
offering;off-b1173abb-2561-4393-a315-3d11a49041ec;Couche IGN_Sandbox-3 · IGN_Sandbox;IGN_Sandbox;ds-1a454e05-7963-4ca3-915d-e72ff26b12a2;WMTS-TMS;2026-09-17;day;6;1056;1;False
offering;off-b1173abb-2561-4393-a315-3d11a49041ec;Couche IGN_Sandbox-3 · IGN_Sandbox;IGN_Sandbox;ds-1a454e05-7963-4ca3-915d-e72ff26b12a2;WMTS-TMS;2026-09-18;day;4;1304;1;False
offering;off-b1173abb-2561-4393-a315-3d11a49041ec;Couche IGN_Sandbox-3 · IGN_Sandbox;IGN_Sandbox;ds-1a454e05-7963-4ca3-915d-e72ff26b12a2;WMTS-TMS;2026-09-19;day;6;1230;1;False
offering;off-b1173abb-2561-4393-a315-3d11a49041ec;Couche IGN_Sandbox-3 · IGN_Sandbox;IGN_Sandbox;ds-1a454e05-7963-4ca3-915d-e72ff26b12a2;WMTS-TMS;2026-09-20;day;5;815;1;False
offering;off-b1173abb-2561-4393-a315-3d11a49041ec;Couche IGN_Sandbox-3 · IGN_Sandbox;IGN_Sandbox;ds-1a454e05-7963-4ca3-915d-e72ff26b12a2;WMTS-TMS;2026-09-21;day;7;1099;1;False
offering;off-a6b4ed50-6dc8-4c36-9a07-cf71ac3314a0;Couche IGN_Sandbox-4 · IGN_Sandbox;IGN_Sandbox;ds-1a454e05-7963-4ca3-915d-e72ff26b12a2;WMS-RASTER;2026-09-06;day;10;1290;1;False
offering;off-a6b4ed50-6dc8-4c36-9a07-cf71ac3314a0;Couche IGN_Sandbox-4 · IGN_Sandbox;IGN_Sandbox;ds-1a454e05-7963-4ca3-915d-e72ff26b12a2;WMS-RASTER;2026-09-07;day;8;3048;1;False
offering;off-a6b4ed50-6dc8-4c36-9a07-cf71ac3314a0;Couche IGN_Sandbox-4 · IGN_Sandbox;IGN_Sandbox;ds-1a454e05-7963-4ca3-915d-e72ff26b12a2;WMS-RASTER;2026-09-08;day;1;253;1;False
offering;off-a6b4ed50-6dc8-4c36-9a07-cf71ac3314a0;Couche IGN_Sandbox-4 · IGN_Sandbox;IGN_Sandbox;ds-1a454e05-7963-4ca3-915d-e72ff26b12a2;WMS-RASTER;2026-09-09;day;6;1338;1;False
offering;off-a6b4ed50-6dc8-4c36-9a07-cf71ac3314a0;Couche IGN_Sandbox-4 · IGN_Sandbox;IGN_Sandbox;ds-1a454e05-7963-4ca3-915d-e72ff26b12a2;WMS-RASTER;2026-09-10;day;2;708;1;False
offering;off-a6b4ed50-6dc8-4c36-9a07-cf71ac3314a0;Couche IGN_Sandbox-4 · IGN_Sandbox;IGN_Sandbox;ds-1a454e05-7963-4ca3-915d-e72ff26b12a2;WMS-RASTER;2026-09-11;day;4;1092;1;False
offering;off-a6b4ed50-6dc8-4c36-9a07-cf71ac3314a0;Couche IGN_Sandbox-4 · IGN_Sandbox;IGN_Sandbox;ds-1a454e05-7963-4ca3-915d-e72ff26b12a2;WMS-RASTER;2026-09-12;day;7;2541;1;False
offering;off-a6b4ed50-6dc8-4c36-9a07-cf71ac3314a0;Couche IGN_Sandbox-4 · IGN_Sandbox;IGN_Sandbox;ds-1a454e05-7963-4ca3-915d-e72ff26b12a2;WMS-RASTER;2026-09-13;day;2;710;1;False
offering;off-a6b4ed50-6dc8-4c36-9a07-cf71ac3314a0;Couche IGN_Sandbox-4 · IGN_Sandbox;IGN_Sandbox;ds-1a454e05-7963-4ca3-915d-e72ff26b12a2;WMS-RASTER;2026-09-14;day;8;2520;1;False
offering;off-50467818-9ac4-4ec1-9662-62daa8281541;Couche IGN_Sandbox-5 · IGN_Sandbox;IGN_Sandbox;ds-1a454e05-7963-4ca3-915d-e72ff26b12a2;WMS-VECTOR;2026-09-11;day;13;4940;1;False
offering;off-50467818-9ac4-4ec1-9662-62daa8281541;Couche IGN_Sandbox-5 · IGN_Sandbox;IGN_Sandbox;ds-1a454e05-7963-4ca3-915d-e72ff26b12a2;WMS-VECTOR;2026-09-12;day;18;5688;1;False
offering;off-50467818-9ac4-4ec1-9662-62daa8281541;Couche IGN_Sandbox-5 · IGN_Sandbox;IGN_Sandbox;ds-1a454e05-7963-4ca3-915d-e72ff26b12a2;WMS-VECTOR;2026-09-13;day;11;2761;1;False
offering;off-50467818-9ac4-4ec1-9662-62daa8281541;Couche IGN_Sandbox-5 · IGN_Sandbox;IGN_Sandbox;ds-1a454e05-7963-4ca3-915d-e72ff26b12a2;WMS-VECTOR;2026-09-14;day;15;2535;1;False
offering;off-50467818-9ac4-4ec1-9662-62daa8281541;Couche IGN_Sandbox-5 · IGN_Sandbox;IGN_Sandbox;ds-1a454e05-7963-4ca3-915d-e72ff26b12a2;WMS-VECTOR;2026-09-15;day;17;5661;1;False
offering;off-50467818-9ac4-4ec1-9662-62daa8281541;Couche IGN_Sandbox-5 · IGN_Sandbox;IGN_Sandbox;ds-1a454e05-7963-4ca3-915d-e72ff26b12a2;WMS-VECTOR;2026-09-16;day;18;5616;1;False
offering;off-50467818-9ac4-4ec1-9662-62daa8281541;Couche IGN_Sandbox-5 · IGN_Sandbox;IGN_Sandbox;ds-1a454e05-7963-4ca3-915d-e72ff26b12a2;WMS-VECTOR;2026-09-17;day;20;1960;1;False
offering;off-50467818-9ac4-4ec1-9662-62daa8281541;Couche IGN_Sandbox-5 · IGN_Sandbox;IGN_Sandbox;ds-1a454e05-7963-4ca3-915d-e72ff26b12a2;WMS-VECTOR;2026-09-18;day;11;4026;1;False
offering;off-c9917f36-bcb5-43af-b51d-762f3f219be5;Couche IGN_Sandbox-7 · IGN_Sandbox;IGN_Sandbox;ds-1a454e05-7963-4ca3-915d-e72ff26b12a2;WFS;2026-09-08;day;7;1757;1;False
offering;off-c9917f36-bcb5-43af-b51d-762f3f219be5;Couche IGN_Sandbox-7 · IGN_Sandbox;IGN_Sandbox;ds-1a454e05-7963-4ca3-915d-e72ff26b12a2;WFS;2026-09-09;day;3;636;1;False
offering;off-c9917f36-bcb5-43af-b51d-762f3f219be5;Couche IGN_Sandbox-7 · IGN_Sandbox;IGN_Sandbox;ds-1a454e05-7963-4ca3-915d-e72ff26b12a2;WFS;2026-09-11;day;5;1260;1;False
offering;off-69f40e56-018b-47b1-90e4-78f728fa3446;Couche IGN_Sandbox-9 · IGN_Sandbox;IGN_Sandbox;ds-1a454e05-7963-4ca3-915d-e72ff26b12a2;WMTS-TMS;2026-08-23;day;8;1312;1;False
offering;off-69f40e56-018b-47b1-90e4-78f728fa3446;Couche IGN_Sandbox-9 · IGN_Sandbox;IGN_Sandbox;ds-1a454e05-7963-4ca3-915d-e72ff26b12a2;WMTS-TMS;2026-08-24;day;8;2928;1;False
offering;off-69f40e56-018b-47b1-90e4-78f728fa3446;Couche IGN_Sandbox-9 · IGN_Sandbox;IGN_Sandbox;ds-1a454e05-7963-4ca3-915d-e72ff26b12a2;WMTS-TMS;2026-08-25;day;17;6120;1;False
offering;off-69f40e56-018b-47b1-90e4-78f728fa3446;Couche IGN_Sandbox-9 · IGN_Sandbox;IGN_Sandbox;ds-1a454e05-7963-4ca3-915d-e72ff26b12a2;WMTS-TMS;2026-08-26;day;9;828;1;False
offering;off-69f40e56-018b-47b1-90e4-78f728fa3446;Couche IGN_Sandbox-9 · IGN_Sandbox;IGN_Sandbox;ds-1a454e05-7963-4ca3-915d-e72ff26b12a2;WMTS-TMS;2026-08-27;day;8;1112;1;False
offering;off-69f40e56-018b-47b1-90e4-78f728fa3446;Couche IGN_Sandbox-9 · IGN_Sandbox;IGN_Sandbox;ds-1a454e05-7963-4ca3-915d-e72ff26b12a2;WMTS-TMS;2026-08-28;day;11;1078;1;False
offering;off-69f40e56-018b-47b1-90e4-78f728fa3446;Couche IGN_Sandbox-9 · IGN_Sandbox;IGN_Sandbox;ds-1a454e05-7963-4ca3-915d-e72ff26b12a2;WMTS-TMS;2026-08-29;day;11;3795;1;False
offering;off-69f40e56-018b-47b1-90e4-78f728fa3446;Couche IGN_Sandbox-9 · IGN_Sandbox;IGN_Sandbox;ds-1a454e05-7963-4ca3-915d-e72ff26b12a2;WMTS-TMS;2026-08-30;day;14;2044;1;False
offering;off-69f40e56-018b-47b1-90e4-78f728fa3446;Couche IGN_Sandbox-9 · IGN_Sandbox;IGN_Sandbox;ds-1a454e05-7963-4ca3-915d-e72ff26b12a2;WMTS-TMS;2026-08-31;day;11;2618;1;False
offering;off-69f40e56-018b-47b1-90e4-78f728fa3446;Couche IGN_Sandbox-9 · IGN_Sandbox;IGN_Sandbox;ds-1a454e05-7963-4ca3-915d-e72ff26b12a2;WMTS-TMS;2026-09-01;day;8;2584;1;False
offering;off-69f40e56-018b-47b1-90e4-78f728fa3446;Couche IGN_Sandbox-9 · IGN_Sandbox;IGN_Sandbox;ds-1a454e05-7963-4ca3-915d-e72ff26b12a2;WMTS-TMS;2026-09-02;day;11;1804;1;False
offering;off-69f40e56-018b-47b1-90e4-78f728fa3446;Couche IGN_Sandbox-9 · IGN_Sandbox;IGN_Sandbox;ds-1a454e05-7963-4ca3-915d-e72ff26b12a2;WMTS-TMS;2026-09-03;day;12;2736;1;False
offering;off-69f40e56-018b-47b1-90e4-78f728fa3446;Couche IGN_Sandbox-9 · IGN_Sandbox;IGN_Sandbox;ds-1a454e05-7963-4ca3-915d-e72ff26b12a2;WMTS-TMS;2026-09-04;day;9;1557;1;False
offering;off-69f40e56-018b-47b1-90e4-78f728fa3446;Couche IGN_Sandbox-9 · IGN_Sandbox;IGN_Sandbox;ds-1a454e05-7963-4ca3-915d-e72ff26b12a2;WMTS-TMS;2026-09-05;day;9;1305;1;False
offering;off-69f40e56-018b-47b1-90e4-78f728fa3446;Couche IGN_Sandbox-9 · IGN_Sandbox;IGN_Sandbox;ds-1a454e05-7963-4ca3-915d-e72ff26b12a2;WMTS-TMS;2026-09-06;day;8;1648;1;False
offering;off-69f40e56-018b-47b1-90e4-78f728fa3446;Couche IGN_Sandbox-9 · IGN_Sandbox;IGN_Sandbox;ds-1a454e05-7963-4ca3-915d-e72ff26b12a2;WMTS-TMS;2026-09-07;day;16;3808;1;False
offering;off-69f40e56-018b-47b1-90e4-78f728fa3446;Couche IGN_Sandbox-9 · IGN_Sandbox;IGN_Sandbox;ds-1a454e05-7963-4ca3-915d-e72ff26b12a2;WMTS-TMS;2026-09-08;day;16;4704;1;False
offering;off-69f40e56-018b-47b1-90e4-78f728fa3446;Couche IGN_Sandbox-9 · IGN_Sandbox;IGN_Sandbox;ds-1a454e05-7963-4ca3-915d-e72ff26b12a2;WMTS-TMS;2026-09-09;day;14;4354;1;False
offering;off-69f40e56-018b-47b1-90e4-78f728fa3446;Couche IGN_Sandbox-9 · IGN_Sandbox;IGN_Sandbox;ds-1a454e05-7963-4ca3-915d-e72ff26b12a2;WMTS-TMS;2026-09-10;day;15;1590;1;False
offering;off-69f40e56-018b-47b1-90e4-78f728fa3446;Couche IGN_Sandbox-9 · IGN_Sandbox;IGN_Sandbox;ds-1a454e05-7963-4ca3-915d-e72ff26b12a2;WMTS-TMS;2026-09-11;day;14;1974;1;False
offering;off-69f40e56-018b-47b1-90e4-78f728fa3446;Couche IGN_Sandbox-9 · IGN_Sandbox;IGN_Sandbox;ds-1a454e05-7963-4ca3-915d-e72ff26b12a2;WMTS-TMS;2026-09-12;day;13;3458;1;False
offering;off-69f40e56-018b-47b1-90e4-78f728fa3446;Couche IGN_Sandbox-9 · IGN_Sandbox;IGN_Sandbox;ds-1a454e05-7963-4ca3-915d-e72ff26b12a2;WMTS-TMS;2026-09-13;day;10;2720;1;False
offering;off-69f40e56-018b-47b1-90e4-78f728fa3446;Couche IGN_Sandbox-9 · IGN_Sandbox;IGN_Sandbox;ds-1a454e05-7963-4ca3-915d-e72ff26b12a2;WMTS-TMS;2026-09-14;day;15;1935;1;False
offering;off-69f40e56-018b-47b1-90e4-78f728fa3446;Couche IGN_Sandbox-9 · IGN_Sandbox;IGN_Sandbox;ds-1a454e05-7963-4ca3-915d-e72ff26b12a2;WMTS-TMS;2026-09-15;day;8;1016;1;False
offering;off-69f40e56-018b-47b1-90e4-78f728fa3446;Couche IGN_Sandbox-9 · IGN_Sandbox;IGN_Sandbox;ds-1a454e05-7963-4ca3-915d-e72ff26b12a2;WMTS-TMS;2026-09-16;day;9;2664;1;False
offering;off-69f40e56-018b-47b1-90e4-78f728fa3446;Couche IGN_Sandbox-9 · IGN_Sandbox;IGN_Sandbox;ds-1a454e05-7963-4ca3-915d-e72ff26b12a2;WMTS-TMS;2026-09-17;day;10;2190;1;False
offering;off-69f40e56-018b-47b1-90e4-78f728fa3446;Couche IGN_Sandbox-9 · IGN_Sandbox;IGN_Sandbox;ds-1a454e05-7963-4ca3-915d-e72ff26b12a2;WMTS-TMS;2026-09-18;day;16;2928;1;False
offering;off-69f40e56-018b-47b1-90e4-78f728fa3446;Couche IGN_Sandbox-9 · IGN_Sandbox;IGN_Sandbox;ds-1a454e05-7963-4ca3-915d-e72ff26b12a2;WMTS-TMS;2026-09-19;day;13;3120;1;False
offering;off-69f40e56-018b-47b1-90e4-78f728fa3446;Couche IGN_Sandbox-9 · IGN_Sandbox;IGN_Sandbox;ds-1a454e05-7963-4ca3-915d-e72ff26b12a2;WMTS-TMS;2026-09-20;day;11;1903;1;False
offering;off-69f40e56-018b-47b1-90e4-78f728fa3446;Couche IGN_Sandbox-9 · IGN_Sandbox;IGN_Sandbox;ds-1a454e05-7963-4ca3-915d-e72ff26b12a2;WMTS-TMS;2026-09-21;day;17;6647;1;False
offering;off-8e8fda1c-a792-41d8-a873-a2886caad8b3;Couche IGN_Sandbox-13 · IGN_Sandbox;IGN_Sandbox;ds-1a454e05-7963-4ca3-915d-e72ff26b12a2;WMS-RASTER;2026-09-02;day;15;2325;1;False
offering;off-8e8fda1c-a792-41d8-a873-a2886caad8b3;Couche IGN_Sandbox-13 · IGN_Sandbox;IGN_Sandbox;ds-1a454e05-7963-4ca3-915d-e72ff26b12a2;WMS-RASTER;2026-09-03;day;17;1377;1;False
offering;off-8e8fda1c-a792-41d8-a873-a2886caad8b3;Couche IGN_Sandbox-13 · IGN_Sandbox;IGN_Sandbox;ds-1a454e05-7963-4ca3-915d-e72ff26b12a2;WMS-RASTER;2026-09-04;day;11;1507;1;False
offering;off-b2f1b4fb-c769-4872-862b-9857eaab3737;Couche IGN_Sandbox-14 · IGN_Sandbox;IGN_Sandbox;ds-1a454e05-7963-4ca3-915d-e72ff26b12a2;WMS-RASTER;2026-09-05;day;10;2190;1;False
offering;off-b2f1b4fb-c769-4872-862b-9857eaab3737;Couche IGN_Sandbox-14 · IGN_Sandbox;IGN_Sandbox;ds-1a454e05-7963-4ca3-915d-e72ff26b12a2;WMS-RASTER;2026-09-06;day;6;1548;1;False
offering;off-b2f1b4fb-c769-4872-862b-9857eaab3737;Couche IGN_Sandbox-14 · IGN_Sandbox;IGN_Sandbox;ds-1a454e05-7963-4ca3-915d-e72ff26b12a2;WMS-RASTER;2026-09-07;day;6;1608;1;False
offering;off-b2f1b4fb-c769-4872-862b-9857eaab3737;Couche IGN_Sandbox-14 · IGN_Sandbox;IGN_Sandbox;ds-1a454e05-7963-4ca3-915d-e72ff26b12a2;WMS-RASTER;2026-09-08;day;13;3094;1;False
offering;off-b2f1b4fb-c769-4872-862b-9857eaab3737;Couche IGN_Sandbox-14 · IGN_Sandbox;IGN_Sandbox;ds-1a454e05-7963-4ca3-915d-e72ff26b12a2;WMS-RASTER;2026-09-09;day;8;672;1;False
offering;off-b2f1b4fb-c769-4872-862b-9857eaab3737;Couche IGN_Sandbox-14 · IGN_Sandbox;IGN_Sandbox;ds-1a454e05-7963-4ca3-915d-e72ff26b12a2;WMS-RASTER;2026-09-10;day;10;3630;1;False
offering;off-b2f1b4fb-c769-4872-862b-9857eaab3737;Couche IGN_Sandbox-14 · IGN_Sandbox;IGN_Sandbox;ds-1a454e05-7963-4ca3-915d-e72ff26b12a2;WMS-RASTER;2026-09-11;day;11;3938;1;False
offering;off-b2f1b4fb-c769-4872-862b-9857eaab3737;Couche IGN_Sandbox-14 · IGN_Sandbox;IGN_Sandbox;ds-1a454e05-7963-4ca3-915d-e72ff26b12a2;WMS-RASTER;2026-09-12;day;14;2310;1;False
offering;off-f2982822-3f75-4463-a8f2-94c2e2e25deb;Couche IGN_Sandbox-15 · IGN_Sandbox;IGN_Sandbox;ds-1a454e05-7963-4ca3-915d-e72ff26b12a2;WFS;2026-09-07;day;15;1935;1;False
offering;off-f2982822-3f75-4463-a8f2-94c2e2e25deb;Couche IGN_Sandbox-15 · IGN_Sandbox;IGN_Sandbox;ds-1a454e05-7963-4ca3-915d-e72ff26b12a2;WFS;2026-09-08;day;13;1443;1;False
offering;off-f2982822-3f75-4463-a8f2-94c2e2e25deb;Couche IGN_Sandbox-15 · IGN_Sandbox;IGN_Sandbox;ds-1a454e05-7963-4ca3-915d-e72ff26b12a2;WFS;2026-09-09;day;13;1222;1;False
offering;off-f2982822-3f75-4463-a8f2-94c2e2e25deb;Couche IGN_Sandbox-15 · IGN_Sandbox;IGN_Sandbox;ds-1a454e05-7963-4ca3-915d-e72ff26b12a2;WFS;2026-09-10;day;8;2360;1;False
offering;off-f2982822-3f75-4463-a8f2-94c2e2e25deb;Couche IGN_Sandbox-15 · IGN_Sandbox;IGN_Sandbox;ds-1a454e05-7963-4ca3-915d-e72ff26b12a2;WFS;2026-09-11;day;8;2504;1;False
offering;off-3f403b2e-de4c-41ce-af76-fd1710b9de1b;Couche IGN_Sandbox-16 · IGN_Sandbox;IGN_Sandbox;ds-1a454e05-7963-4ca3-915d-e72ff26b12a2;WFS;2026-08-23;day;17;2431;1;False
offering;off-3f403b2e-de4c-41ce-af76-fd1710b9de1b;Couche IGN_Sandbox-16 · IGN_Sandbox;IGN_Sandbox;ds-1a454e05-7963-4ca3-915d-e72ff26b12a2;WFS;2026-08-24;day;15;1905;1;False
offering;off-3f403b2e-de4c-41ce-af76-fd1710b9de1b;Couche IGN_Sandbox-16 · IGN_Sandbox;IGN_Sandbox;ds-1a454e05-7963-4ca3-915d-e72ff26b12a2;WFS;2026-08-25;day;9;1359;1;False
offering;off-3f403b2e-de4c-41ce-af76-fd1710b9de1b;Couche IGN_Sandbox-16 · IGN_Sandbox;IGN_Sandbox;ds-1a454e05-7963-4ca3-915d-e72ff26b12a2;WFS;2026-08-26;day;9;2223;1;False
offering;off-3f403b2e-de4c-41ce-af76-fd1710b9de1b;Couche IGN_Sandbox-16 · IGN_Sandbox;IGN_Sandbox;ds-1a454e05-7963-4ca3-915d-e72ff26b12a2;WFS;2026-08-27;day;9;1836;1;False
offering;off-3f403b2e-de4c-41ce-af76-fd1710b9de1b;Couche IGN_Sandbox-16 · IGN_Sandbox;IGN_Sandbox;ds-1a454e05-7963-4ca3-915d-e72ff26b12a2;WFS;2026-08-28;day;16;1328;1;False
offering;off-3f403b2e-de4c-41ce-af76-fd1710b9de1b;Couche IGN_Sandbox-16 · IGN_Sandbox;IGN_Sandbox;ds-1a454e05-7963-4ca3-915d-e72ff26b12a2;WFS;2026-08-29;day;18;5436;1;False
offering;off-3f403b2e-de4c-41ce-af76-fd1710b9de1b;Couche IGN_Sandbox-16 · IGN_Sandbox;IGN_Sandbox;ds-1a454e05-7963-4ca3-915d-e72ff26b12a2;WFS;2026-08-30;day;14;3024;1;False
offering;off-3f403b2e-de4c-41ce-af76-fd1710b9de1b;Couche IGN_Sandbox-16 · IGN_Sandbox;IGN_Sandbox;ds-1a454e05-7963-4ca3-915d-e72ff26b12a2;WFS;2026-08-31;day;13;1235;1;False
offering;off-3f403b2e-de4c-41ce-af76-fd1710b9de1b;Couche IGN_Sandbox-16 · IGN_Sandbox;IGN_Sandbox;ds-1a454e05-7963-4ca3-915d-e72ff26b12a2;WFS;2026-09-01;day;15;2955;1;False
offering;off-3f403b2e-de4c-41ce-af76-fd1710b9de1b;Couche IGN_Sandbox-16 · IGN_Sandbox;IGN_Sandbox;ds-1a454e05-7963-4ca3-915d-e72ff26b12a2;WFS;2026-09-02;day;18;6570;1;False
offering;off-3f403b2e-de4c-41ce-af76-fd1710b9de1b;Couche IGN_Sandbox-16 · IGN_Sandbox;IGN_Sandbox;ds-1a454e05-7963-4ca3-915d-e72ff26b12a2;WFS;2026-09-03;day;11;3069;1;False
offering;off-3f403b2e-de4c-41ce-af76-fd1710b9de1b;Couche IGN_Sandbox-16 · IGN_Sandbox;IGN_Sandbox;ds-1a454e05-7963-4ca3-915d-e72ff26b12a2;WFS;2026-09-04;day;9;1737;1;False
offering;off-3f403b2e-de4c-41ce-af76-fd1710b9de1b;Couche IGN_Sandbox-16 · IGN_Sandbox;IGN_Sandbox;ds-1a454e05-7963-4ca3-915d-e72ff26b12a2;WFS;2026-09-05;day;16;2112;1;False
offering;off-3f403b2e-de4c-41ce-af76-fd1710b9de1b;Couche IGN_Sandbox-16 · IGN_Sandbox;IGN_Sandbox;ds-1a454e05-7963-4ca3-915d-e72ff26b12a2;WFS;2026-09-06;day;14;4228;1;False
offering;off-3f403b2e-de4c-41ce-af76-fd1710b9de1b;Couche IGN_Sandbox-16 · IGN_Sandbox;IGN_Sandbox;ds-1a454e05-7963-4ca3-915d-e72ff26b12a2;WFS;2026-09-07;day;9;2727;1;False
offering;off-3f403b2e-de4c-41ce-af76-fd1710b9de1b;Couche IGN_Sandbox-16 · IGN_Sandbox;IGN_Sandbox;ds-1a454e05-7963-4ca3-915d-e72ff26b12a2;WFS;2026-09-08;day;11;1914;1;False
offering;off-3f403b2e-de4c-41ce-af76-fd1710b9de1b;Couche IGN_Sandbox-16 · IGN_Sandbox;IGN_Sandbox;ds-1a454e05-7963-4ca3-915d-e72ff26b12a2;WFS;2026-09-09;day;18;4266;1;False
offering;off-3f403b2e-de4c-41ce-af76-fd1710b9de1b;Couche IGN_Sandbox-16 · IGN_Sandbox;IGN_Sandbox;ds-1a454e05-7963-4ca3-915d-e72ff26b12a2;WFS;2026-09-10;day;18;2070;1;False
offering;off-3f403b2e-de4c-41ce-af76-fd1710b9de1b;Couche IGN_Sandbox-16 · IGN_Sandbox;IGN_Sandbox;ds-1a454e05-7963-4ca3-915d-e72ff26b12a2;WFS;2026-09-11;day;9;2979;1;False
offering;off-3f403b2e-de4c-41ce-af76-fd1710b9de1b;Couche IGN_Sandbox-16 · IGN_Sandbox;IGN_Sandbox;ds-1a454e05-7963-4ca3-915d-e72ff26b12a2;WFS;2026-09-12;day;14;4438;1;False
offering;off-3f403b2e-de4c-41ce-af76-fd1710b9de1b;Couche IGN_Sandbox-16 · IGN_Sandbox;IGN_Sandbox;ds-1a454e05-7963-4ca3-915d-e72ff26b12a2;WFS;2026-09-13;day;9;2718;1;False
offering;off-3f403b2e-de4c-41ce-af76-fd1710b9de1b;Couche IGN_Sandbox-16 · IGN_Sandbox;IGN_Sandbox;ds-1a454e05-7963-4ca3-915d-e72ff26b12a2;WFS;2026-09-14;day;12;3936;1;False
offering;off-3f403b2e-de4c-41ce-af76-fd1710b9de1b;Couche IGN_Sandbox-16 · IGN_Sandbox;IGN_Sandbox;ds-1a454e05-7963-4ca3-915d-e72ff26b12a2;WFS;2026-09-15;day;18;2124;1;False
offering;off-3f403b2e-de4c-41ce-af76-fd1710b9de1b;Couche IGN_Sandbox-16 · IGN_Sandbox;IGN_Sandbox;ds-1a454e05-7963-4ca3-915d-e72ff26b12a2;WFS;2026-09-16;day;14;4634;1;False
offering;off-3f403b2e-de4c-41ce-af76-fd1710b9de1b;Couche IGN_Sandbox-16 · IGN_Sandbox;IGN_Sandbox;ds-1a454e05-7963-4ca3-915d-e72ff26b12a2;WFS;2026-09-17;day;18;3960;1;False
offering;off-3f403b2e-de4c-41ce-af76-fd1710b9de1b;Couche IGN_Sandbox-16 · IGN_Sandbox;IGN_Sandbox;ds-1a454e05-7963-4ca3-915d-e72ff26b12a2;WFS;2026-09-18;day;14;4522;1;False
offering;off-3f403b2e-de4c-41ce-af76-fd1710b9de1b;Couche IGN_Sandbox-16 · IGN_Sandbox;IGN_Sandbox;ds-1a454e05-7963-4ca3-915d-e72ff26b12a2;WFS;2026-09-19;day;13;1534;1;False
offering;off-3f403b2e-de4c-41ce-af76-fd1710b9de1b;Couche IGN_Sandbox-16 · IGN_Sandbox;IGN_Sandbox;ds-1a454e05-7963-4ca3-915d-e72ff26b12a2;WFS;2026-09-20;day;15;1335;1;False
offering;off-3f403b2e-de4c-41ce-af76-fd1710b9de1b;Couche IGN_Sandbox-16 · IGN_Sandbox;IGN_Sandbox;ds-1a454e05-7963-4ca3-915d-e72ff26b12a2;WFS;2026-09-21;day;10;1430;1;False
producer_permission;ds-1a454e05-7963-4ca3-915d-e72ff26b12a2:perm-9eeb2189-7567-4628-9a72-a5f5df6a0d49;Couche IGN_Sandbox-14 + Couche IGN_Sandbox-11 + Couche IGN_Sandbox-12 · IGN_Sandbox;IGN_Sandbox;ds-1a454e05-7963-4ca3-915d-e72ff26b12a2;;2026-08-23;day;5;1555;1;False
producer_permission;ds-1a454e05-7963-4ca3-915d-e72ff26b12a2:perm-9eeb2189-7567-4628-9a72-a5f5df6a0d49;Couche IGN_Sandbox-14 + Couche IGN_Sandbox-11 + Couche IGN_Sandbox-12 · IGN_Sandbox;IGN_Sandbox;ds-1a454e05-7963-4ca3-915d-e72ff26b12a2;;2026-08-24;day;12;1500;1;False
producer_permission;ds-1a454e05-7963-4ca3-915d-e72ff26b12a2:perm-9eeb2189-7567-4628-9a72-a5f5df6a0d49;Couche IGN_Sandbox-14 + Couche IGN_Sandbox-11 + Couche IGN_Sandbox-12 · IGN_Sandbox;IGN_Sandbox;ds-1a454e05-7963-4ca3-915d-e72ff26b12a2;;2026-08-25;day;11;2002;1;False
producer_permission;ds-1a454e05-7963-4ca3-915d-e72ff26b12a2:perm-9eeb2189-7567-4628-9a72-a5f5df6a0d49;Couche IGN_Sandbox-14 + Couche IGN_Sandbox-11 + Couche IGN_Sandbox-12 · IGN_Sandbox;IGN_Sandbox;ds-1a454e05-7963-4ca3-915d-e72ff26b12a2;;2026-08-26;day;6;1374;1;False
producer_permission;ds-1a454e05-7963-4ca3-915d-e72ff26b12a2:perm-9eeb2189-7567-4628-9a72-a5f5df6a0d49;Couche IGN_Sandbox-14 + Couche IGN_Sandbox-11 + Couche IGN_Sandbox-12 · IGN_Sandbox;IGN_Sandbox;ds-1a454e05-7963-4ca3-915d-e72ff26b12a2;;2026-08-27;day;8;648;1;False
producer_permission;ds-1a454e05-7963-4ca3-915d-e72ff26b12a2:perm-9eeb2189-7567-4628-9a72-a5f5df6a0d49;Couche IGN_Sandbox-14 + Couche IGN_Sandbox-11 + Couche IGN_Sandbox-12 · IGN_Sandbox;IGN_Sandbox;ds-1a454e05-7963-4ca3-915d-e72ff26b12a2;;2026-08-28;day;8;1096;1;False
producer_permission;ds-1a454e05-7963-4ca3-915d-e72ff26b12a2:perm-9eeb2189-7567-4628-9a72-a5f5df6a0d49;Couche IGN_Sandbox-14 + Couche IGN_Sandbox-11 + Couche IGN_Sandbox-12 · IGN_Sandbox;IGN_Sandbox;ds-1a454e05-7963-4ca3-915d-e72ff26b12a2;;2026-08-29;day;9;3069;1;False
producer_permission;ds-1a454e05-7963-4ca3-915d-e72ff26b12a2:perm-9eeb2189-7567-4628-9a72-a5f5df6a0d49;Couche IGN_Sandbox-14 + Couche IGN_Sandbox-11 + Couche IGN_Sandbox-12 · IGN_Sandbox;IGN_Sandbox;ds-1a454e05-7963-4ca3-915d-e72ff26b12a2;;2026-08-30;day;11;3091;1;False
producer_permission;ds-1a454e05-7963-4ca3-915d-e72ff26b12a2:perm-9eeb2189-7567-4628-9a72-a5f5df6a0d49;Couche IGN_Sandbox-14 + Couche IGN_Sandbox-11 + Couche IGN_Sandbox-12 · IGN_Sandbox;IGN_Sandbox;ds-1a454e05-7963-4ca3-915d-e72ff26b12a2;;2026-08-31;day;5;405;1;False
producer_permission;ds-1a454e05-7963-4ca3-915d-e72ff26b12a2:perm-9eeb2189-7567-4628-9a72-a5f5df6a0d49;Couche IGN_Sandbox-14 + Couche IGN_Sandbox-11 + Couche IGN_Sandbox-12 · IGN_Sandbox;IGN_Sandbox;ds-1a454e05-7963-4ca3-915d-e72ff26b12a2;;2026-09-01;day;8;672;1;False
producer_permission;ds-1a454e05-7963-4ca3-915d-e72ff26b12a2:perm-9eeb2189-7567-4628-9a72-a5f5df6a0d49;Couche IGN_Sandbox-14 + Couche IGN_Sandbox-11 + Couche IGN_Sandbox-12 · IGN_Sandbox;IGN_Sandbox;ds-1a454e05-7963-4ca3-915d-e72ff26b12a2;;2026-09-02;day;4;1084;1;False
producer_permission;ds-1a454e05-7963-4ca3-915d-e72ff26b12a2:perm-9eeb2189-7567-4628-9a72-a5f5df6a0d49;Couche IGN_Sandbox-14 + Couche IGN_Sandbox-11 + Couche IGN_Sandbox-12 · IGN_Sandbox;IGN_Sandbox;ds-1a454e05-7963-4ca3-915d-e72ff26b12a2;;2026-09-03;day;3;696;1;False
producer_permission;ds-1a454e05-7963-4ca3-915d-e72ff26b12a2:perm-9eeb2189-7567-4628-9a72-a5f5df6a0d49;Couche IGN_Sandbox-14 + Couche IGN_Sandbox-11 + Couche IGN_Sandbox-12 · IGN_Sandbox;IGN_Sandbox;ds-1a454e05-7963-4ca3-915d-e72ff26b12a2;;2026-09-04;day;3;558;1;False
producer_permission;ds-1a454e05-7963-4ca3-915d-e72ff26b12a2:perm-9eeb2189-7567-4628-9a72-a5f5df6a0d49;Couche IGN_Sandbox-14 + Couche IGN_Sandbox-11 + Couche IGN_Sandbox-12 · IGN_Sandbox;IGN_Sandbox;ds-1a454e05-7963-4ca3-915d-e72ff26b12a2;;2026-09-05;day;7;1435;1;False
producer_permission;ds-1a454e05-7963-4ca3-915d-e72ff26b12a2:perm-9eeb2189-7567-4628-9a72-a5f5df6a0d49;Couche IGN_Sandbox-14 + Couche IGN_Sandbox-11 + Couche IGN_Sandbox-12 · IGN_Sandbox;IGN_Sandbox;ds-1a454e05-7963-4ca3-915d-e72ff26b12a2;;2026-09-06;day;4;1176;1;False
producer_permission;ds-1a454e05-7963-4ca3-915d-e72ff26b12a2:perm-9eeb2189-7567-4628-9a72-a5f5df6a0d49;Couche IGN_Sandbox-14 + Couche IGN_Sandbox-11 + Couche IGN_Sandbox-12 · IGN_Sandbox;IGN_Sandbox;ds-1a454e05-7963-4ca3-915d-e72ff26b12a2;;2026-09-07;day;9;2637;1;False
producer_permission;ds-1a454e05-7963-4ca3-915d-e72ff26b12a2:perm-9eeb2189-7567-4628-9a72-a5f5df6a0d49;Couche IGN_Sandbox-14 + Couche IGN_Sandbox-11 + Couche IGN_Sandbox-12 · IGN_Sandbox;IGN_Sandbox;ds-1a454e05-7963-4ca3-915d-e72ff26b12a2;;2026-09-08;day;5;1615;1;False
producer_permission;ds-1a454e05-7963-4ca3-915d-e72ff26b12a2:perm-9eeb2189-7567-4628-9a72-a5f5df6a0d49;Couche IGN_Sandbox-14 + Couche IGN_Sandbox-11 + Couche IGN_Sandbox-12 · IGN_Sandbox;IGN_Sandbox;ds-1a454e05-7963-4ca3-915d-e72ff26b12a2;;2026-09-09;day;12;2232;1;False
producer_permission;ds-1a454e05-7963-4ca3-915d-e72ff26b12a2:perm-9eeb2189-7567-4628-9a72-a5f5df6a0d49;Couche IGN_Sandbox-14 + Couche IGN_Sandbox-11 + Couche IGN_Sandbox-12 · IGN_Sandbox;IGN_Sandbox;ds-1a454e05-7963-4ca3-915d-e72ff26b12a2;;2026-09-10;day;5;1000;1;False
producer_permission;ds-1a454e05-7963-4ca3-915d-e72ff26b12a2:perm-9eeb2189-7567-4628-9a72-a5f5df6a0d49;Couche IGN_Sandbox-14 + Couche IGN_Sandbox-11 + Couche IGN_Sandbox-12 · IGN_Sandbox;IGN_Sandbox;ds-1a454e05-7963-4ca3-915d-e72ff26b12a2;;2026-09-11;day;6;2022;1;False
producer_permission;ds-1a454e05-7963-4ca3-915d-e72ff26b12a2:perm-9eeb2189-7567-4628-9a72-a5f5df6a0d49;Couche IGN_Sandbox-14 + Couche IGN_Sandbox-11 + Couche IGN_Sandbox-12 · IGN_Sandbox;IGN_Sandbox;ds-1a454e05-7963-4ca3-915d-e72ff26b12a2;;2026-09-12;day;6;2340;1;False
producer_permission;ds-1a454e05-7963-4ca3-915d-e72ff26b12a2:perm-9eeb2189-7567-4628-9a72-a5f5df6a0d49;Couche IGN_Sandbox-14 + Couche IGN_Sandbox-11 + Couche IGN_Sandbox-12 · IGN_Sandbox;IGN_Sandbox;ds-1a454e05-7963-4ca3-915d-e72ff26b12a2;;2026-09-13;day;9;999;1;False
producer_permission;ds-1a454e05-7963-4ca3-915d-e72ff26b12a2:perm-9eeb2189-7567-4628-9a72-a5f5df6a0d49;Couche IGN_Sandbox-14 + Couche IGN_Sandbox-11 + Couche IGN_Sandbox-12 · IGN_Sandbox;IGN_Sandbox;ds-1a454e05-7963-4ca3-915d-e72ff26b12a2;;2026-09-14;day;9;1008;1;False
producer_permission;ds-1a454e05-7963-4ca3-915d-e72ff26b12a2:perm-9eeb2189-7567-4628-9a72-a5f5df6a0d49;Couche IGN_Sandbox-14 + Couche IGN_Sandbox-11 + Couche IGN_Sandbox-12 · IGN_Sandbox;IGN_Sandbox;ds-1a454e05-7963-4ca3-915d-e72ff26b12a2;;2026-09-15;day;6;1344;1;False
producer_permission;ds-1a454e05-7963-4ca3-915d-e72ff26b12a2:perm-9eeb2189-7567-4628-9a72-a5f5df6a0d49;Couche IGN_Sandbox-14 + Couche IGN_Sandbox-11 + Couche IGN_Sandbox-12 · IGN_Sandbox;IGN_Sandbox;ds-1a454e05-7963-4ca3-915d-e72ff26b12a2;;2026-09-16;day;11;3212;1;False
producer_permission;ds-1a454e05-7963-4ca3-915d-e72ff26b12a2:perm-9eeb2189-7567-4628-9a72-a5f5df6a0d49;Couche IGN_Sandbox-14 + Couche IGN_Sandbox-11 + Couche IGN_Sandbox-12 · IGN_Sandbox;IGN_Sandbox;ds-1a454e05-7963-4ca3-915d-e72ff26b12a2;;2026-09-17;day;5;1890;1;False
producer_permission;ds-1a454e05-7963-4ca3-915d-e72ff26b12a2:perm-9eeb2189-7567-4628-9a72-a5f5df6a0d49;Couche IGN_Sandbox-14 + Couche IGN_Sandbox-11 + Couche IGN_Sandbox-12 · IGN_Sandbox;IGN_Sandbox;ds-1a454e05-7963-4ca3-915d-e72ff26b12a2;;2026-09-18;day;3;321;1;False
producer_permission;ds-1a454e05-7963-4ca3-915d-e72ff26b12a2:perm-9eeb2189-7567-4628-9a72-a5f5df6a0d49;Couche IGN_Sandbox-14 + Couche IGN_Sandbox-11 + Couche IGN_Sandbox-12 · IGN_Sandbox;IGN_Sandbox;ds-1a454e05-7963-4ca3-915d-e72ff26b12a2;;2026-09-19;day;8;1672;1;False
producer_permission;ds-1a454e05-7963-4ca3-915d-e72ff26b12a2:perm-9eeb2189-7567-4628-9a72-a5f5df6a0d49;Couche IGN_Sandbox-14 + Couche IGN_Sandbox-11 + Couche IGN_Sandbox-12 · IGN_Sandbox;IGN_Sandbox;ds-1a454e05-7963-4ca3-915d-e72ff26b12a2;;2026-09-20;day;7;616;1;False
producer_permission;ds-1a454e05-7963-4ca3-915d-e72ff26b12a2:perm-9eeb2189-7567-4628-9a72-a5f5df6a0d49;Couche IGN_Sandbox-14 + Couche IGN_Sandbox-11 + Couche IGN_Sandbox-12 · IGN_Sandbox;IGN_Sandbox;ds-1a454e05-7963-4ca3-915d-e72ff26b12a2;;2026-09-21;day;11;1749;1;False
producer_permission;ds-1a454e05-7963-4ca3-915d-e72ff26b12a2:perm-f9f48417-4fd1-4948-a0d4-046242586fc6;Couche IGN_Sandbox-14 + Couche IGN_Sandbox-11 + Couche IGN_Sandbox-16 · IGN_Sandbox;IGN_Sandbox;ds-1a454e05-7963-4ca3-915d-e72ff26b12a2;;2026-08-23;day;7;1939;1;False
producer_permission;ds-1a454e05-7963-4ca3-915d-e72ff26b12a2:perm-f9f48417-4fd1-4948-a0d4-046242586fc6;Couche IGN_Sandbox-14 + Couche IGN_Sandbox-11 + Couche IGN_Sandbox-16 · IGN_Sandbox;IGN_Sandbox;ds-1a454e05-7963-4ca3-915d-e72ff26b12a2;;2026-08-24;day;6;1968;1;False
producer_permission;ds-1a454e05-7963-4ca3-915d-e72ff26b12a2:perm-f9f48417-4fd1-4948-a0d4-046242586fc6;Couche IGN_Sandbox-14 + Couche IGN_Sandbox-11 + Couche IGN_Sandbox-16 · IGN_Sandbox;IGN_Sandbox;ds-1a454e05-7963-4ca3-915d-e72ff26b12a2;;2026-08-25;day;2;208;1;False
producer_permission;ds-1a454e05-7963-4ca3-915d-e72ff26b12a2:perm-f9f48417-4fd1-4948-a0d4-046242586fc6;Couche IGN_Sandbox-14 + Couche IGN_Sandbox-11 + Couche IGN_Sandbox-16 · IGN_Sandbox;IGN_Sandbox;ds-1a454e05-7963-4ca3-915d-e72ff26b12a2;;2026-08-26;day;8;2144;1;False
producer_permission;ds-1a454e05-7963-4ca3-915d-e72ff26b12a2:perm-f9f48417-4fd1-4948-a0d4-046242586fc6;Couche IGN_Sandbox-14 + Couche IGN_Sandbox-11 + Couche IGN_Sandbox-16 · IGN_Sandbox;IGN_Sandbox;ds-1a454e05-7963-4ca3-915d-e72ff26b12a2;;2026-08-27;day;7;2338;1;False
producer_permission;ds-1a454e05-7963-4ca3-915d-e72ff26b12a2:perm-f9f48417-4fd1-4948-a0d4-046242586fc6;Couche IGN_Sandbox-14 + Couche IGN_Sandbox-11 + Couche IGN_Sandbox-16 · IGN_Sandbox;IGN_Sandbox;ds-1a454e05-7963-4ca3-915d-e72ff26b12a2;;2026-08-28;day;7;756;1;False
producer_permission;ds-1a454e05-7963-4ca3-915d-e72ff26b12a2:perm-f9f48417-4fd1-4948-a0d4-046242586fc6;Couche IGN_Sandbox-14 + Couche IGN_Sandbox-11 + Couche IGN_Sandbox-16 · IGN_Sandbox;IGN_Sandbox;ds-1a454e05-7963-4ca3-915d-e72ff26b12a2;;2026-08-29;day;7;2338;1;False
producer_permission;ds-1a454e05-7963-4ca3-915d-e72ff26b12a2:perm-f9f48417-4fd1-4948-a0d4-046242586fc6;Couche IGN_Sandbox-14 + Couche IGN_Sandbox-11 + Couche IGN_Sandbox-16 · IGN_Sandbox;IGN_Sandbox;ds-1a454e05-7963-4ca3-915d-e72ff26b12a2;;2026-08-30;day;4;1308;1;False
producer_permission;ds-1a454e05-7963-4ca3-915d-e72ff26b12a2:perm-f9f48417-4fd1-4948-a0d4-046242586fc6;Couche IGN_Sandbox-14 + Couche IGN_Sandbox-11 + Couche IGN_Sandbox-16 · IGN_Sandbox;IGN_Sandbox;ds-1a454e05-7963-4ca3-915d-e72ff26b12a2;;2026-08-31;day;1;203;1;False
producer_permission;ds-1a454e05-7963-4ca3-915d-e72ff26b12a2:perm-f9f48417-4fd1-4948-a0d4-046242586fc6;Couche IGN_Sandbox-14 + Couche IGN_Sandbox-11 + Couche IGN_Sandbox-16 · IGN_Sandbox;IGN_Sandbox;ds-1a454e05-7963-4ca3-915d-e72ff26b12a2;;2026-09-02;day;2;216;1;False
producer_permission;ds-1a454e05-7963-4ca3-915d-e72ff26b12a2:perm-f9f48417-4fd1-4948-a0d4-046242586fc6;Couche IGN_Sandbox-14 + Couche IGN_Sandbox-11 + Couche IGN_Sandbox-16 · IGN_Sandbox;IGN_Sandbox;ds-1a454e05-7963-4ca3-915d-e72ff26b12a2;;2026-09-03;day;2;792;1;False
producer_permission;ds-1a454e05-7963-4ca3-915d-e72ff26b12a2:perm-f9f48417-4fd1-4948-a0d4-046242586fc6;Couche IGN_Sandbox-14 + Couche IGN_Sandbox-11 + Couche IGN_Sandbox-16 · IGN_Sandbox;IGN_Sandbox;ds-1a454e05-7963-4ca3-915d-e72ff26b12a2;;2026-09-04;day;8;2528;1;False
producer_permission;ds-1a454e05-7963-4ca3-915d-e72ff26b12a2:perm-f9f48417-4fd1-4948-a0d4-046242586fc6;Couche IGN_Sandbox-14 + Couche IGN_Sandbox-11 + Couche IGN_Sandbox-16 · IGN_Sandbox;IGN_Sandbox;ds-1a454e05-7963-4ca3-915d-e72ff26b12a2;;2026-09-05;day;7;2492;1;False
producer_permission;ds-1a454e05-7963-4ca3-915d-e72ff26b12a2:perm-f9f48417-4fd1-4948-a0d4-046242586fc6;Couche IGN_Sandbox-14 + Couche IGN_Sandbox-11 + Couche IGN_Sandbox-16 · IGN_Sandbox;IGN_Sandbox;ds-1a454e05-7963-4ca3-915d-e72ff26b12a2;;2026-09-06;day;7;1911;1;False
producer_permission;ds-1a454e05-7963-4ca3-915d-e72ff26b12a2:perm-f9f48417-4fd1-4948-a0d4-046242586fc6;Couche IGN_Sandbox-14 + Couche IGN_Sandbox-11 + Couche IGN_Sandbox-16 · IGN_Sandbox;IGN_Sandbox;ds-1a454e05-7963-4ca3-915d-e72ff26b12a2;;2026-09-07;day;8;2112;1;False
producer_permission;ds-1a454e05-7963-4ca3-915d-e72ff26b12a2:perm-f9f48417-4fd1-4948-a0d4-046242586fc6;Couche IGN_Sandbox-14 + Couche IGN_Sandbox-11 + Couche IGN_Sandbox-16 · IGN_Sandbox;IGN_Sandbox;ds-1a454e05-7963-4ca3-915d-e72ff26b12a2;;2026-09-08;day;7;1708;1;False
producer_permission;ds-1a454e05-7963-4ca3-915d-e72ff26b12a2:perm-f9f48417-4fd1-4948-a0d4-046242586fc6;Couche IGN_Sandbox-14 + Couche IGN_Sandbox-11 + Couche IGN_Sandbox-16 · IGN_Sandbox;IGN_Sandbox;ds-1a454e05-7963-4ca3-915d-e72ff26b12a2;;2026-09-09;day;1;118;1;False
producer_permission;ds-1a454e05-7963-4ca3-915d-e72ff26b12a2:perm-f9f48417-4fd1-4948-a0d4-046242586fc6;Couche IGN_Sandbox-14 + Couche IGN_Sandbox-11 + Couche IGN_Sandbox-16 · IGN_Sandbox;IGN_Sandbox;ds-1a454e05-7963-4ca3-915d-e72ff26b12a2;;2026-09-12;day;3;639;1;False
producer_permission;ds-1a454e05-7963-4ca3-915d-e72ff26b12a2:perm-f9f48417-4fd1-4948-a0d4-046242586fc6;Couche IGN_Sandbox-14 + Couche IGN_Sandbox-11 + Couche IGN_Sandbox-16 · IGN_Sandbox;IGN_Sandbox;ds-1a454e05-7963-4ca3-915d-e72ff26b12a2;;2026-09-13;day;5;1435;1;False
producer_permission;ds-1a454e05-7963-4ca3-915d-e72ff26b12a2:perm-f9f48417-4fd1-4948-a0d4-046242586fc6;Couche IGN_Sandbox-14 + Couche IGN_Sandbox-11 + Couche IGN_Sandbox-16 · IGN_Sandbox;IGN_Sandbox;ds-1a454e05-7963-4ca3-915d-e72ff26b12a2;;2026-09-14;day;8;1072;1;False
producer_permission;ds-1a454e05-7963-4ca3-915d-e72ff26b12a2:perm-f9f48417-4fd1-4948-a0d4-046242586fc6;Couche IGN_Sandbox-14 + Couche IGN_Sandbox-11 + Couche IGN_Sandbox-16 · IGN_Sandbox;IGN_Sandbox;ds-1a454e05-7963-4ca3-915d-e72ff26b12a2;;2026-09-15;day;7;658;1;False
producer_permission;ds-1a454e05-7963-4ca3-915d-e72ff26b12a2:perm-f9f48417-4fd1-4948-a0d4-046242586fc6;Couche IGN_Sandbox-14 + Couche IGN_Sandbox-11 + Couche IGN_Sandbox-16 · IGN_Sandbox;IGN_Sandbox;ds-1a454e05-7963-4ca3-915d-e72ff26b12a2;;2026-09-16;day;2;534;1;False
producer_permission;ds-1a454e05-7963-4ca3-915d-e72ff26b12a2:perm-f9f48417-4fd1-4948-a0d4-046242586fc6;Couche IGN_Sandbox-14 + Couche IGN_Sandbox-11 + Couche IGN_Sandbox-16 · IGN_Sandbox;IGN_Sandbox;ds-1a454e05-7963-4ca3-915d-e72ff26b12a2;;2026-09-17;day;7;1498;1;False
producer_permission;ds-1a454e05-7963-4ca3-915d-e72ff26b12a2:perm-f9f48417-4fd1-4948-a0d4-046242586fc6;Couche IGN_Sandbox-14 + Couche IGN_Sandbox-11 + Couche IGN_Sandbox-16 · IGN_Sandbox;IGN_Sandbox;ds-1a454e05-7963-4ca3-915d-e72ff26b12a2;;2026-09-18;day;2;604;1;False
producer_permission;ds-1a454e05-7963-4ca3-915d-e72ff26b12a2:perm-f9f48417-4fd1-4948-a0d4-046242586fc6;Couche IGN_Sandbox-14 + Couche IGN_Sandbox-11 + Couche IGN_Sandbox-16 · IGN_Sandbox;IGN_Sandbox;ds-1a454e05-7963-4ca3-915d-e72ff26b12a2;;2026-09-19;day;8;1536;1;False
producer_permission;ds-1a454e05-7963-4ca3-915d-e72ff26b12a2:perm-f9f48417-4fd1-4948-a0d4-046242586fc6;Couche IGN_Sandbox-14 + Couche IGN_Sandbox-11 + Couche IGN_Sandbox-16 · IGN_Sandbox;IGN_Sandbox;ds-1a454e05-7963-4ca3-915d-e72ff26b12a2;;2026-09-20;day;6;1356;1;False
producer_permission;ds-1a454e05-7963-4ca3-915d-e72ff26b12a2:perm-f9f48417-4fd1-4948-a0d4-046242586fc6;Couche IGN_Sandbox-14 + Couche IGN_Sandbox-11 + Couche IGN_Sandbox-16 · IGN_Sandbox;IGN_Sandbox;ds-1a454e05-7963-4ca3-915d-e72ff26b12a2;;2026-09-21;day;7;707;1;False
producer_permission;ds-1a454e05-7963-4ca3-915d-e72ff26b12a2:perm-e227ee42-b704-4400-8ffe-ad897b1bd078;Couche IGN_Sandbox-15 + Couche IGN_Sandbox-13 + Couche IGN_Sandbox-9 · IGN_Sandbox;IGN_Sandbox;ds-1a454e05-7963-4ca3-915d-e72ff26b12a2;;2026-08-23;day;4;988;1;False
producer_permission;ds-1a454e05-7963-4ca3-915d-e72ff26b12a2:perm-e227ee42-b704-4400-8ffe-ad897b1bd078;Couche IGN_Sandbox-15 + Couche IGN_Sandbox-13 + Couche IGN_Sandbox-9 · IGN_Sandbox;IGN_Sandbox;ds-1a454e05-7963-4ca3-915d-e72ff26b12a2;;2026-08-24;day;10;800;1;False
producer_permission;ds-1a454e05-7963-4ca3-915d-e72ff26b12a2:perm-e227ee42-b704-4400-8ffe-ad897b1bd078;Couche IGN_Sandbox-15 + Couche IGN_Sandbox-13 + Couche IGN_Sandbox-9 · IGN_Sandbox;IGN_Sandbox;ds-1a454e05-7963-4ca3-915d-e72ff26b12a2;;2026-08-25;day;9;1296;1;False
producer_permission;ds-1a454e05-7963-4ca3-915d-e72ff26b12a2:perm-e227ee42-b704-4400-8ffe-ad897b1bd078;Couche IGN_Sandbox-15 + Couche IGN_Sandbox-13 + Couche IGN_Sandbox-9 · IGN_Sandbox;IGN_Sandbox;ds-1a454e05-7963-4ca3-915d-e72ff26b12a2;;2026-08-26;day;8;1472;1;False
producer_permission;ds-1a454e05-7963-4ca3-915d-e72ff26b12a2:perm-e227ee42-b704-4400-8ffe-ad897b1bd078;Couche IGN_Sandbox-15 + Couche IGN_Sandbox-13 + Couche IGN_Sandbox-9 · IGN_Sandbox;IGN_Sandbox;ds-1a454e05-7963-4ca3-915d-e72ff26b12a2;;2026-08-27;day;2;248;1;False
producer_permission;ds-1a454e05-7963-4ca3-915d-e72ff26b12a2:perm-e227ee42-b704-4400-8ffe-ad897b1bd078;Couche IGN_Sandbox-15 + Couche IGN_Sandbox-13 + Couche IGN_Sandbox-9 · IGN_Sandbox;IGN_Sandbox;ds-1a454e05-7963-4ca3-915d-e72ff26b12a2;;2026-08-28;day;2;722;1;False
producer_permission;ds-1a454e05-7963-4ca3-915d-e72ff26b12a2:perm-e227ee42-b704-4400-8ffe-ad897b1bd078;Couche IGN_Sandbox-15 + Couche IGN_Sandbox-13 + Couche IGN_Sandbox-9 · IGN_Sandbox;IGN_Sandbox;ds-1a454e05-7963-4ca3-915d-e72ff26b12a2;;2026-08-29;day;7;749;1;False
producer_permission;ds-1a454e05-7963-4ca3-915d-e72ff26b12a2:perm-e227ee42-b704-4400-8ffe-ad897b1bd078;Couche IGN_Sandbox-15 + Couche IGN_Sandbox-13 + Couche IGN_Sandbox-9 · IGN_Sandbox;IGN_Sandbox;ds-1a454e05-7963-4ca3-915d-e72ff26b12a2;;2026-08-30;day;9;963;1;False
producer_permission;ds-1a454e05-7963-4ca3-915d-e72ff26b12a2:perm-e227ee42-b704-4400-8ffe-ad897b1bd078;Couche IGN_Sandbox-15 + Couche IGN_Sandbox-13 + Couche IGN_Sandbox-9 · IGN_Sandbox;IGN_Sandbox;ds-1a454e05-7963-4ca3-915d-e72ff26b12a2;;2026-08-31;day;2;658;1;False
producer_permission;ds-1a454e05-7963-4ca3-915d-e72ff26b12a2:perm-e227ee42-b704-4400-8ffe-ad897b1bd078;Couche IGN_Sandbox-15 + Couche IGN_Sandbox-13 + Couche IGN_Sandbox-9 · IGN_Sandbox;IGN_Sandbox;ds-1a454e05-7963-4ca3-915d-e72ff26b12a2;;2026-09-01;day;3;510;1;False
producer_permission;ds-1a454e05-7963-4ca3-915d-e72ff26b12a2:perm-e227ee42-b704-4400-8ffe-ad897b1bd078;Couche IGN_Sandbox-15 + Couche IGN_Sandbox-13 + Couche IGN_Sandbox-9 · IGN_Sandbox;IGN_Sandbox;ds-1a454e05-7963-4ca3-915d-e72ff26b12a2;;2026-09-02;day;2;724;1;False
producer_permission;ds-1a454e05-7963-4ca3-915d-e72ff26b12a2:perm-e227ee42-b704-4400-8ffe-ad897b1bd078;Couche IGN_Sandbox-15 + Couche IGN_Sandbox-13 + Couche IGN_Sandbox-9 · IGN_Sandbox;IGN_Sandbox;ds-1a454e05-7963-4ca3-915d-e72ff26b12a2;;2026-09-03;day;5;1415;1;False
producer_permission;ds-1a454e05-7963-4ca3-915d-e72ff26b12a2:perm-e227ee42-b704-4400-8ffe-ad897b1bd078;Couche IGN_Sandbox-15 + Couche IGN_Sandbox-13 + Couche IGN_Sandbox-9 · IGN_Sandbox;IGN_Sandbox;ds-1a454e05-7963-4ca3-915d-e72ff26b12a2;;2026-09-04;day;5;1510;1;False
producer_permission;ds-1a454e05-7963-4ca3-915d-e72ff26b12a2:perm-e227ee42-b704-4400-8ffe-ad897b1bd078;Couche IGN_Sandbox-15 + Couche IGN_Sandbox-13 + Couche IGN_Sandbox-9 · IGN_Sandbox;IGN_Sandbox;ds-1a454e05-7963-4ca3-915d-e72ff26b12a2;;2026-09-05;day;4;1360;1;False
producer_permission;ds-1a454e05-7963-4ca3-915d-e72ff26b12a2:perm-e227ee42-b704-4400-8ffe-ad897b1bd078;Couche IGN_Sandbox-15 + Couche IGN_Sandbox-13 + Couche IGN_Sandbox-9 · IGN_Sandbox;IGN_Sandbox;ds-1a454e05-7963-4ca3-915d-e72ff26b12a2;;2026-09-06;day;5;1285;1;False
producer_permission;ds-1a454e05-7963-4ca3-915d-e72ff26b12a2:perm-e227ee42-b704-4400-8ffe-ad897b1bd078;Couche IGN_Sandbox-15 + Couche IGN_Sandbox-13 + Couche IGN_Sandbox-9 · IGN_Sandbox;IGN_Sandbox;ds-1a454e05-7963-4ca3-915d-e72ff26b12a2;;2026-09-07;day;1;157;1;False
producer_permission;ds-1a454e05-7963-4ca3-915d-e72ff26b12a2:perm-e227ee42-b704-4400-8ffe-ad897b1bd078;Couche IGN_Sandbox-15 + Couche IGN_Sandbox-13 + Couche IGN_Sandbox-9 · IGN_Sandbox;IGN_Sandbox;ds-1a454e05-7963-4ca3-915d-e72ff26b12a2;;2026-09-08;day;6;858;1;False
producer_permission;ds-1a454e05-7963-4ca3-915d-e72ff26b12a2:perm-e227ee42-b704-4400-8ffe-ad897b1bd078;Couche IGN_Sandbox-15 + Couche IGN_Sandbox-13 + Couche IGN_Sandbox-9 · IGN_Sandbox;IGN_Sandbox;ds-1a454e05-7963-4ca3-915d-e72ff26b12a2;;2026-09-09;day;4;1508;1;False
producer_permission;ds-1a454e05-7963-4ca3-915d-e72ff26b12a2:perm-e227ee42-b704-4400-8ffe-ad897b1bd078;Couche IGN_Sandbox-15 + Couche IGN_Sandbox-13 + Couche IGN_Sandbox-9 · IGN_Sandbox;IGN_Sandbox;ds-1a454e05-7963-4ca3-915d-e72ff26b12a2;;2026-09-10;day;2;244;1;False
producer_permission;ds-1a454e05-7963-4ca3-915d-e72ff26b12a2:perm-e227ee42-b704-4400-8ffe-ad897b1bd078;Couche IGN_Sandbox-15 + Couche IGN_Sandbox-13 + Couche IGN_Sandbox-9 · IGN_Sandbox;IGN_Sandbox;ds-1a454e05-7963-4ca3-915d-e72ff26b12a2;;2026-09-11;day;3;474;1;False
producer_permission;ds-1a454e05-7963-4ca3-915d-e72ff26b12a2:perm-e227ee42-b704-4400-8ffe-ad897b1bd078;Couche IGN_Sandbox-15 + Couche IGN_Sandbox-13 + Couche IGN_Sandbox-9 · IGN_Sandbox;IGN_Sandbox;ds-1a454e05-7963-4ca3-915d-e72ff26b12a2;;2026-09-12;day;7;1512;1;False
producer_permission;ds-1a454e05-7963-4ca3-915d-e72ff26b12a2:perm-e227ee42-b704-4400-8ffe-ad897b1bd078;Couche IGN_Sandbox-15 + Couche IGN_Sandbox-13 + Couche IGN_Sandbox-9 · IGN_Sandbox;IGN_Sandbox;ds-1a454e05-7963-4ca3-915d-e72ff26b12a2;;2026-09-13;day;3;1095;1;False
producer_permission;ds-1a454e05-7963-4ca3-915d-e72ff26b12a2:perm-e227ee42-b704-4400-8ffe-ad897b1bd078;Couche IGN_Sandbox-15 + Couche IGN_Sandbox-13 + Couche IGN_Sandbox-9 · IGN_Sandbox;IGN_Sandbox;ds-1a454e05-7963-4ca3-915d-e72ff26b12a2;;2026-09-14;day;2;670;1;False
producer_permission;ds-1a454e05-7963-4ca3-915d-e72ff26b12a2:perm-e227ee42-b704-4400-8ffe-ad897b1bd078;Couche IGN_Sandbox-15 + Couche IGN_Sandbox-13 + Couche IGN_Sandbox-9 · IGN_Sandbox;IGN_Sandbox;ds-1a454e05-7963-4ca3-915d-e72ff26b12a2;;2026-09-15;day;1;379;1;False
producer_permission;ds-1a454e05-7963-4ca3-915d-e72ff26b12a2:perm-e227ee42-b704-4400-8ffe-ad897b1bd078;Couche IGN_Sandbox-15 + Couche IGN_Sandbox-13 + Couche IGN_Sandbox-9 · IGN_Sandbox;IGN_Sandbox;ds-1a454e05-7963-4ca3-915d-e72ff26b12a2;;2026-09-16;day;9;1953;1;False
producer_permission;ds-1a454e05-7963-4ca3-915d-e72ff26b12a2:perm-e227ee42-b704-4400-8ffe-ad897b1bd078;Couche IGN_Sandbox-15 + Couche IGN_Sandbox-13 + Couche IGN_Sandbox-9 · IGN_Sandbox;IGN_Sandbox;ds-1a454e05-7963-4ca3-915d-e72ff26b12a2;;2026-09-17;day;9;1530;1;False
producer_permission;ds-1a454e05-7963-4ca3-915d-e72ff26b12a2:perm-e227ee42-b704-4400-8ffe-ad897b1bd078;Couche IGN_Sandbox-15 + Couche IGN_Sandbox-13 + Couche IGN_Sandbox-9 · IGN_Sandbox;IGN_Sandbox;ds-1a454e05-7963-4ca3-915d-e72ff26b12a2;;2026-09-18;day;4;668;1;False
producer_permission;ds-1a454e05-7963-4ca3-915d-e72ff26b12a2:perm-e227ee42-b704-4400-8ffe-ad897b1bd078;Couche IGN_Sandbox-15 + Couche IGN_Sandbox-13 + Couche IGN_Sandbox-9 · IGN_Sandbox;IGN_Sandbox;ds-1a454e05-7963-4ca3-915d-e72ff26b12a2;;2026-09-19;day;3;372;1;False
producer_permission;ds-1a454e05-7963-4ca3-915d-e72ff26b12a2:perm-e227ee42-b704-4400-8ffe-ad897b1bd078;Couche IGN_Sandbox-15 + Couche IGN_Sandbox-13 + Couche IGN_Sandbox-9 · IGN_Sandbox;IGN_Sandbox;ds-1a454e05-7963-4ca3-915d-e72ff26b12a2;;2026-09-20;day;2;476;1;False
producer_permission;ds-1a454e05-7963-4ca3-915d-e72ff26b12a2:perm-e227ee42-b704-4400-8ffe-ad897b1bd078;Couche IGN_Sandbox-15 + Couche IGN_Sandbox-13 + Couche IGN_Sandbox-9 · IGN_Sandbox;IGN_Sandbox;ds-1a454e05-7963-4ca3-915d-e72ff26b12a2;;2026-09-21;day;1;120;1;False
consumer_permission;perm-34edcb54-76ac-49b5-9769-2cbc92286903;Couche IGN_Prod-12 + Couche IGN_Prod-14 + Couche IGN_Sandbox-3 + Couche IGN_Recette-11;;;WMTS-TMS;2026-08-23;day;3;537;1;False
consumer_permission;perm-34edcb54-76ac-49b5-9769-2cbc92286903;Couche IGN_Prod-12 + Couche IGN_Prod-14 + Couche IGN_Sandbox-3 + Couche IGN_Recette-11;;;WMTS-TMS;2026-08-24;day;3;516;1;False
consumer_permission;perm-34edcb54-76ac-49b5-9769-2cbc92286903;Couche IGN_Prod-12 + Couche IGN_Prod-14 + Couche IGN_Sandbox-3 + Couche IGN_Recette-11;;;WMTS-TMS;2026-08-25;day;11;2992;1;False
consumer_permission;perm-34edcb54-76ac-49b5-9769-2cbc92286903;Couche IGN_Prod-12 + Couche IGN_Prod-14 + Couche IGN_Sandbox-3 + Couche IGN_Recette-11;;;WMTS-TMS;2026-08-26;day;6;600;1;False
consumer_permission;perm-34edcb54-76ac-49b5-9769-2cbc92286903;Couche IGN_Prod-12 + Couche IGN_Prod-14 + Couche IGN_Sandbox-3 + Couche IGN_Recette-11;;;WMTS-TMS;2026-08-27;day;4;548;1;False
consumer_permission;perm-34edcb54-76ac-49b5-9769-2cbc92286903;Couche IGN_Prod-12 + Couche IGN_Prod-14 + Couche IGN_Sandbox-3 + Couche IGN_Recette-11;;;WMTS-TMS;2026-08-28;day;3;879;1;False
consumer_permission;perm-34edcb54-76ac-49b5-9769-2cbc92286903;Couche IGN_Prod-12 + Couche IGN_Prod-14 + Couche IGN_Sandbox-3 + Couche IGN_Recette-11;;;WMTS-TMS;2026-08-29;day;11;4158;1;False
consumer_permission;perm-34edcb54-76ac-49b5-9769-2cbc92286903;Couche IGN_Prod-12 + Couche IGN_Prod-14 + Couche IGN_Sandbox-3 + Couche IGN_Recette-11;;;WMTS-TMS;2026-08-30;day;9;1395;1;False
consumer_permission;perm-34edcb54-76ac-49b5-9769-2cbc92286903;Couche IGN_Prod-12 + Couche IGN_Prod-14 + Couche IGN_Sandbox-3 + Couche IGN_Recette-11;;;WMTS-TMS;2026-08-31;day;6;480;1;False
consumer_permission;perm-34edcb54-76ac-49b5-9769-2cbc92286903;Couche IGN_Prod-12 + Couche IGN_Prod-14 + Couche IGN_Sandbox-3 + Couche IGN_Recette-11;;;WMTS-TMS;2026-09-01;day;12;3360;1;False
consumer_permission;perm-34edcb54-76ac-49b5-9769-2cbc92286903;Couche IGN_Prod-12 + Couche IGN_Prod-14 + Couche IGN_Sandbox-3 + Couche IGN_Recette-11;;;WMTS-TMS;2026-09-02;day;4;404;1;False
consumer_permission;perm-34edcb54-76ac-49b5-9769-2cbc92286903;Couche IGN_Prod-12 + Couche IGN_Prod-14 + Couche IGN_Sandbox-3 + Couche IGN_Recette-11;;;WMTS-TMS;2026-09-03;day;7;2198;1;False
consumer_permission;perm-34edcb54-76ac-49b5-9769-2cbc92286903;Couche IGN_Prod-12 + Couche IGN_Prod-14 + Couche IGN_Sandbox-3 + Couche IGN_Recette-11;;;WMTS-TMS;2026-09-04;day;12;4272;1;False
consumer_permission;perm-34edcb54-76ac-49b5-9769-2cbc92286903;Couche IGN_Prod-12 + Couche IGN_Prod-14 + Couche IGN_Sandbox-3 + Couche IGN_Recette-11;;;WMTS-TMS;2026-09-05;day;4;1524;1;False
consumer_permission;perm-34edcb54-76ac-49b5-9769-2cbc92286903;Couche IGN_Prod-12 + Couche IGN_Prod-14 + Couche IGN_Sandbox-3 + Couche IGN_Recette-11;;;WMTS-TMS;2026-09-06;day;12;2292;1;False
consumer_permission;perm-34edcb54-76ac-49b5-9769-2cbc92286903;Couche IGN_Prod-12 + Couche IGN_Prod-14 + Couche IGN_Sandbox-3 + Couche IGN_Recette-11;;;WMTS-TMS;2026-09-07;day;4;1136;1;False
consumer_permission;perm-34edcb54-76ac-49b5-9769-2cbc92286903;Couche IGN_Prod-12 + Couche IGN_Prod-14 + Couche IGN_Sandbox-3 + Couche IGN_Recette-11;;;WMTS-TMS;2026-09-08;day;10;3370;1;False
consumer_permission;perm-34edcb54-76ac-49b5-9769-2cbc92286903;Couche IGN_Prod-12 + Couche IGN_Prod-14 + Couche IGN_Sandbox-3 + Couche IGN_Recette-11;;;WMTS-TMS;2026-09-09;day;9;2358;1;False
consumer_permission;perm-34edcb54-76ac-49b5-9769-2cbc92286903;Couche IGN_Prod-12 + Couche IGN_Prod-14 + Couche IGN_Sandbox-3 + Couche IGN_Recette-11;;;WMTS-TMS;2026-09-10;day;11;2376;1;False
consumer_permission;perm-34edcb54-76ac-49b5-9769-2cbc92286903;Couche IGN_Prod-12 + Couche IGN_Prod-14 + Couche IGN_Sandbox-3 + Couche IGN_Recette-11;;;WMTS-TMS;2026-09-11;day;3;312;1;False
consumer_permission;perm-34edcb54-76ac-49b5-9769-2cbc92286903;Couche IGN_Prod-12 + Couche IGN_Prod-14 + Couche IGN_Sandbox-3 + Couche IGN_Recette-11;;;WMTS-TMS;2026-09-12;day;8;1216;1;False
consumer_permission;perm-34edcb54-76ac-49b5-9769-2cbc92286903;Couche IGN_Prod-12 + Couche IGN_Prod-14 + Couche IGN_Sandbox-3 + Couche IGN_Recette-11;;;WMTS-TMS;2026-09-13;day;5;1130;1;False
consumer_permission;perm-34edcb54-76ac-49b5-9769-2cbc92286903;Couche IGN_Prod-12 + Couche IGN_Prod-14 + Couche IGN_Sandbox-3 + Couche IGN_Recette-11;;;WMTS-TMS;2026-09-14;day;10;3950;1;False
consumer_permission;perm-34edcb54-76ac-49b5-9769-2cbc92286903;Couche IGN_Prod-12 + Couche IGN_Prod-14 + Couche IGN_Sandbox-3 + Couche IGN_Recette-11;;;WMTS-TMS;2026-09-15;day;11;3773;1;False
consumer_permission;perm-34edcb54-76ac-49b5-9769-2cbc92286903;Couche IGN_Prod-12 + Couche IGN_Prod-14 + Couche IGN_Sandbox-3 + Couche IGN_Recette-11;;;WMTS-TMS;2026-09-16;day;8;1064;1;False
consumer_permission;perm-34edcb54-76ac-49b5-9769-2cbc92286903;Couche IGN_Prod-12 + Couche IGN_Prod-14 + Couche IGN_Sandbox-3 + Couche IGN_Recette-11;;;WMTS-TMS;2026-09-17;day;3;357;1;False
consumer_permission;perm-34edcb54-76ac-49b5-9769-2cbc92286903;Couche IGN_Prod-12 + Couche IGN_Prod-14 + Couche IGN_Sandbox-3 + Couche IGN_Recette-11;;;WMTS-TMS;2026-09-18;day;11;1045;1;False
consumer_permission;perm-34edcb54-76ac-49b5-9769-2cbc92286903;Couche IGN_Prod-12 + Couche IGN_Prod-14 + Couche IGN_Sandbox-3 + Couche IGN_Recette-11;;;WMTS-TMS;2026-09-19;day;10;1200;1;False
consumer_permission;perm-34edcb54-76ac-49b5-9769-2cbc92286903;Couche IGN_Prod-12 + Couche IGN_Prod-14 + Couche IGN_Sandbox-3 + Couche IGN_Recette-11;;;WMTS-TMS;2026-09-20;day;9;2232;1;False
consumer_permission;perm-34edcb54-76ac-49b5-9769-2cbc92286903;Couche IGN_Prod-12 + Couche IGN_Prod-14 + Couche IGN_Sandbox-3 + Couche IGN_Recette-11;;;WMTS-TMS;2026-09-21;day;3;510;1;False
consumer_permission;perm-e2c1da02-3163-4b4a-85e0-b501ce25e65b;Couche IGN_Sandbox-11 + Couche IGN_Sandbox-14 + Couche IGN_Sandbox-13 + Couche IGN_Prod-22;;;WMS-VECTOR;2026-08-23;day;9;2745;1;False
consumer_permission;perm-e2c1da02-3163-4b4a-85e0-b501ce25e65b;Couche IGN_Sandbox-11 + Couche IGN_Sandbox-14 + Couche IGN_Sandbox-13 + Couche IGN_Prod-22;;;WMS-VECTOR;2026-08-25;day;8;1512;1;False
consumer_permission;perm-e2c1da02-3163-4b4a-85e0-b501ce25e65b;Couche IGN_Sandbox-11 + Couche IGN_Sandbox-14 + Couche IGN_Sandbox-13 + Couche IGN_Prod-22;;;WMS-VECTOR;2026-08-27;day;9;2808;1;False
consumer_permission;perm-e2c1da02-3163-4b4a-85e0-b501ce25e65b;Couche IGN_Sandbox-11 + Couche IGN_Sandbox-14 + Couche IGN_Sandbox-13 + Couche IGN_Prod-22;;;WMS-VECTOR;2026-08-28;day;4;356;1;False
consumer_permission;perm-e2c1da02-3163-4b4a-85e0-b501ce25e65b;Couche IGN_Sandbox-11 + Couche IGN_Sandbox-14 + Couche IGN_Sandbox-13 + Couche IGN_Prod-22;;;WMS-VECTOR;2026-08-29;day;5;550;1;False
consumer_permission;perm-e2c1da02-3163-4b4a-85e0-b501ce25e65b;Couche IGN_Sandbox-11 + Couche IGN_Sandbox-14 + Couche IGN_Sandbox-13 + Couche IGN_Prod-22;;;WMS-VECTOR;2026-08-30;day;3;1080;1;False
consumer_permission;perm-e2c1da02-3163-4b4a-85e0-b501ce25e65b;Couche IGN_Sandbox-11 + Couche IGN_Sandbox-14 + Couche IGN_Sandbox-13 + Couche IGN_Prod-22;;;WMS-VECTOR;2026-09-01;day;4;940;1;False
consumer_permission;perm-e2c1da02-3163-4b4a-85e0-b501ce25e65b;Couche IGN_Sandbox-11 + Couche IGN_Sandbox-14 + Couche IGN_Sandbox-13 + Couche IGN_Prod-22;;;WMS-VECTOR;2026-09-02;day;1;290;1;False
consumer_permission;perm-e2c1da02-3163-4b4a-85e0-b501ce25e65b;Couche IGN_Sandbox-11 + Couche IGN_Sandbox-14 + Couche IGN_Sandbox-13 + Couche IGN_Prod-22;;;WMS-VECTOR;2026-09-03;day;8;2840;1;False
consumer_permission;perm-e2c1da02-3163-4b4a-85e0-b501ce25e65b;Couche IGN_Sandbox-11 + Couche IGN_Sandbox-14 + Couche IGN_Sandbox-13 + Couche IGN_Prod-22;;;WMS-VECTOR;2026-09-04;day;3;1089;1;False
consumer_permission;perm-e2c1da02-3163-4b4a-85e0-b501ce25e65b;Couche IGN_Sandbox-11 + Couche IGN_Sandbox-14 + Couche IGN_Sandbox-13 + Couche IGN_Prod-22;;;WMS-VECTOR;2026-09-05;day;8;2864;1;False
consumer_permission;perm-e2c1da02-3163-4b4a-85e0-b501ce25e65b;Couche IGN_Sandbox-11 + Couche IGN_Sandbox-14 + Couche IGN_Sandbox-13 + Couche IGN_Prod-22;;;WMS-VECTOR;2026-09-06;day;7;1799;1;False
consumer_permission;perm-e2c1da02-3163-4b4a-85e0-b501ce25e65b;Couche IGN_Sandbox-11 + Couche IGN_Sandbox-14 + Couche IGN_Sandbox-13 + Couche IGN_Prod-22;;;WMS-VECTOR;2026-09-07;day;1;191;1;False
consumer_permission;perm-e2c1da02-3163-4b4a-85e0-b501ce25e65b;Couche IGN_Sandbox-11 + Couche IGN_Sandbox-14 + Couche IGN_Sandbox-13 + Couche IGN_Prod-22;;;WMS-VECTOR;2026-09-08;day;3;885;1;False
consumer_permission;perm-e2c1da02-3163-4b4a-85e0-b501ce25e65b;Couche IGN_Sandbox-11 + Couche IGN_Sandbox-14 + Couche IGN_Sandbox-13 + Couche IGN_Prod-22;;;WMS-VECTOR;2026-09-09;day;5;1765;1;False
consumer_permission;perm-e2c1da02-3163-4b4a-85e0-b501ce25e65b;Couche IGN_Sandbox-11 + Couche IGN_Sandbox-14 + Couche IGN_Sandbox-13 + Couche IGN_Prod-22;;;WMS-VECTOR;2026-09-11;day;5;1495;1;False
consumer_permission;perm-e2c1da02-3163-4b4a-85e0-b501ce25e65b;Couche IGN_Sandbox-11 + Couche IGN_Sandbox-14 + Couche IGN_Sandbox-13 + Couche IGN_Prod-22;;;WMS-VECTOR;2026-09-12;day;7;1568;1;False
consumer_permission;perm-e2c1da02-3163-4b4a-85e0-b501ce25e65b;Couche IGN_Sandbox-11 + Couche IGN_Sandbox-14 + Couche IGN_Sandbox-13 + Couche IGN_Prod-22;;;WMS-VECTOR;2026-09-13;day;7;2681;1;False
consumer_permission;perm-e2c1da02-3163-4b4a-85e0-b501ce25e65b;Couche IGN_Sandbox-11 + Couche IGN_Sandbox-14 + Couche IGN_Sandbox-13 + Couche IGN_Prod-22;;;WMS-VECTOR;2026-09-15;day;2;310;1;False
consumer_permission;perm-e2c1da02-3163-4b4a-85e0-b501ce25e65b;Couche IGN_Sandbox-11 + Couche IGN_Sandbox-14 + Couche IGN_Sandbox-13 + Couche IGN_Prod-22;;;WMS-VECTOR;2026-09-16;day;2;412;1;False
consumer_permission;perm-e2c1da02-3163-4b4a-85e0-b501ce25e65b;Couche IGN_Sandbox-11 + Couche IGN_Sandbox-14 + Couche IGN_Sandbox-13 + Couche IGN_Prod-22;;;WMS-VECTOR;2026-09-17;day;1;163;1;False
consumer_permission;perm-e2c1da02-3163-4b4a-85e0-b501ce25e65b;Couche IGN_Sandbox-11 + Couche IGN_Sandbox-14 + Couche IGN_Sandbox-13 + Couche IGN_Prod-22;;;WMS-VECTOR;2026-09-18;day;3;558;1;False
consumer_permission;perm-e2c1da02-3163-4b4a-85e0-b501ce25e65b;Couche IGN_Sandbox-11 + Couche IGN_Sandbox-14 + Couche IGN_Sandbox-13 + Couche IGN_Prod-22;;;WMS-VECTOR;2026-09-20;day;8;2648;1;False
consumer_permission;perm-a22901c5-72f8-4af8-a34d-3dc03f9c02c4;Couche IGN_Sandbox-15 + Couche IGN_Recette-16 + Couche IGN_Prod-0 + Couche IGN_Prod-19;;;WMS-RASTER;2026-08-24;day;2;188;1;False
consumer_permission;perm-a22901c5-72f8-4af8-a34d-3dc03f9c02c4;Couche IGN_Sandbox-15 + Couche IGN_Recette-16 + Couche IGN_Prod-0 + Couche IGN_Prod-19;;;WMS-RASTER;2026-08-25;day;1;391;1;False
consumer_permission;perm-a22901c5-72f8-4af8-a34d-3dc03f9c02c4;Couche IGN_Sandbox-15 + Couche IGN_Recette-16 + Couche IGN_Prod-0 + Couche IGN_Prod-19;;;WMS-RASTER;2026-08-26;day;7;1547;1;False
consumer_permission;perm-a22901c5-72f8-4af8-a34d-3dc03f9c02c4;Couche IGN_Sandbox-15 + Couche IGN_Recette-16 + Couche IGN_Prod-0 + Couche IGN_Prod-19;;;WMS-RASTER;2026-08-27;day;6;510;1;False
consumer_permission;perm-a22901c5-72f8-4af8-a34d-3dc03f9c02c4;Couche IGN_Sandbox-15 + Couche IGN_Recette-16 + Couche IGN_Prod-0 + Couche IGN_Prod-19;;;WMS-RASTER;2026-08-28;day;4;640;1;False
consumer_permission;perm-a22901c5-72f8-4af8-a34d-3dc03f9c02c4;Couche IGN_Sandbox-15 + Couche IGN_Recette-16 + Couche IGN_Prod-0 + Couche IGN_Prod-19;;;WMS-RASTER;2026-08-29;day;4;1064;1;False
consumer_permission;perm-a22901c5-72f8-4af8-a34d-3dc03f9c02c4;Couche IGN_Sandbox-15 + Couche IGN_Recette-16 + Couche IGN_Prod-0 + Couche IGN_Prod-19;;;WMS-RASTER;2026-08-30;day;7;679;1;False
consumer_permission;perm-a22901c5-72f8-4af8-a34d-3dc03f9c02c4;Couche IGN_Sandbox-15 + Couche IGN_Recette-16 + Couche IGN_Prod-0 + Couche IGN_Prod-19;;;WMS-RASTER;2026-09-01;day;1;133;1;False
consumer_permission;perm-a22901c5-72f8-4af8-a34d-3dc03f9c02c4;Couche IGN_Sandbox-15 + Couche IGN_Recette-16 + Couche IGN_Prod-0 + Couche IGN_Prod-19;;;WMS-RASTER;2026-09-02;day;7;1596;1;False
consumer_permission;perm-a22901c5-72f8-4af8-a34d-3dc03f9c02c4;Couche IGN_Sandbox-15 + Couche IGN_Recette-16 + Couche IGN_Prod-0 + Couche IGN_Prod-19;;;WMS-RASTER;2026-09-03;day;8;2528;1;False
consumer_permission;perm-a22901c5-72f8-4af8-a34d-3dc03f9c02c4;Couche IGN_Sandbox-15 + Couche IGN_Recette-16 + Couche IGN_Prod-0 + Couche IGN_Prod-19;;;WMS-RASTER;2026-09-04;day;7;2709;1;False
consumer_permission;perm-a22901c5-72f8-4af8-a34d-3dc03f9c02c4;Couche IGN_Sandbox-15 + Couche IGN_Recette-16 + Couche IGN_Prod-0 + Couche IGN_Prod-19;;;WMS-RASTER;2026-09-05;day;4;1520;1;False
consumer_permission;perm-a22901c5-72f8-4af8-a34d-3dc03f9c02c4;Couche IGN_Sandbox-15 + Couche IGN_Recette-16 + Couche IGN_Prod-0 + Couche IGN_Prod-19;;;WMS-RASTER;2026-09-06;day;3;1008;1;False
consumer_permission;perm-a22901c5-72f8-4af8-a34d-3dc03f9c02c4;Couche IGN_Sandbox-15 + Couche IGN_Recette-16 + Couche IGN_Prod-0 + Couche IGN_Prod-19;;;WMS-RASTER;2026-09-07;day;6;498;1;False
consumer_permission;perm-a22901c5-72f8-4af8-a34d-3dc03f9c02c4;Couche IGN_Sandbox-15 + Couche IGN_Recette-16 + Couche IGN_Prod-0 + Couche IGN_Prod-19;;;WMS-RASTER;2026-09-08;day;8;1040;1;False
consumer_permission;perm-a22901c5-72f8-4af8-a34d-3dc03f9c02c4;Couche IGN_Sandbox-15 + Couche IGN_Recette-16 + Couche IGN_Prod-0 + Couche IGN_Prod-19;;;WMS-RASTER;2026-09-09;day;1;142;1;False
consumer_permission;perm-a22901c5-72f8-4af8-a34d-3dc03f9c02c4;Couche IGN_Sandbox-15 + Couche IGN_Recette-16 + Couche IGN_Prod-0 + Couche IGN_Prod-19;;;WMS-RASTER;2026-09-10;day;3;1002;1;False
consumer_permission;perm-a22901c5-72f8-4af8-a34d-3dc03f9c02c4;Couche IGN_Sandbox-15 + Couche IGN_Recette-16 + Couche IGN_Prod-0 + Couche IGN_Prod-19;;;WMS-RASTER;2026-09-11;day;4;412;1;False
consumer_permission;perm-a22901c5-72f8-4af8-a34d-3dc03f9c02c4;Couche IGN_Sandbox-15 + Couche IGN_Recette-16 + Couche IGN_Prod-0 + Couche IGN_Prod-19;;;WMS-RASTER;2026-09-12;day;4;1596;1;False
consumer_permission;perm-a22901c5-72f8-4af8-a34d-3dc03f9c02c4;Couche IGN_Sandbox-15 + Couche IGN_Recette-16 + Couche IGN_Prod-0 + Couche IGN_Prod-19;;;WMS-RASTER;2026-09-13;day;5;790;1;False
consumer_permission;perm-a22901c5-72f8-4af8-a34d-3dc03f9c02c4;Couche IGN_Sandbox-15 + Couche IGN_Recette-16 + Couche IGN_Prod-0 + Couche IGN_Prod-19;;;WMS-RASTER;2026-09-14;day;8;2216;1;False
consumer_permission;perm-a22901c5-72f8-4af8-a34d-3dc03f9c02c4;Couche IGN_Sandbox-15 + Couche IGN_Recette-16 + Couche IGN_Prod-0 + Couche IGN_Prod-19;;;WMS-RASTER;2026-09-16;day;7;2513;1;False
consumer_permission;perm-a22901c5-72f8-4af8-a34d-3dc03f9c02c4;Couche IGN_Sandbox-15 + Couche IGN_Recette-16 + Couche IGN_Prod-0 + Couche IGN_Prod-19;;;WMS-RASTER;2026-09-17;day;1;294;1;False
consumer_permission;perm-a22901c5-72f8-4af8-a34d-3dc03f9c02c4;Couche IGN_Sandbox-15 + Couche IGN_Recette-16 + Couche IGN_Prod-0 + Couche IGN_Prod-19;;;WMS-RASTER;2026-09-18;day;7;1911;1;False
consumer_permission;perm-a22901c5-72f8-4af8-a34d-3dc03f9c02c4;Couche IGN_Sandbox-15 + Couche IGN_Recette-16 + Couche IGN_Prod-0 + Couche IGN_Prod-19;;;WMS-RASTER;2026-09-19;day;1;360;1;False
consumer_permission;perm-a22901c5-72f8-4af8-a34d-3dc03f9c02c4;Couche IGN_Sandbox-15 + Couche IGN_Recette-16 + Couche IGN_Prod-0 + Couche IGN_Prod-19;;;WMS-RASTER;2026-09-20;day;6;1458;1;False
consumer_permission;perm-a22901c5-72f8-4af8-a34d-3dc03f9c02c4;Couche IGN_Sandbox-15 + Couche IGN_Recette-16 + Couche IGN_Prod-0 + Couche IGN_Prod-19;;;WMS-RASTER;2026-09-21;day;4;832;1;False
consumer_permission;perm-eb389b39-6ead-46e2-8117-cae4a474325d;Couche IGN_Prod-1 + Couche IGN_Recette-4 + Couche IGN_Sandbox-12 + Couche IGN_Sandbox-2;;;WFS;2026-08-23;day;2;230;1;False
consumer_permission;perm-eb389b39-6ead-46e2-8117-cae4a474325d;Couche IGN_Prod-1 + Couche IGN_Recette-4 + Couche IGN_Sandbox-12 + Couche IGN_Sandbox-2;;;WFS;2026-08-24;day;10;3030;1;False
consumer_permission;perm-eb389b39-6ead-46e2-8117-cae4a474325d;Couche IGN_Prod-1 + Couche IGN_Recette-4 + Couche IGN_Sandbox-12 + Couche IGN_Sandbox-2;;;WFS;2026-08-25;day;5;1470;1;False
consumer_permission;perm-eb389b39-6ead-46e2-8117-cae4a474325d;Couche IGN_Prod-1 + Couche IGN_Recette-4 + Couche IGN_Sandbox-12 + Couche IGN_Sandbox-2;;;WFS;2026-08-26;day;1;149;1;False
consumer_permission;perm-eb389b39-6ead-46e2-8117-cae4a474325d;Couche IGN_Prod-1 + Couche IGN_Recette-4 + Couche IGN_Sandbox-12 + Couche IGN_Sandbox-2;;;WFS;2026-08-27;day;1;378;1;False
consumer_permission;perm-eb389b39-6ead-46e2-8117-cae4a474325d;Couche IGN_Prod-1 + Couche IGN_Recette-4 + Couche IGN_Sandbox-12 + Couche IGN_Sandbox-2;;;WFS;2026-08-28;day;3;1026;1;False
consumer_permission;perm-eb389b39-6ead-46e2-8117-cae4a474325d;Couche IGN_Prod-1 + Couche IGN_Recette-4 + Couche IGN_Sandbox-12 + Couche IGN_Sandbox-2;;;WFS;2026-08-29;day;6;834;1;False
consumer_permission;perm-eb389b39-6ead-46e2-8117-cae4a474325d;Couche IGN_Prod-1 + Couche IGN_Recette-4 + Couche IGN_Sandbox-12 + Couche IGN_Sandbox-2;;;WFS;2026-08-30;day;9;2439;1;False
consumer_permission;perm-eb389b39-6ead-46e2-8117-cae4a474325d;Couche IGN_Prod-1 + Couche IGN_Recette-4 + Couche IGN_Sandbox-12 + Couche IGN_Sandbox-2;;;WFS;2026-08-31;day;3;453;1;False
consumer_permission;perm-eb389b39-6ead-46e2-8117-cae4a474325d;Couche IGN_Prod-1 + Couche IGN_Recette-4 + Couche IGN_Sandbox-12 + Couche IGN_Sandbox-2;;;WFS;2026-09-01;day;1;293;1;False
consumer_permission;perm-eb389b39-6ead-46e2-8117-cae4a474325d;Couche IGN_Prod-1 + Couche IGN_Recette-4 + Couche IGN_Sandbox-12 + Couche IGN_Sandbox-2;;;WFS;2026-09-02;day;2;394;1;False
consumer_permission;perm-eb389b39-6ead-46e2-8117-cae4a474325d;Couche IGN_Prod-1 + Couche IGN_Recette-4 + Couche IGN_Sandbox-12 + Couche IGN_Sandbox-2;;;WFS;2026-09-03;day;7;1554;1;False
consumer_permission;perm-eb389b39-6ead-46e2-8117-cae4a474325d;Couche IGN_Prod-1 + Couche IGN_Recette-4 + Couche IGN_Sandbox-12 + Couche IGN_Sandbox-2;;;WFS;2026-09-04;day;6;1128;1;False
consumer_permission;perm-eb389b39-6ead-46e2-8117-cae4a474325d;Couche IGN_Prod-1 + Couche IGN_Recette-4 + Couche IGN_Sandbox-12 + Couche IGN_Sandbox-2;;;WFS;2026-09-05;day;8;1168;1;False
consumer_permission;perm-eb389b39-6ead-46e2-8117-cae4a474325d;Couche IGN_Prod-1 + Couche IGN_Recette-4 + Couche IGN_Sandbox-12 + Couche IGN_Sandbox-2;;;WFS;2026-09-06;day;5;1235;1;False
consumer_permission;perm-eb389b39-6ead-46e2-8117-cae4a474325d;Couche IGN_Prod-1 + Couche IGN_Recette-4 + Couche IGN_Sandbox-12 + Couche IGN_Sandbox-2;;;WFS;2026-09-07;day;7;1491;1;False
consumer_permission;perm-eb389b39-6ead-46e2-8117-cae4a474325d;Couche IGN_Prod-1 + Couche IGN_Recette-4 + Couche IGN_Sandbox-12 + Couche IGN_Sandbox-2;;;WFS;2026-09-08;day;8;2440;1;False
consumer_permission;perm-eb389b39-6ead-46e2-8117-cae4a474325d;Couche IGN_Prod-1 + Couche IGN_Recette-4 + Couche IGN_Sandbox-12 + Couche IGN_Sandbox-2;;;WFS;2026-09-09;day;2;212;1;False
consumer_permission;perm-eb389b39-6ead-46e2-8117-cae4a474325d;Couche IGN_Prod-1 + Couche IGN_Recette-4 + Couche IGN_Sandbox-12 + Couche IGN_Sandbox-2;;;WFS;2026-09-10;day;4;720;1;False
consumer_permission;perm-eb389b39-6ead-46e2-8117-cae4a474325d;Couche IGN_Prod-1 + Couche IGN_Recette-4 + Couche IGN_Sandbox-12 + Couche IGN_Sandbox-2;;;WFS;2026-09-11;day;7;2625;1;False
consumer_permission;perm-eb389b39-6ead-46e2-8117-cae4a474325d;Couche IGN_Prod-1 + Couche IGN_Recette-4 + Couche IGN_Sandbox-12 + Couche IGN_Sandbox-2;;;WFS;2026-09-12;day;10;1470;1;False
consumer_permission;perm-eb389b39-6ead-46e2-8117-cae4a474325d;Couche IGN_Prod-1 + Couche IGN_Recette-4 + Couche IGN_Sandbox-12 + Couche IGN_Sandbox-2;;;WFS;2026-09-13;day;7;840;1;False
consumer_permission;perm-eb389b39-6ead-46e2-8117-cae4a474325d;Couche IGN_Prod-1 + Couche IGN_Recette-4 + Couche IGN_Sandbox-12 + Couche IGN_Sandbox-2;;;WFS;2026-09-14;day;1;392;1;False
consumer_permission;perm-eb389b39-6ead-46e2-8117-cae4a474325d;Couche IGN_Prod-1 + Couche IGN_Recette-4 + Couche IGN_Sandbox-12 + Couche IGN_Sandbox-2;;;WFS;2026-09-15;day;3;369;1;False
consumer_permission;perm-eb389b39-6ead-46e2-8117-cae4a474325d;Couche IGN_Prod-1 + Couche IGN_Recette-4 + Couche IGN_Sandbox-12 + Couche IGN_Sandbox-2;;;WFS;2026-09-16;day;2;472;1;False
consumer_permission;perm-eb389b39-6ead-46e2-8117-cae4a474325d;Couche IGN_Prod-1 + Couche IGN_Recette-4 + Couche IGN_Sandbox-12 + Couche IGN_Sandbox-2;;;WFS;2026-09-17;day;9;2646;1;False
consumer_permission;perm-eb389b39-6ead-46e2-8117-cae4a474325d;Couche IGN_Prod-1 + Couche IGN_Recette-4 + Couche IGN_Sandbox-12 + Couche IGN_Sandbox-2;;;WFS;2026-09-18;day;6;726;1;False
consumer_permission;perm-eb389b39-6ead-46e2-8117-cae4a474325d;Couche IGN_Prod-1 + Couche IGN_Recette-4 + Couche IGN_Sandbox-12 + Couche IGN_Sandbox-2;;;WFS;2026-09-19;day;8;2600;1;False
consumer_permission;perm-eb389b39-6ead-46e2-8117-cae4a474325d;Couche IGN_Prod-1 + Couche IGN_Recette-4 + Couche IGN_Sandbox-12 + Couche IGN_Sandbox-2;;;WFS;2026-09-20;day;8;2248;1;False
consumer_permission;perm-eb389b39-6ead-46e2-8117-cae4a474325d;Couche IGN_Prod-1 + Couche IGN_Recette-4 + Couche IGN_Sandbox-12 + Couche IGN_Sandbox-2;;;WFS;2026-09-21;day;1;225;1;False
datastore;ds-1a454e05-7963-4ca3-915d-e72ff26b12a2;IGN_Sandbox;IGN_Sandbox;ds-1a454e05-7963-4ca3-915d-e72ff26b12a2;;2026-08-23;day;35;7343;3;True
datastore;ds-1a454e05-7963-4ca3-915d-e72ff26b12a2;IGN_Sandbox;IGN_Sandbox;ds-1a454e05-7963-4ca3-915d-e72ff26b12a2;;2026-08-24;day;34;7297;3;True
datastore;ds-1a454e05-7963-4ca3-915d-e72ff26b12a2;IGN_Sandbox;IGN_Sandbox;ds-1a454e05-7963-4ca3-915d-e72ff26b12a2;;2026-08-25;day;35;9729;3;True
datastore;ds-1a454e05-7963-4ca3-915d-e72ff26b12a2;IGN_Sandbox;IGN_Sandbox;ds-1a454e05-7963-4ca3-915d-e72ff26b12a2;;2026-08-26;day;26;5899;3;True
datastore;ds-1a454e05-7963-4ca3-915d-e72ff26b12a2;IGN_Sandbox;IGN_Sandbox;ds-1a454e05-7963-4ca3-915d-e72ff26b12a2;;2026-08-27;day;27;4308;3;True
datastore;ds-1a454e05-7963-4ca3-915d-e72ff26b12a2;IGN_Sandbox;IGN_Sandbox;ds-1a454e05-7963-4ca3-915d-e72ff26b12a2;;2026-08-28;day;30;3183;3;True
datastore;ds-1a454e05-7963-4ca3-915d-e72ff26b12a2;IGN_Sandbox;IGN_Sandbox;ds-1a454e05-7963-4ca3-915d-e72ff26b12a2;;2026-08-29;day;41;11007;3;True
datastore;ds-1a454e05-7963-4ca3-915d-e72ff26b12a2;IGN_Sandbox;IGN_Sandbox;ds-1a454e05-7963-4ca3-915d-e72ff26b12a2;;2026-08-30;day;33;6168;3;True
datastore;ds-1a454e05-7963-4ca3-915d-e72ff26b12a2;IGN_Sandbox;IGN_Sandbox;ds-1a454e05-7963-4ca3-915d-e72ff26b12a2;;2026-08-31;day;32;5757;3;True
datastore;ds-1a454e05-7963-4ca3-915d-e72ff26b12a2;IGN_Sandbox;IGN_Sandbox;ds-1a454e05-7963-4ca3-915d-e72ff26b12a2;;2026-09-01;day;33;8379;3;True
datastore;ds-1a454e05-7963-4ca3-915d-e72ff26b12a2;IGN_Sandbox;IGN_Sandbox;ds-1a454e05-7963-4ca3-915d-e72ff26b12a2;;2026-09-02;day;50;11515;4;True
datastore;ds-1a454e05-7963-4ca3-915d-e72ff26b12a2;IGN_Sandbox;IGN_Sandbox;ds-1a454e05-7963-4ca3-915d-e72ff26b12a2;;2026-09-03;day;44;8718;4;True
datastore;ds-1a454e05-7963-4ca3-915d-e72ff26b12a2;IGN_Sandbox;IGN_Sandbox;ds-1a454e05-7963-4ca3-915d-e72ff26b12a2;;2026-09-04;day;36;6782;4;True
datastore;ds-1a454e05-7963-4ca3-915d-e72ff26b12a2;IGN_Sandbox;IGN_Sandbox;ds-1a454e05-7963-4ca3-915d-e72ff26b12a2;;2026-09-05;day;46;9787;4;True
datastore;ds-1a454e05-7963-4ca3-915d-e72ff26b12a2;IGN_Sandbox;IGN_Sandbox;ds-1a454e05-7963-4ca3-915d-e72ff26b12a2;;2026-09-06;day;50;9926;5;True
datastore;ds-1a454e05-7963-4ca3-915d-e72ff26b12a2;IGN_Sandbox;IGN_Sandbox;ds-1a454e05-7963-4ca3-915d-e72ff26b12a2;;2026-09-07;day;60;14896;6;True
datastore;ds-1a454e05-7963-4ca3-915d-e72ff26b12a2;IGN_Sandbox;IGN_Sandbox;ds-1a454e05-7963-4ca3-915d-e72ff26b12a2;;2026-09-08;day;73;17329;7;True
datastore;ds-1a454e05-7963-4ca3-915d-e72ff26b12a2;IGN_Sandbox;IGN_Sandbox;ds-1a454e05-7963-4ca3-915d-e72ff26b12a2;;2026-09-09;day;69;13475;7;True
datastore;ds-1a454e05-7963-4ca3-915d-e72ff26b12a2;IGN_Sandbox;IGN_Sandbox;ds-1a454e05-7963-4ca3-915d-e72ff26b12a2;;2026-09-10;day;64;13196;6;True
datastore;ds-1a454e05-7963-4ca3-915d-e72ff26b12a2;IGN_Sandbox;IGN_Sandbox;ds-1a454e05-7963-4ca3-915d-e72ff26b12a2;;2026-09-11;day;92;23440;9;True
datastore;ds-1a454e05-7963-4ca3-915d-e72ff26b12a2;IGN_Sandbox;IGN_Sandbox;ds-1a454e05-7963-4ca3-915d-e72ff26b12a2;;2026-09-12;day;89;22269;7;True
datastore;ds-1a454e05-7963-4ca3-915d-e72ff26b12a2;IGN_Sandbox;IGN_Sandbox;ds-1a454e05-7963-4ca3-915d-e72ff26b12a2;;2026-09-13;day;52;12859;6;True
datastore;ds-1a454e05-7963-4ca3-915d-e72ff26b12a2;IGN_Sandbox;IGN_Sandbox;ds-1a454e05-7963-4ca3-915d-e72ff26b12a2;;2026-09-14;day;77;15738;6;True
datastore;ds-1a454e05-7963-4ca3-915d-e72ff26b12a2;IGN_Sandbox;IGN_Sandbox;ds-1a454e05-7963-4ca3-915d-e72ff26b12a2;;2026-09-15;day;65;14215;5;True
datastore;ds-1a454e05-7963-4ca3-915d-e72ff26b12a2;IGN_Sandbox;IGN_Sandbox;ds-1a454e05-7963-4ca3-915d-e72ff26b12a2;;2026-09-16;day;48;14727;4;True
datastore;ds-1a454e05-7963-4ca3-915d-e72ff26b12a2;IGN_Sandbox;IGN_Sandbox;ds-1a454e05-7963-4ca3-915d-e72ff26b12a2;;2026-09-17;day;54;9166;4;True
datastore;ds-1a454e05-7963-4ca3-915d-e72ff26b12a2;IGN_Sandbox;IGN_Sandbox;ds-1a454e05-7963-4ca3-915d-e72ff26b12a2;;2026-09-18;day;45;12780;4;True
datastore;ds-1a454e05-7963-4ca3-915d-e72ff26b12a2;IGN_Sandbox;IGN_Sandbox;ds-1a454e05-7963-4ca3-915d-e72ff26b12a2;;2026-09-19;day;32;5884;3;True
datastore;ds-1a454e05-7963-4ca3-915d-e72ff26b12a2;IGN_Sandbox;IGN_Sandbox;ds-1a454e05-7963-4ca3-915d-e72ff26b12a2;;2026-09-20;day;31;4053;3;True
datastore;ds-1a454e05-7963-4ca3-915d-e72ff26b12a2;IGN_Sandbox;IGN_Sandbox;ds-1a454e05-7963-4ca3-915d-e72ff26b12a2;;2026-09-21;day;34;9176;3;True
datastore;ds-79361f7e-71dd-4b77-952f-4047eeade1b0;IGN_Recette;IGN_Recette;ds-79361f7e-71dd-4b77-952f-4047eeade1b0;;2026-08-23;day;10;2516;2;True
datastore;ds-79361f7e-71dd-4b77-952f-4047eeade1b0;IGN_Recette;IGN_Recette;ds-79361f7e-71dd-4b77-952f-4047eeade1b0;;2026-08-24;day;14;4496;2;True
datastore;ds-79361f7e-71dd-4b77-952f-4047eeade1b0;IGN_Recette;IGN_Recette;ds-79361f7e-71dd-4b77-952f-4047eeade1b0;;2026-08-25;day;7;1316;2;True
datastore;ds-79361f7e-71dd-4b77-952f-4047eeade1b0;IGN_Recette;IGN_Recette;ds-79361f7e-71dd-4b77-952f-4047eeade1b0;;2026-08-26;day;8;1624;1;True
datastore;ds-79361f7e-71dd-4b77-952f-4047eeade1b0;IGN_Recette;IGN_Recette;ds-79361f7e-71dd-4b77-952f-4047eeade1b0;;2026-08-27;day;11;2694;2;True
datastore;ds-79361f7e-71dd-4b77-952f-4047eeade1b0;IGN_Recette;IGN_Recette;ds-79361f7e-71dd-4b77-952f-4047eeade1b0;;2026-08-28;day;13;3795;2;True
datastore;ds-79361f7e-71dd-4b77-952f-4047eeade1b0;IGN_Recette;IGN_Recette;ds-79361f7e-71dd-4b77-952f-4047eeade1b0;;2026-08-29;day;9;2178;2;True
datastore;ds-79361f7e-71dd-4b77-952f-4047eeade1b0;IGN_Recette;IGN_Recette;ds-79361f7e-71dd-4b77-952f-4047eeade1b0;;2026-08-30;day;10;3808;2;True
datastore;ds-79361f7e-71dd-4b77-952f-4047eeade1b0;IGN_Recette;IGN_Recette;ds-79361f7e-71dd-4b77-952f-4047eeade1b0;;2026-08-31;day;16;5848;2;True
datastore;ds-79361f7e-71dd-4b77-952f-4047eeade1b0;IGN_Recette;IGN_Recette;ds-79361f7e-71dd-4b77-952f-4047eeade1b0;;2026-09-01;day;9;2744;2;True
datastore;ds-79361f7e-71dd-4b77-952f-4047eeade1b0;IGN_Recette;IGN_Recette;ds-79361f7e-71dd-4b77-952f-4047eeade1b0;;2026-09-02;day;13;4169;2;True
datastore;ds-79361f7e-71dd-4b77-952f-4047eeade1b0;IGN_Recette;IGN_Recette;ds-79361f7e-71dd-4b77-952f-4047eeade1b0;;2026-09-03;day;5;1000;2;True
datastore;ds-79361f7e-71dd-4b77-952f-4047eeade1b0;IGN_Recette;IGN_Recette;ds-79361f7e-71dd-4b77-952f-4047eeade1b0;;2026-09-04;day;24;5913;3;True
datastore;ds-79361f7e-71dd-4b77-952f-4047eeade1b0;IGN_Recette;IGN_Recette;ds-79361f7e-71dd-4b77-952f-4047eeade1b0;;2026-09-05;day;38;9735;5;True
datastore;ds-79361f7e-71dd-4b77-952f-4047eeade1b0;IGN_Recette;IGN_Recette;ds-79361f7e-71dd-4b77-952f-4047eeade1b0;;2026-09-06;day;38;9789;4;True
datastore;ds-79361f7e-71dd-4b77-952f-4047eeade1b0;IGN_Recette;IGN_Recette;ds-79361f7e-71dd-4b77-952f-4047eeade1b0;;2026-09-07;day;48;12278;5;True
datastore;ds-79361f7e-71dd-4b77-952f-4047eeade1b0;IGN_Recette;IGN_Recette;ds-79361f7e-71dd-4b77-952f-4047eeade1b0;;2026-09-08;day;36;8362;4;True
datastore;ds-79361f7e-71dd-4b77-952f-4047eeade1b0;IGN_Recette;IGN_Recette;ds-79361f7e-71dd-4b77-952f-4047eeade1b0;;2026-09-09;day;27;4269;3;True
datastore;ds-79361f7e-71dd-4b77-952f-4047eeade1b0;IGN_Recette;IGN_Recette;ds-79361f7e-71dd-4b77-952f-4047eeade1b0;;2026-09-10;day;20;5603;2;True
datastore;ds-79361f7e-71dd-4b77-952f-4047eeade1b0;IGN_Recette;IGN_Recette;ds-79361f7e-71dd-4b77-952f-4047eeade1b0;;2026-09-11;day;4;990;2;True
datastore;ds-79361f7e-71dd-4b77-952f-4047eeade1b0;IGN_Recette;IGN_Recette;ds-79361f7e-71dd-4b77-952f-4047eeade1b0;;2026-09-12;day;9;1749;2;True
datastore;ds-79361f7e-71dd-4b77-952f-4047eeade1b0;IGN_Recette;IGN_Recette;ds-79361f7e-71dd-4b77-952f-4047eeade1b0;;2026-09-13;day;11;1744;2;True
datastore;ds-79361f7e-71dd-4b77-952f-4047eeade1b0;IGN_Recette;IGN_Recette;ds-79361f7e-71dd-4b77-952f-4047eeade1b0;;2026-09-14;day;12;1485;2;True
datastore;ds-79361f7e-71dd-4b77-952f-4047eeade1b0;IGN_Recette;IGN_Recette;ds-79361f7e-71dd-4b77-952f-4047eeade1b0;;2026-09-15;day;12;2786;2;True
datastore;ds-79361f7e-71dd-4b77-952f-4047eeade1b0;IGN_Recette;IGN_Recette;ds-79361f7e-71dd-4b77-952f-4047eeade1b0;;2026-09-16;day;13;1216;2;True
datastore;ds-79361f7e-71dd-4b77-952f-4047eeade1b0;IGN_Recette;IGN_Recette;ds-79361f7e-71dd-4b77-952f-4047eeade1b0;;2026-09-17;day;10;2156;2;True
datastore;ds-79361f7e-71dd-4b77-952f-4047eeade1b0;IGN_Recette;IGN_Recette;ds-79361f7e-71dd-4b77-952f-4047eeade1b0;;2026-09-18;day;14;3298;2;True
datastore;ds-79361f7e-71dd-4b77-952f-4047eeade1b0;IGN_Recette;IGN_Recette;ds-79361f7e-71dd-4b77-952f-4047eeade1b0;;2026-09-19;day;8;1876;2;True
datastore;ds-79361f7e-71dd-4b77-952f-4047eeade1b0;IGN_Recette;IGN_Recette;ds-79361f7e-71dd-4b77-952f-4047eeade1b0;;2026-09-20;day;12;2564;2;True
datastore;ds-79361f7e-71dd-4b77-952f-4047eeade1b0;IGN_Recette;IGN_Recette;ds-79361f7e-71dd-4b77-952f-4047eeade1b0;;2026-09-21;day;12;2379;2;True
datastore;ds-e8e54917-41a5-412c-997d-8e754468d105;IGN_Prod;IGN_Prod;ds-e8e54917-41a5-412c-997d-8e754468d105;;2026-08-23;day;38;10834;4;True
datastore;ds-e8e54917-41a5-412c-997d-8e754468d105;IGN_Prod;IGN_Prod;ds-e8e54917-41a5-412c-997d-8e754468d105;;2026-08-24;day;41;7303;4;True
datastore;ds-e8e54917-41a5-412c-997d-8e754468d105;IGN_Prod;IGN_Prod;ds-e8e54917-41a5-412c-997d-8e754468d105;;2026-08-25;day;49;11916;4;True
datastore;ds-e8e54917-41a5-412c-997d-8e754468d105;IGN_Prod;IGN_Prod;ds-e8e54917-41a5-412c-997d-8e754468d105;;2026-08-26;day;41;8392;4;True
datastore;ds-e8e54917-41a5-412c-997d-8e754468d105;IGN_Prod;IGN_Prod;ds-e8e54917-41a5-412c-997d-8e754468d105;;2026-08-27;day;47;9615;4;True
datastore;ds-e8e54917-41a5-412c-997d-8e754468d105;IGN_Prod;IGN_Prod;ds-e8e54917-41a5-412c-997d-8e754468d105;;2026-08-28;day;47;10694;4;True
datastore;ds-e8e54917-41a5-412c-997d-8e754468d105;IGN_Prod;IGN_Prod;ds-e8e54917-41a5-412c-997d-8e754468d105;;2026-08-29;day;49;8633;4;True
datastore;ds-e8e54917-41a5-412c-997d-8e754468d105;IGN_Prod;IGN_Prod;ds-e8e54917-41a5-412c-997d-8e754468d105;;2026-08-30;day;33;4698;4;True
datastore;ds-e8e54917-41a5-412c-997d-8e754468d105;IGN_Prod;IGN_Prod;ds-e8e54917-41a5-412c-997d-8e754468d105;;2026-08-31;day;44;13779;4;True
datastore;ds-e8e54917-41a5-412c-997d-8e754468d105;IGN_Prod;IGN_Prod;ds-e8e54917-41a5-412c-997d-8e754468d105;;2026-09-01;day;47;12753;4;True
datastore;ds-e8e54917-41a5-412c-997d-8e754468d105;IGN_Prod;IGN_Prod;ds-e8e54917-41a5-412c-997d-8e754468d105;;2026-09-02;day;47;9587;5;True
datastore;ds-e8e54917-41a5-412c-997d-8e754468d105;IGN_Prod;IGN_Prod;ds-e8e54917-41a5-412c-997d-8e754468d105;;2026-09-03;day;52;8942;5;True
datastore;ds-e8e54917-41a5-412c-997d-8e754468d105;IGN_Prod;IGN_Prod;ds-e8e54917-41a5-412c-997d-8e754468d105;;2026-09-04;day;67;15772;7;True
datastore;ds-e8e54917-41a5-412c-997d-8e754468d105;IGN_Prod;IGN_Prod;ds-e8e54917-41a5-412c-997d-8e754468d105;;2026-09-05;day;125;32159;9;True
datastore;ds-e8e54917-41a5-412c-997d-8e754468d105;IGN_Prod;IGN_Prod;ds-e8e54917-41a5-412c-997d-8e754468d105;;2026-09-06;day;126;32701;10;True
datastore;ds-e8e54917-41a5-412c-997d-8e754468d105;IGN_Prod;IGN_Prod;ds-e8e54917-41a5-412c-997d-8e754468d105;;2026-09-07;day;114;28588;10;True
datastore;ds-e8e54917-41a5-412c-997d-8e754468d105;IGN_Prod;IGN_Prod;ds-e8e54917-41a5-412c-997d-8e754468d105;;2026-09-08;day;113;24674;10;True
datastore;ds-e8e54917-41a5-412c-997d-8e754468d105;IGN_Prod;IGN_Prod;ds-e8e54917-41a5-412c-997d-8e754468d105;;2026-09-09;day;113;22787;10;True
datastore;ds-e8e54917-41a5-412c-997d-8e754468d105;IGN_Prod;IGN_Prod;ds-e8e54917-41a5-412c-997d-8e754468d105;;2026-09-10;day;111;23479;9;True
datastore;ds-e8e54917-41a5-412c-997d-8e754468d105;IGN_Prod;IGN_Prod;ds-e8e54917-41a5-412c-997d-8e754468d105;;2026-09-11;day;90;16794;7;True
datastore;ds-e8e54917-41a5-412c-997d-8e754468d105;IGN_Prod;IGN_Prod;ds-e8e54917-41a5-412c-997d-8e754468d105;;2026-09-12;day;76;19437;7;True
datastore;ds-e8e54917-41a5-412c-997d-8e754468d105;IGN_Prod;IGN_Prod;ds-e8e54917-41a5-412c-997d-8e754468d105;;2026-09-13;day;61;17445;5;True
datastore;ds-e8e54917-41a5-412c-997d-8e754468d105;IGN_Prod;IGN_Prod;ds-e8e54917-41a5-412c-997d-8e754468d105;;2026-09-14;day;57;17229;5;True
datastore;ds-e8e54917-41a5-412c-997d-8e754468d105;IGN_Prod;IGN_Prod;ds-e8e54917-41a5-412c-997d-8e754468d105;;2026-09-15;day;40;10477;4;True
datastore;ds-e8e54917-41a5-412c-997d-8e754468d105;IGN_Prod;IGN_Prod;ds-e8e54917-41a5-412c-997d-8e754468d105;;2026-09-16;day;40;11264;4;True
datastore;ds-e8e54917-41a5-412c-997d-8e754468d105;IGN_Prod;IGN_Prod;ds-e8e54917-41a5-412c-997d-8e754468d105;;2026-09-17;day;46;8504;4;True
datastore;ds-e8e54917-41a5-412c-997d-8e754468d105;IGN_Prod;IGN_Prod;ds-e8e54917-41a5-412c-997d-8e754468d105;;2026-09-18;day;50;14505;4;True
datastore;ds-e8e54917-41a5-412c-997d-8e754468d105;IGN_Prod;IGN_Prod;ds-e8e54917-41a5-412c-997d-8e754468d105;;2026-09-19;day;58;18318;4;True
datastore;ds-e8e54917-41a5-412c-997d-8e754468d105;IGN_Prod;IGN_Prod;ds-e8e54917-41a5-412c-997d-8e754468d105;;2026-09-20;day;45;11614;4;True
datastore;ds-e8e54917-41a5-412c-997d-8e754468d105;IGN_Prod;IGN_Prod;ds-e8e54917-41a5-412c-997d-8e754468d105;;2026-09-21;day;39;10342;4;True
service_type;WFS;WFS;;;WFS;2026-08-23;day;17;2431;1;True
service_type;WFS;WFS;;;WFS;2026-08-24;day;15;1905;1;True
service_type;WFS;WFS;;;WFS;2026-08-25;day;9;1359;1;True
service_type;WFS;WFS;;;WFS;2026-08-26;day;9;2223;1;True
service_type;WFS;WFS;;;WFS;2026-08-27;day;9;1836;1;True
service_type;WFS;WFS;;;WFS;2026-08-28;day;16;1328;1;True
service_type;WFS;WFS;;;WFS;2026-08-29;day;18;5436;1;True
service_type;WFS;WFS;;;WFS;2026-08-30;day;14;3024;1;True
service_type;WFS;WFS;;;WFS;2026-08-31;day;13;1235;1;True
service_type;WFS;WFS;;;WFS;2026-09-01;day;15;2955;1;True
service_type;WFS;WFS;;;WFS;2026-09-02;day;18;6570;1;True
service_type;WFS;WFS;;;WFS;2026-09-03;day;11;3069;1;True
service_type;WFS;WFS;;;WFS;2026-09-04;day;21;4965;2;True
service_type;WFS;WFS;;;WFS;2026-09-05;day;34;4578;2;True
service_type;WFS;WFS;;;WFS;2026-09-06;day;27;7361;2;True
service_type;WFS;WFS;;;WFS;2026-09-07;day;24;4662;2;True
service_type;WFS;WFS;;;WFS;2026-09-08;day;31;5114;3;True
service_type;WFS;WFS;;;WFS;2026-09-09;day;34;6124;3;True
service_type;WFS;WFS;;;WFS;2026-09-10;day;26;4430;2;True
service_type;WFS;WFS;;;WFS;2026-09-11;day;22;6743;3;True
service_type;WFS;WFS;;;WFS;2026-09-12;day;14;4438;1;True
service_type;WFS;WFS;;;WFS;2026-09-13;day;9;2718;1;True
service_type;WFS;WFS;;;WFS;2026-09-14;day;12;3936;1;True
service_type;WFS;WFS;;;WFS;2026-09-15;day;18;2124;1;True
service_type;WFS;WFS;;;WFS;2026-09-16;day;14;4634;1;True
service_type;WFS;WFS;;;WFS;2026-09-17;day;18;3960;1;True
service_type;WFS;WFS;;;WFS;2026-09-18;day;14;4522;1;True
service_type;WFS;WFS;;;WFS;2026-09-19;day;13;1534;1;True
service_type;WFS;WFS;;;WFS;2026-09-20;day;15;1335;1;True
service_type;WFS;WFS;;;WFS;2026-09-21;day;10;1430;1;True
service_type;WMS-RASTER;WMS-RASTER;;;WMS-RASTER;2026-08-23;day;20;4050;2;True
service_type;WMS-RASTER;WMS-RASTER;;;WMS-RASTER;2026-08-24;day;22;4014;2;True
service_type;WMS-RASTER;WMS-RASTER;;;WMS-RASTER;2026-08-25;day;19;5866;2;True
service_type;WMS-RASTER;WMS-RASTER;;;WMS-RASTER;2026-08-26;day;20;4180;2;True
service_type;WMS-RASTER;WMS-RASTER;;;WMS-RASTER;2026-08-27;day;24;5632;2;True
service_type;WMS-RASTER;WMS-RASTER;;;WMS-RASTER;2026-08-28;day;19;3697;2;True
service_type;WMS-RASTER;WMS-RASTER;;;WMS-RASTER;2026-08-29;day;18;3079;2;True
service_type;WMS-RASTER;WMS-RASTER;;;WMS-RASTER;2026-08-30;day;23;5792;2;True
service_type;WMS-RASTER;WMS-RASTER;;;WMS-RASTER;2026-08-31;day;20;5920;2;True
service_type;WMS-RASTER;WMS-RASTER;;;WMS-RASTER;2026-09-01;day;21;5097;2;True
service_type;WMS-RASTER;WMS-RASTER;;;WMS-RASTER;2026-09-02;day;35;5570;3;True
service_type;WMS-RASTER;WMS-RASTER;;;WMS-RASTER;2026-09-03;day;34;4162;3;True
service_type;WMS-RASTER;WMS-RASTER;;;WMS-RASTER;2026-09-04;day;43;10708;4;True
service_type;WMS-RASTER;WMS-RASTER;;;WMS-RASTER;2026-09-05;day;55;14924;5;True
service_type;WMS-RASTER;WMS-RASTER;;;WMS-RASTER;2026-09-06;day;63;15981;6;True
service_type;WMS-RASTER;WMS-RASTER;;;WMS-RASTER;2026-09-07;day;63;18449;6;True
service_type;WMS-RASTER;WMS-RASTER;;;WMS-RASTER;2026-09-08;day;56;11898;6;True
service_type;WMS-RASTER;WMS-RASTER;;;WMS-RASTER;2026-09-09;day;51;8185;5;True
service_type;WMS-RASTER;WMS-RASTER;;;WMS-RASTER;2026-09-10;day;44;11225;5;True
service_type;WMS-RASTER;WMS-RASTER;;;WMS-RASTER;2026-09-11;day;36;12490;4;True
service_type;WMS-RASTER;WMS-RASTER;;;WMS-RASTER;2026-09-12;day;36;9036;4;True
service_type;WMS-RASTER;WMS-RASTER;;;WMS-RASTER;2026-09-13;day;27;9616;3;True
service_type;WMS-RASTER;WMS-RASTER;;;WMS-RASTER;2026-09-14;day;30;10303;3;True
service_type;WMS-RASTER;WMS-RASTER;;;WMS-RASTER;2026-09-15;day;20;5811;2;True
service_type;WMS-RASTER;WMS-RASTER;;;WMS-RASTER;2026-09-16;day;16;1468;2;True
service_type;WMS-RASTER;WMS-RASTER;;;WMS-RASTER;2026-09-17;day;23;5344;2;True
service_type;WMS-RASTER;WMS-RASTER;;;WMS-RASTER;2026-09-18;day;24;5898;2;True
service_type;WMS-RASTER;WMS-RASTER;;;WMS-RASTER;2026-09-19;day;22;5750;2;True
service_type;WMS-RASTER;WMS-RASTER;;;WMS-RASTER;2026-09-20;day;22;5430;2;True
service_type;WMS-RASTER;WMS-RASTER;;;WMS-RASTER;2026-09-21;day;21;6171;2;True
service_type;WMS-VECTOR;WMS-VECTOR;;;WMS-VECTOR;2026-08-23;day;18;5750;3;True
service_type;WMS-VECTOR;WMS-VECTOR;;;WMS-VECTOR;2026-08-24;day;25;6145;3;True
service_type;WMS-VECTOR;WMS-VECTOR;;;WMS-VECTOR;2026-08-25;day;29;4334;3;True
service_type;WMS-VECTOR;WMS-VECTOR;;;WMS-VECTOR;2026-08-26;day;13;4108;2;True
service_type;WMS-VECTOR;WMS-VECTOR;;;WMS-VECTOR;2026-08-27;day;22;3269;3;True
service_type;WMS-VECTOR;WMS-VECTOR;;;WMS-VECTOR;2026-08-28;day;25;4760;3;True
service_type;WMS-VECTOR;WMS-VECTOR;;;WMS-VECTOR;2026-08-29;day;26;6276;3;True
service_type;WMS-VECTOR;WMS-VECTOR;;;WMS-VECTOR;2026-08-30;day;12;1562;3;True
service_type;WMS-VECTOR;WMS-VECTOR;;;WMS-VECTOR;2026-08-31;day;27;8702;3;True
service_type;WMS-VECTOR;WMS-VECTOR;;;WMS-VECTOR;2026-09-01;day;23;6164;3;True
service_type;WMS-VECTOR;WMS-VECTOR;;;WMS-VECTOR;2026-09-02;day;25;6071;3;True
service_type;WMS-VECTOR;WMS-VECTOR;;;WMS-VECTOR;2026-09-03;day;21;3236;3;True
service_type;WMS-VECTOR;WMS-VECTOR;;;WMS-VECTOR;2026-09-04;day;20;3799;3;True
service_type;WMS-VECTOR;WMS-VECTOR;;;WMS-VECTOR;2026-09-05;day;64;18366;5;True
service_type;WMS-VECTOR;WMS-VECTOR;;;WMS-VECTOR;2026-09-06;day;69;20219;5;True
service_type;WMS-VECTOR;WMS-VECTOR;;;WMS-VECTOR;2026-09-07;day;77;19075;7;True
service_type;WMS-VECTOR;WMS-VECTOR;;;WMS-VECTOR;2026-09-08;day;83;18563;7;True
service_type;WMS-VECTOR;WMS-VECTOR;;;WMS-VECTOR;2026-09-09;day;68;15062;6;True
service_type;WMS-VECTOR;WMS-VECTOR;;;WMS-VECTOR;2026-09-10;day;72;13773;5;True
service_type;WMS-VECTOR;WMS-VECTOR;;;WMS-VECTOR;2026-09-11;day;59;12792;6;True
service_type;WMS-VECTOR;WMS-VECTOR;;;WMS-VECTOR;2026-09-12;day;67;17563;6;True
service_type;WMS-VECTOR;WMS-VECTOR;;;WMS-VECTOR;2026-09-13;day;38;9620;4;True
service_type;WMS-VECTOR;WMS-VECTOR;;;WMS-VECTOR;2026-09-14;day;46;10121;4;True
service_type;WMS-VECTOR;WMS-VECTOR;;;WMS-VECTOR;2026-09-15;day;41;10089;4;True
service_type;WMS-VECTOR;WMS-VECTOR;;;WMS-VECTOR;2026-09-16;day;44;13262;4;True
service_type;WMS-VECTOR;WMS-VECTOR;;;WMS-VECTOR;2026-09-17;day;42;4878;4;True
service_type;WMS-VECTOR;WMS-VECTOR;;;WMS-VECTOR;2026-09-18;day;38;11745;4;True
service_type;WMS-VECTOR;WMS-VECTOR;;;WMS-VECTOR;2026-09-19;day;31;9257;3;True
service_type;WMS-VECTOR;WMS-VECTOR;;;WMS-VECTOR;2026-09-20;day;25;6098;3;True
service_type;WMS-VECTOR;WMS-VECTOR;;;WMS-VECTOR;2026-09-21;day;21;4318;3;True
service_type;WMTS-TMS;WMTS-TMS;;;WMTS-TMS;2026-08-23;day;28;8462;3;True
service_type;WMTS-TMS;WMTS-TMS;;;WMTS-TMS;2026-08-24;day;27;7032;3;True
service_type;WMTS-TMS;WMTS-TMS;;;WMTS-TMS;2026-08-25;day;34;11402;3;True
service_type;WMTS-TMS;WMTS-TMS;;;WMTS-TMS;2026-08-26;day;33;5404;3;True
service_type;WMTS-TMS;WMTS-TMS;;;WMTS-TMS;2026-08-27;day;30;5880;3;True
service_type;WMTS-TMS;WMTS-TMS;;;WMTS-TMS;2026-08-28;day;30;7887;3;True
service_type;WMTS-TMS;WMTS-TMS;;;WMTS-TMS;2026-08-29;day;37;7027;3;True
service_type;WMTS-TMS;WMTS-TMS;;;WMTS-TMS;2026-08-30;day;27;4296;3;True
service_type;WMTS-TMS;WMTS-TMS;;;WMTS-TMS;2026-08-31;day;32;9527;3;True
service_type;WMTS-TMS;WMTS-TMS;;;WMTS-TMS;2026-09-01;day;30;9660;3;True
service_type;WMTS-TMS;WMTS-TMS;;;WMTS-TMS;2026-09-02;day;32;7060;4;True
service_type;WMTS-TMS;WMTS-TMS;;;WMTS-TMS;2026-09-03;day;35;8193;4;True
service_type;WMTS-TMS;WMTS-TMS;;;WMTS-TMS;2026-09-04;day;43;8995;5;True
service_type;WMTS-TMS;WMTS-TMS;;;WMTS-TMS;2026-09-05;day;56;13813;6;True
service_type;WMTS-TMS;WMTS-TMS;;;WMTS-TMS;2026-09-06;day;55;8855;6;True
service_type;WMTS-TMS;WMTS-TMS;;;WMTS-TMS;2026-09-07;day;58;13576;6;True
service_type;WMTS-TMS;WMTS-TMS;;;WMTS-TMS;2026-09-08;day;52;14790;5;True
service_type;WMTS-TMS;WMTS-TMS;;;WMTS-TMS;2026-09-09;day;56;11160;6;True
service_type;WMTS-TMS;WMTS-TMS;;;WMTS-TMS;2026-09-10;day;53;12850;5;True
service_type;WMTS-TMS;WMTS-TMS;;;WMTS-TMS;2026-09-11;day;69;9199;5;True
service_type;WMTS-TMS;WMTS-TMS;;;WMTS-TMS;2026-09-12;day;57;12418;5;True
service_type;WMTS-TMS;WMTS-TMS;;;WMTS-TMS;2026-09-13;day;50;10094;5;True
service_type;WMTS-TMS;WMTS-TMS;;;WMTS-TMS;2026-09-14;day;58;10092;5;True
service_type;WMTS-TMS;WMTS-TMS;;;WMTS-TMS;2026-09-15;day;38;9454;4;True
service_type;WMTS-TMS;WMTS-TMS;;;WMTS-TMS;2026-09-16;day;27;7843;3;True
service_type;WMTS-TMS;WMTS-TMS;;;WMTS-TMS;2026-09-17;day;27;5644;3;True
service_type;WMTS-TMS;WMTS-TMS;;;WMTS-TMS;2026-09-18;day;33;8418;3;True
service_type;WMTS-TMS;WMTS-TMS;;;WMTS-TMS;2026-09-19;day;32;9537;3;True
service_type;WMTS-TMS;WMTS-TMS;;;WMTS-TMS;2026-09-20;day;26;5368;3;True
service_type;WMTS-TMS;WMTS-TMS;;;WMTS-TMS;2026-09-21;day;33;9978;3;True
